row_id,Summary
7379,"This is a grey Puma Unisex backpack with 2 compartments and padded straps, priced at INR 3849."
7380,"AURELIA Women Pink Leggings, priced at INR 499."
7381,"WROGN Men Burgundy Biker Jacket with 3 pockets, priced at INR 1839."
7382,"WROGN Men Blue & Black Colourblocked Pullover Sweater, priced at INR 1999."
7383,"WROGN Men Black & Olive Green Printed Star Wars T-shirt, priced at INR 699."
7384,"AURELIA Women Pink & Golden Printed Straight Kurta, priced at INR 599."
7385,"AURELIA Women Blue & Pink Printed Straight Winter Kurta, priced at INR 749."
7386,"AURELIA Women Coffee Brown & Golden Self-Striped Straight Palazzos, priced at INR 399."
7387,"This is a black Puma Unisex backpack with 1 compartment and buckle closure, priced at INR 1199."
7388,"WROGN Men Rust Orange & Navy Blue Slim Fit Checked Casual Shirt, priced at INR 1439."
7389,"justpeachy Rose Gold-Toned Classic Drop Earrings, priced at INR 419."
7390,"Lavie Women Mustard Yellow Textured Shoulder Bag with multiple pockets, priced at INR 4559."
7391,"AURELIA Women Navy Blue Solid Straight Kurta, priced at INR 549."
7392,"AURELIA Women Purple Woven Design Layered Straight Winter Kurta, priced at INR 879."
7393,"YWC Men Blue Regular Fit Solid Casual Shirt, priced at INR 899."
7394,"Lavie Women Pink Solid Zip Around Wallet, priced at INR 1084."
7395,"WROGN Men Black Skinny Fit Mid-Rise Clean Look Stretchable Jeans, priced at INR 1689."
7396,"Puma Unisex Yellow & Peach-Coloured Dyed Round Neck Manchester City FC T-shirt, priced at INR 1749."
7397,"HERE&NOW Women Black Solid Puffer Jacket, priced at INR 1499."
7398,"justpeachy Gold-Toned & Beige Contemporary Drop Earrings, priced at INR 454."
7399,"YWC Men Green & Grey Printed Single-Breasted Casual Blazer, priced at INR 1999."
7400,"Lavie Coral Orange Solid Handheld Bag with multiple pockets, priced at INR 4115."
7401,"WROGN Men Navy Blue Solid Slim Fit Hooded Sweatshirt with two pockets, priced at INR 1999."
7402,"Aerosoles Women Grey Snakeskin Print Leather Flat Shoes, priced at INR 2796."
7403,"YWC Men Grey Regular Fit Solid Casual Shirt, priced at INR 849."
7404,"Puma Black Solid Handheld Bag with multiple pockets, priced at INR 3599."
7405,"justpeachy Gold-Toned & Orange Dome Shaped Drop Earrings, priced at INR 454."
7406,"justpeachy Rose Gold Quirky Drop Earrings, priced at INR 384."
7407,"HERE&NOW Women Olive Green Solid Lightweight Puffer Jacket with 2 pockets, priced at INR 1349."
7408,"WROGN Men Coffee Brown Solid Slim Fit Lightweight Tailored Jacket with 3 pockets, priced at INR 2879."
7409,"AURELIA Women Orange Solid Churidar Length Leggings, priced at INR 499."
7410,"Aurelia Women Navy Blue Solid Cropped Jeggings, priced at INR 539."
7411,"Lavie Brown Solid Shoulder Bag with multiple compartments, priced at INR 5375."
7412,"WROGN Men Charcoal Grey Slim Fit Mid-Rise Clean Look Stretchable Jeans, priced at INR 1559."
7413,"AURELIA Women Beige & Green Embroidered Kurta with Churidar & Dupatta, priced at INR 1319."
7414,"This is a black Puma Unisex backpack with 1 compartment and drawstring closure, priced at INR 779."
7415,"HERE&NOW Women White Printed Lightweight Puffer Jacket with 2 pockets, priced at INR 999."
7416,"Lavie Orange Solid Handheld Bag with multiple pockets, priced at INR 3879."
7417,"Garmin Unisex Blue Forerunner 945 Smartwatch 010-02063-71, priced at INR 63090."
7418,"Skechers Unisex Grey Aviator Sunglasses SE6027 57 81G, priced at INR 2250."
7419,"WROGN Men Black Slim Fit Self Design Bomber Jacket with 3 pockets, priced at INR 4999."
7420,"AURELIA Women Red & Golden Woven Design Layered Kurta with Palazzos & Dupatta, priced at INR 1599."
7421,"Lavie Orange Textured Shoulder Bag with multiple pockets, priced at INR 2384."
7422,"WROGN Men Camel Brown Solid Slim Fit Biker Jacket with 2 pockets, priced at INR 1719."
7423,"HERE&NOW Women Black Solid Jacket with a detachable hood and 2 pockets, priced at INR 1249."
7424,"This is a Pink Puma Unisex backpack with 1 compartment and padded straps, priced at INR 2144."
7425,"t-base Boys Blue Solid Lightweight Puffer Jacket with 2 pockets, priced at INR 999."
7426,"AURELIA Women Charcoal Grey Self Design Shimmered Waterfall Shrug, priced at INR 599."
7427,"Alina decor Peach-Coloured & Silver-Toned Set of 2 Abstract Rectangle Cushion Covers, priced at INR 479."
7428,"Lavie Women Brown & Copper-Toned Colourblocked Zip Around Wallet, priced at INR 909."
7429,"Street Style Store Women Beige & Gold-Toned Woven Design One Toe Flats, priced at INR 599."
7430,"AURELIA Women Pink Yoke Design A-Line Kurta, priced at INR 759."
7431,"AURELIA Women White & Peach-Coloured Printed Kurta with Palazzos & Dupatta, priced at INR 2999."
7432,"WROGN Men White Slim Fit Mid-Rise Clean Look Stretchable Jeans, priced at INR 1539."
7433,"WROGN Men Black Slim Fit Printed Round Neck T-shirt, priced at INR 1299."
7434,"Lavie Women Taupe Solid Shoulder Bag with multiple compartments, priced at INR 4559."
7435,"AURELIA Women Pink Liva Printed Wide Leg Palazzos, priced at INR 479."
7436,"Studio Voylla Women Silver-Plated Handcrafted Necklace, priced at INR 679."
7437,"Skechers Unisex Grey Aviator Sunglasses SE6027 57 81G, priced at INR 2250."
7438,"Lavie Women Navy Blue Solid Three Fold Wallet, priced at INR 839."
7439,"WROGN Men Black Solid Bomber Jacket with 3 pockets, priced at INR 1439."
7440,"Alina decor Set of 2 Textured Rectangle Cushion Covers, priced at INR 703."
7441,"HERE&NOW Women Pink Solid Biker Jacket with 2 pockets, priced at INR 1259."
7442,"HERE&NOW Women Black Solid Biker Jacket with 2 pockets, priced at INR 4199."
7443,"KLEIO Women Pink Solid Backpack with magnetic button, priced at INR 979."
7444,"YWC Men Olive Green & Black Colourblocked Hooded Sweatshirt, priced at INR 899."
7445,"This is a Navy Blue Puma Unisex backpack with 2 compartments and padded straps, priced at INR 1149."
7446,"YWC Men White Regular Fit Solid Casual Shirt, priced at INR 949."
7447,"WROGN Men Black Regular Fit Solid Chinos, priced at INR 1429."
7448,"Duke Men Blue Slim Fit Mid-Rise Clean Look Jeans, priced at INR 1124."
7449,"URBANE Women Black Woven Design Peep Toes, priced at INR 1979."
7450,"justpeachy Oxidised Silver-Toned & Black Dome Shaped Jhumkas, priced at INR 419."
7451,"Lavie Purple Solid Sling Bag with a button closure, priced at INR 3199."
7452,"Aujjessa Women Beige & Maroon Floral Printed Straight Kurta, priced at INR 1299."
7453,"AURELIA Women Burgundy Self Design Cardigan, priced at INR 879."
7454,"WROGN Men Maroon Solid Bomber Jacket with 4 pockets, priced at INR 1899."
7455,"WROGN Men Black Solid Slim Fit Round Neck T-shirt, priced at INR 1299."
7456,"justpeachy Pink & Gold-Toned Teardrop Shaped Drop Earrings, priced at INR 447."
7457,"AURELIA Women Black Solid Cropped Trousers, priced at INR 759."
7458,"AURELIA Women Navy Blue Solid Flared Palazzos, priced at INR 1299."
7459,"WROGN Men Navy Blue & Grey Slim Fit Checked Casual Shirt, priced at INR 1379."
7460,"Street Style Store Women Black & Sea Green Embellished One Toe Flats, priced at INR 599."
7461,"Alina decor Peach-Coloured & Silver-Toned Set of 2 Ethnic Motifs Rectangle Cushion Covers, priced at INR 571."
7461,"A unisex set of 2 peach-coloured and silver-toned rectangle cushion covers from Alina decor, featuring ethnic motifs and zip closure."
7462,"A black solid slim fit sweatshirt for men from WROGN, featuring long sleeves and a turtle neck."
7463,A unisex set of 5 abstract square cushion covers from Alina decor with zip closures.
7464,"A red solid two-fold wallet for women from Lavie, featuring a button closure, multiple compartments, and card holders."
7465,"Unisex green wayfarer sunglasses from GIO COLLECTION with UV protected lenses and polycarbonate frames, suitable for oval face shapes."
7466,"A black unisex Forerunner 945 smartwatch from Garmin with music storage, performance monitoring, Garmin Pay, full-color maps, safety features, and long battery life."
7467,"A red solid handheld bag from Lavie for women, featuring a zip closure, multiple pockets, and detachable sling strap."
7468,"A black solid overcoat for women from AURELIA, featuring a spread collar, button closure, long sleeves, and fleece lining."
7469,"A brown and navy blue slim fit checked casual shirt for men from WROGN, featuring a spread collar and a patch pocket."
7470,"An off-white & blue striped straight kurta for women from AURELIA, featuring a mandarin collar and three-quarter sleeves."
7471,"A green solid backpack for unisex from Puma, featuring a zip closure, padded back and shoulder straps, and water resistance."
7472,"Black slim fit mid-rise clean look stretchable jeans for men from WROGN, featuring a button and zip closure."
7473,A maroon and golden printed straight kurta for women from AURELIA with sequinned detail and a round neck.
7474,"A blue & black colourblocked backpack for unisex from Puma, featuring a zip closure, padded back and shoulder straps, and water resistance."
7475,"A mustard yellow yoke design straight winter kurta for women from AURELIA, featuring a round neck and long sleeves."
7476,"Black skinny fit mid-rise clean look stretchable jeans for men from WROGN, featuring a button and zip closure."
7477,A burgundy solid slim fit round neck T-shirt for men from WROGN with short sleeves.
7478,"A pink solid three-fold wallet for women from Lavie, featuring a button closure, multiple compartments and card holders."
7479,A white and black printed slim fit Henley neck T-shirt for men from WROGN with long sleeves.
7480,"A silver-toned & black Taurus sign necklace for men from UNKNOWN by Ayesha, featuring metal with artificial beads and a slip-on closure."
7481,"Blue skinny fit mid-rise clean look stretchable jeans for men from WROGN, featuring a button and zip closure."
7482,"Blue slim fit mid-rise clean look stretchable jeans for men from WROGN, featuring a button and zip closure."
7483,"A black solid jacket for women from HERE&NOW, featuring a lapel collar, zip closure, and long sleeves."
7484,"Unisex wayfarer sunglasses from GIO COLLECTION with red lenses, UV protection and polycarbonate frames, suitable for oval face shapes."
7485,A blue & silver printed straight kurta for women from AURELIA with sequinned and gathered detail and a mandarin collar.
7486,"A gold-toned solid backpack for women from KLEIO, featuring a magnetic button closure and non-padded straps."
7487,Silver-Toned Leaf Shaped Drop Earrings Secured with a fish hook earwire from justpeachy for women.
7488,"A teal blue & silver printed kurta with churidar & dupatta set for women from AURELIA, featuring an Anarkali kurta with a mandarin collar and flared hem."
7489,"A burgundy solid puffer jacket for women from HERE&NOW, featuring a hooded and zip closure."
7490,A grey & black striped hooded sweatshirt for men from HERE&NOW with long sleeves.
7491,"A navy blue & yellow striped pullover sweater for men from WROGN, featuring a round neck and long sleeves."
7492,"An orange & off-white printed straight kurta for women from AURELIA, featuring a mandarin collar and three-quarter sleeves."
7493,"A black solid bomber jacket for men from WROGN, featuring a hooded and zip closure."
7494,"A navy blue solid straight kurta for boys from BownBee, featuring a mandarin collar and short sleeves."
7495,"An olive green & beige solid reversible puffer jacket for women from HERE&NOW, featuring a hooded and zip closure."
7496,"A nude lace full-coverage Everyday bra from Soie for women, featuring Non Padded and Non-Wired seamless lace cups."
7497,"An off-white & yellow self-design kurta with palazzos set for women from AURELIA, featuring a sleeveless kurta and solid palazzos with a self-design layer."
7498,A magenta & golden printed maxi flared skirt for women from AURELIA with an elasticated waistband.
7499,An olive green solid hooded slim fit T-shirt for men from WROGN with short sleeves.
7500,"A burgundy & golden printed kurta with palazzos set for women from AURELIA, featuring a straight kurta and printed longline layer with embellished detail."
7501,"Blue light wash 5-pocket mid-rise jeans for men from WROGN, featuring a button and zip closure."
7502,"A red and navy blue colourblocked jacket for boys from t-base, featuring a hooded and zip closure."
7503,"Olive Green solid mid-rise cargo shorts for men from WROGN, featuring 6 pockets and a button closure."
7504,"A black solid knitted winter straight kurta for women from AURELIA, featuring a mandarin collar and long sleeves."
7505,A teal set of 2 self design rectangle cushion covers from Alina decor with zip closure.
7506,A black & silver-toned set of 2 ethnic motifs rectangle cushion covers from Alina decor with zip closure.
7507,"Brown solid mid-rise chinos for men from Jack & Jones, featuring a button closure and 5 pockets."
7508,"A navy blue solid denim jacket for women from Style Quotient, featuring a spread collar and button closure."
7509,"A green woven design straight kurta for women from AURELIA, featuring a mandarin collar and three-quarter sleeves."
7510,"A grey brand logo backpack for unisex from Puma, featuring a zip closure, padded mesh back and shoulder straps, and water resistance."
7511,A black & pink yoke design A-line kurta for women from AURELIA with sequinned detail and a round collar.
7512,"A maroon & beige printed midi A-line dress for women from GERUA, featuring a tie-up neck and short sleeves."
7513,"A navy blue solid pullover sweater for men from WROGN, featuring a round neck and long sleeves."
7514,A navy blue & black colourblocked sweatshirt for men from YWC with long sleeves.
7515,"Black mildly distressed jeans for men from WROGN, featuring a button and zip closure."
7516,A pair of gold-toned & black pointed toe pumps for women from Kraft Cellar with block heel.
7517,A pair of blue & grey running sports shoes for women from Campus with lace-up closure.
7518,A charcoal grey woven design shawl for women from AURELIA with taselled border.
7519,Silver-Toned and gold-toned necklace for women from Blisscovered with drawstring closure.
7520,"Purple and Grey printed casual shirt for men from Jack & Jones, featuring a spread collar and button placket."
7521,Maroon solid mid-rise cropped trousers for women from AURELIA with slip-on closure.
7522,"A blue, silver and peach-coloured printed straight kurta for women from AURELIA, featuring a mandarin collar and three-quarter sleeves."
7523,"An Off-White and Blue striped A-line kurta for women from AURELIA, featuring a round neck and three-quarter sleeves."
7524,Mustard yellow solid mid-rise cropped trousers for women from AURELIA with elasticated waistband.
7525,Navy Blue solid backpack has tassel detail on flap for women from Global Desi with drawstring closure.
7526,"Red printed jacket for girls from t-base, featuring a mock collar and zip closure."
7527,Silver solid knitted churidar length leggings for women from AURELIA with elasticated waistband.
7528,"Navy Blue solid three fold wallet for women from Lavie, featuring a button closure, multiple compartments and card holders."
7529,A pair of Pink and Gold-toned printed woven straight fit Palazzos for women from AURELIA.
7530,"Black solid woven regular top with embellished detail for women from Style Quotient, featuring a round neck and button closure."
7531,"Grey and Black striped straight kurta for women from Aujjessa, featuring a round neck and three-quarter sleeves."
7532,"Pink velvet finish straight kurta for women from AURELIA, featuring a round neck with button detail and long sleeves."
7533,"Grey printed straight kurta for women from Aujjessa, featuring a mandarin collar and three-quarter sleeves."
7534,"Olive green and pink printed straight kurta for women from AURELIA, featuring a mandarin collar and button closure."
7535,Charcoal grey and golden printed straight kurta for women from AURELIA with sequinned detail and a round neck.
7536,"White and Black colourblocked T-shirt for men from WROGN, featuring a polo collar and short sleeves."
7537,"Dusty pink textured hobo bag for women from Lavie, featuring a zip closure and adjustable handle."
7538,"Beige and Yellow printed straight kurta for women from Aujjessa, featuring a round neck and three-quarter sleeves."
7539,"Black and Off-white colourblocked T-shirt for men from WROGN, featuring a round neck and short sleeves."
7540,"Blue and golden printed straight kurta for women from AURELIA, featuring a notched round neck and three-quarter sleeves."
7541,"Black solid jacket for men from WROGN, featuring a stand collar and zip closure."
7542,"Black and burgundy colourblocked sweatshirt for men from WROGN, featuring a hood and zip closure."
7543,Soft jersey knit tank top for girls from GAP with shirring and paneling at yoke.
7544,"Black solid bomber jacket for men from WROGN, featuring a mandarin collar and zip closure."
7544,"WROGN men's black slim fit solid bomber jacket with a mandarin collar, zip closure, and polyester lining."
7545,Saral Home blue striped microfibre runner with anti-skid feature.
7546,WROGN men's navy blue and olive green colourblocked hooded sweatshirt with a zip closure.
7547,"Blisscovered gold-toned and beige necklace with crystals and flower petal stones, featuring a slip-on closure."
7548,AURELIA women's blue and golden printed straight kurta with a keyhole neck and three-quarter sleeves.
7549,AURELIA women's pink and golden printed maxi flared skirt with an elasticated waistband.
7550,Studio Voylla silver-plated and yellow circular drop earrings with a post and back closure.
7551,WROGN men's solid slim fit denim jacket with a spread collar and button closure.
7552,"Puma unisex olive green solid Buzz backpack with padded straps and multiple compartments, suitable for laptops up to 16 inches."
7553,AURELIA women's teal blue and golden printed straight kurta with sequinned detail and a mandarin collar.
7554,"GERUA women's green and pink printed kurta with trousers, featuring a notched round neck and partially elasticated waistband."
7555,AURELIA women's grey woven design straight kurta with a round neck and long sleeves.
7556,"Lavie coral red solid handheld bag with a zip closure, multiple pockets, and a detachable sling strap."
7557,AURELIA women's beige and golden printed maxi flare skirt with an elasticated waistband and attached lining.
7558,AURELIA women's olive green and golden printed straight winter kurta with a round neck and three-quarter sleeves.
7559,AURELIA women's black velvet finish self design longline shrug with button closure.
7560,AURELIA women's green and golden printed maxi skirt with a slip-on closure.
7561,AURELIA women's beige solid straight kurta with a mandarin collar and button placket.
7562,AURELIA women's navy blue and white yoke design straight kurta with a mandarin collar.
7563,Global Desi yellow textured shoulder bag with a button closure and multiple pockets.
7564,"GERUA women's coral pink and golden block print kurta with palazzos, featuring a notched round neck and partially elasticated waistband."
7565,GERUA women's maroon and golden block print woven A-line dress with a mandarin collar and button closures.
7566,AURELIA women's orange and black striped layered straight kurta with a round neck.
7567,Lavie women's grey solid zip around wallet with multiple compartments and card holders.
7568,NBA men's grey melange printed T-shirt with a hood and sleeveless design.
7569,AURELIA women's green printed straight kurta with sequined detail and a round neck.
7570,KLEIO women's black solid backpack with magnetic button closure and non-padded straps.
7571,Lavie women's purple embellished three fold wallet with a button closure and a detachable sling strap.
7572,WROGN men's navy blue and white slim fit printed casual shirt with a spread collar and button placket.
7573,Lavie women's copper-toned textured zip around wallet with multiple compartments and card holders.
7574,WROGN men's blue checked casual shirt with a spread collar and button placket.
7575,Lavie pink textured sling bag with a zip closure and multiple pockets.
7576,YWC men's blue regular fit solid casual shirt with a spread collar and button placket.
7577,WROGN men's rust red slim fit printed casual shirt with a spread collar and button placket.
7578,AURELIA women's lime green and silver printed A-line kurta with a round neck and high-low hem.
7579,AURELIA women's mustard yellow foil print straight kurta with a round neck and flared hem.
7580,AURELIA women's black solid cropped palazzos with a partially elasticated waistband.
7581,AURELIA women's navy blue printed A-line kurta with a round neck and flared hem.
7582,URBANE women's black textured heels with a block heel.
7583,WROGN men's grey dyed round neck T-shirt with short sleeves.
7584,PUMA Motorsport unisex grey & navy blue RBR lifestyle textured laptop backpack with padded straps and multiple compartments.
7585,"AURELIA women's white & yellow printed kurta with palazzos & dupatta, featuring sequinned detail and a partially elasticated waistband."
7586,Alina decor set of 2 embellished rectangle cushion covers with a zip closure.
7587,Studio Voylla women's multi-coloured silver-plated enamelled mirror design finger ring.
7588,Canary London men's blue colourblocked lightweight jacket with a mock collar and zip closure.
7589,GAP girls navy blue printed round neck T-shirt with short sleeves.
7590,Taavi Women Rust Orange Kalamkari Hand Block Printed Pleated A-line Top with Kalamkari hand block print.
7591,justpeachy Gold-Toned & Green Oval Drop Earrings Secured with a post and back.
7592,Puma unisex maroon brand logo originals backpack with padded straps and multiple compartments.
7593,Enamor red butterfly cleavage enhancer padded wired plunge push-up bra with regular straps.
7594,Ecko Unltd men's olive green slim fit camouflage printed casual shirt with a spread collar and button placket.
7595,BERING women's black analogue watch with a stainless steel strap and water resistance.
7596,20Dresses women's maroon solid A-line dress with a V-neck and button closure.
7597,AURELIA women's green & golden printed wide leg palazzos with a partially elasticated waistband.
7598,Alina decor Multicoloured Set of 2 Embellished Rectangle Cushion Covers with a zip closure.
7599,WROGN men's charcoal grey solid round neck T-shirt with long sleeves.
7600,AURELIA women's black self design cardigan with button closures.
7601,Style Quotient women's burgundy solid top with embellished detail and a round neck.
7602,AURELIA women's grey & golden printed A-line kurta with sequins detail and a round neck.
7603,MBOSS unisex tan brown solid laptop bag with padded laptop sleeve.
7604,"AURELIA women's navy blue & golden embroidered angrakha kurta with churidar & dupatta, featuring panelled and tie-up detail."
7605,"Blisscovered Gold-Toned circular tasselled pendant with chain, has artificial stone, secured with a lobster closure."
7606,"AURELIA women's blue self-design kurta with skirt & dupatta, featuring a round neck and partially elasticated waistband."
7607,Jack & Jones men's brown & white striped slim fit polo collar T-shirt with short sleeves.
7608,AURELIA women's pink & yellow yoke design straight kurta with a mandarin collar.
7609,Studio Voylla Silver-Toned & Yellow Enamelled Geometric Drop Earrings Secured with a post and back.
7610,WROGN men's rust orange slim fit printed round neck T-shirt with short sleeves.
7611,AURELIA women's black & off-white striped straight kurta with a mandarin collar.
7612,Newport women's charcoal grey skinny fit solid treggings with a slip-on closure.
7613,WROGN men's charcoal grey tapered fit mid-rise clean look stretchable jeans with a button and zip closure.
7614,"ETHER White T-shirt, crafted from premium cotton."
7615,AURELIA women's green & pink woven design straight kurta with a round neck.
7616,"Alvaro Castagnino men's pink & silver-toned accessory gift set with a tie, pocket square and cufflinks."
7617,American Crew men's blue slim fit mid-rise clean look stretchable jeans with a button and zip closure.
7618,WROGN men's black solid slim fit denim jacket with a spread collar and button closure.
7619,Lavie women's black textured sling bag with a zip closure.
7620,WROGN men's cream-coloured solid polo collar T-shirt with short sleeves.
7621,Alina decor Multicoloured Set of 2 Embellished Rectangle Cushion Covers with a zip closure.
7622,YWC men's navy blue regular fit solid casual shirt with a spread collar and button placket.
7623,Style Quotient women's maroon & navy blue original straight fit striped parallel trousers with a partially elasticated waistband.
7624,Aurelia Women Orange & Silver Printed Flared Maxi Skirt with an elasticated waistband.
7625,WROGN Men Black Slim Fit Mid-Rise Clean Look Stretchable Jeans with a button and zip closure.
7625,WROGN Men's black slim fit mid-rise stretchable jeans.
7626,Alina decor set of 5 abstract square cushion covers.
7627,Alina decor sea green & silver-toned set of 2 ethnic motifs rectangle cushion covers.
7628,WROGN Men's maroon slim fit solid casual shirt with mandarin collar.
7629,AURELIA mustard yellow printed pure cotton A-line maxi skirt with elasticated waistband.
7630,"MBOSS Unisex blue solid laptop bag with two handles, padded laptop sleeve and warranty."
7631,Lavie Women's black & gunmetal-toned colourblocked three fold wallet.
7632,AURELIA Women's turquoise blue solid wide leg palazzos with partially elasticated waistband.
7633,AURELIA Women's navy blue self design cardigan with button closures.
7634,Alom Navy printed kurta with a round neck and three-quarter sleeves.
7635,WROGN Men's blue skinny fit mid-rise stretchable jeans.
7636,ether Men's olive green self design sweatshirt with a Henley neck.
7637,Lavie Women's purple solid handheld bag with multiple compartments and detachable sling strap.
7638,WROGN Men's khaki solid slim fit tailored jacket with a hood and zip closure.
7639,"Bhama Couture Women's black solid kurta with palazzos, featuring a mandarin collar and flared hem."
7640,NBA Men's navy blue solid regular fit sports shorts with pockets and drawstring closure.
7641,WROGN Men's red solid sweater with a round neck and ribbed hem.
7642,WROGN Men's black slim fit solid sweater with a round neck and ribbed hem.
7643,GIO COLLECTION Women's UV protected cateye sunglasses with plastic and metal frame.
7644,AURELIA Women's navy blue & golden yoke design kurta with palazzos & dupatta.
7645,Lavie Olive Green & Beige Colourblocked Shoulder Bag with a button closure and detachable handle.
7646,Global Desi mustard yellow solid shoulder bag with tassels and multiple pockets.
7647,ONLY black stretchable jeans with a zip fly and button closures.
7648,GIORDANO brown & off-white colourblocked shoulder bag with a zip closure and detachable sling strap.
7649,AURELIA Women's sea green & mustard yellow printed straight kurta.
7650,WROGN Men's black regular fit solid joggers with slip-on closure.
7651,NBA Men's grey melange solid hood T-shirt.
7652,Jack & Jones Men's blue Liam skinny fit low-rise mildly distressed stretchable jeans.
7653,AURELIA Women's purple & golden printed kurta with churidar & dupatta.
7654,justpeachy Gold-Toned & Beige Circular Drop Earrings with artificial beads and shell detail.
7655,WROGN Men's navy blue self design jacket with a mandarin collar and zip closure.
7656,DOT & KEY Zit Zapping Skin Clarifying Face Serum 30ml for acne-prone skin.
7657,Style Quotient Women's pink & black printed high-rise straight fit regular trousers.
7658,WROGN Men's black solid slim fit denim jacket with a stand collar and zip closure.
7659,WROGN Men's black & white slim fit printed casual shirt with a spread collar.
7660,WROGN Men's dark green solid bomber jacket with a hooded and zip closure.
7661,WROGN Men's olive green solid slim fit bomber jacket with a mock collar and zip closure.
7662,HERE&NOW Men's black & green colourblocked front-open sweatshirt with a mock collar and zip closure.
7663,AURELIA Women's rust orange & off-white striped straight kurta.
7664,AURELIA Women's pink & golden zari woven design kurta with churidar & dupatta.
7665,Saral Home green striped microfibre runner with anti-skid feature.
7666,Lavie Grey Solid Handheld Bag with a zip closure and detachable sling strap.
7667,YWC Men's grey solid regular fit blazer with a notched lapel and button closure.
7668,WROGN Men's charcoal grey slim fit solid sweatshirt with melange effect and side taping detail.
7669,Global Desi blue & navy blue solid sling bag with a button closure.
7670,Jack & Jones Men's navy blue & rust slim fit printed casual shirt with a button-down collar.
7671,GIO COLLECTION Unisex square sunglasses with UV protected lens and plastic and metal frame.
7672,Puma Unisex multicoloured graphic originals backpack with zip closure and padded shoulder strap.
7673,Style Quotient Women's sea green solid A-line top with three-quarter bell sleeves.
7674,pinwheel Women's navy blue A-line dress with a round neck and button closure.
7675,Lavie Black Textured Sling Bag with a zip closure and non-detachable sling strap.
7676,AURELIA Women's blue & off-white printed straight cropped palazzos with a partially elasticated waistband.
7677,AURELIA Women's red & orange printed straight kurta.
7678,Lotto Men's black solid sneakers with lace-up detail and synthetic upper.
7679,AURELIA Women's black yoke design A-line winter kurta with a mandarin collar and hook and eye closure.
7680,Studio Voylla Women's gold-toned chained finger ring with faux pearls and kundan stone studded.
7681,Aurelia Women's navy blue solid cropped treggings with an elasticated waistband.
7682,Aurelia Women's black solid cropped treggings with an elasticated waistband.
7683,AURELIA Women's navy blue & white striped with floral printed detail straight kurta.
7684,GERUA Women's peach-coloured & rust orange printed kurta with palazzos.
7685,AURELIA Women's charcoal grey regular fit self-checked trousers with belt loops and pockets.
7686,CHUTPUT Kids grey & blue solid sweater with a Henley neck.
7687,WROGN Men's green slim fit mid-rise clean look stretchable jeans.
7688,Style Quotient Women's white classic regular fit solid casual shirt with ruffled detail.
7689,IZOD Men's dark navy leather belt secured with a tang clasp.
7690,Lavie Mint Green Solid Handheld Bag with a zip closure and detachable sling strap.
7691,"Lavie Orange Solid Handheld Bag with a zip closure, Tablet sleeve and detachable sling strap."
7692,Skechers Men's purple square sunglasses with UV protected lens and plastic frame.
7693,MANOHARI Grey & Black Embroidered Saree with an embroidered border.
7694,WROGN Men's black solid hooded slim fit  sweatshirt with a zip closure.
7695,WROGN Men's white & blue slim fit printed casual shirt with a spread collar.
7696,Saral Home black & white striped microfibre runner with anti-skid feature.
7697,Kraft Cellar Women's navy blue solid heels with backstrap detail and wedge heel.
7698,WROGN Men's mustard yellow slim fit solid biker jacket with a stand collar and zip closure.
7699,WROGN Men's black solid slim fit round neck T-shirt.
7700,AURELIA Women's pink & golden printed A-line layered kurta with sequinned and tie-up detail.
7701,"AURELIA Women's navy blue striped zari detail empire A-line kurta with sequinned, pleated, tie-up and zari detail."
7702,AURELIA Women's grey & white printed flared cropped palazzos with slip on closure.
7703,WROGN Men's khaki solid jacket with a stand collar and zip closure.
7704,WROGN Men's blue slim fit mid-rise clean look stretchable jeans.
7705,Soie Green Lace Non-Wired Non Padded full coverage Everyday Bra.
7706,WROGN Men's navy blue & grey slim fit checked casual shirt with a spread collar.
7707,WROGN Men's navy blue solid polo collar T-shirt.
7708,WROGN Men's navy blue solid slim fit round neck T-shirt with elbow and shoulder detail.
7709,YWC Men's grey & black striped sweatshirt with round neck.
7710,AURELIA Women's brown & yellow printed knitted winter A-line kurta with tie-up detail.
7710,"AURELIA Women's Brown & Yellow Printed Knitted Winter A-Line Kurta with shirt collar, long sleeves, flared hem, concealed hook and eye closure and front slit, priced at INR 679."
7711,"Alina decor Grey Set of 2 Embellished Rectangle Cushion Covers, zip closure, for Unisex, priced at INR 615."
7712,"WROGN Men's Black Applique Detail Round Neck T-shirt with short sleeves, priced at INR 599."
7713,"Lavie Women's Blue Solid Three Fold Wallet with button closure, card holders, slip pockets and zip coin pocket, priced at INR 839."
7714,"Campus Sutra Women's Blue Jacket with stand collar, full button placket, long sleeves, two pockets, fleece inner lining, priced at INR 1999."
7715,"WROGN Men's Black Solid Sweatshirt with mock collar, two pockets, long sleeves, zip closure, straight hem, priced at INR 1999."
7716,"AURELIA Women's Black & Maroon Yoke Design A-Line Kurta with round neck and three-quarter sleeves, priced at INR 1699."
7717,"NBA Men's Grey Melange Printed Round Neck T-shirt with long sleeves, priced at INR 524."
7718,"Alina decor Black & White Set of 2 Self Design Rectangle Cushion Covers with embroidered detail and zip closure, for Unisex, priced at INR 505."
7719,"Lavie Beige Solid Shoulder Bag with zip closure, multiple compartments and detachable sling strap, for Women, priced at INR 1879."
7720,"Ecko Unltd Men's Olive Green Slim Fit Camouflage Printed Casual Shirt with spread collar, long sleeves and button placket, priced at INR 699."
7721,"GIO COLLECTION Unisex Wayfarer Sunglasses with grey UV protected lenses and polycarbonate full rim frame, priced at INR 1705."
7722,"Global Desi Women's Brown Solid Sling Bag with zip closure, multiple pockets and detachable sling strap, priced at INR 1199."
7723,"Lavie Women's Gold-Toned Solid Sling Bag with button closure, multiple pockets and non-detachable sling strap, priced at INR 3599."
7724,"DOT & KEY Collagen Restorative Time Reverse Retinol Serum 30ml for Women, priced at INR 1015."
7725,"GERUA Women's Rust Orange & Golden Block Print Kurta with Trousers, priced at INR 1217."
7726,"AURELIA Women's Beige Solid Straight Winter Kurta with mandarin collar and long sleeves, priced at INR 519."
7727,"COVER STORY Women's Pink Solid Sweater with round neck and three-quarter sleeves, priced at INR 895."
7728,"WROGN Men's Black Tapered Fit Mid-Rise Clean Look Stretchable Cropped Jeans with button and zip closure, priced at INR 1679."
7729,"YWC Men's Navy Blue Solid Henley Neck T-shirt with short sleeves, priced at INR 599."
7730,"Shoetopia Women's Grey Colourblocked Ballerinas with synthetic upper and cushioned footbed, priced at INR 499."
7731,"AURELIA Women's Red & Black Printed Straight Kurta with sequinned detail, priced at INR 854."
7732,"Skechers Men's Rectangle Sunglasses with grey UV protected lenses and plastic full rim frame, priced at INR 2400."
7733,"WROGN Men's Navy Blue & White Slim Fit Checked Casual Shirt with spread collar, long sleeves and button placket, priced at INR 1319."
7734,"AURELIA Women's Navy Blue Indigo Knitted Winter Kurta with band collar and long sleeves, priced at INR 649."
7735,"AURELIA Women's Navy Blue & White Striped Cropped Palazzos with elasticated waistband, priced at INR 999."
7736,"AURELIA Women's Black Shimmer Detail Straight Palazzos with slip-on closure, priced at INR 599."
7737,"Lavie Brown Solid Shoulder Bag with zip closure, multiple compartments and detachable sling strap, for Women, priced at INR 2384."
7738,"20Dresses Women's White Self-Striped A-Line Dress with V-neck, short sleeves and button closures, priced at INR 1396."
7739,"Lavie Blue Solid Shoulder Bag with zip closure, multiple compartments and detachable sling strap, for Women, priced at INR 1799."
7740,"Lavie Red & Beige Colourblocked Shoulder Bag with button closure and multiple pockets, for Women, priced at INR 4199."
7741,"Enamor Blue Wirefree Cami Shaper Multiway Padded Medium Coverage Bralette Bra, priced at INR 779."
7742,"WROGN Men's Blue Slim Fit Mid-Rise Clean Look Stretchable Jeans with button and zip closure, priced at INR 1539."
7743,"WROGN Men's Black Solid Slim Fit Round Neck T-shirt with short sleeves, priced at INR 699."
7744,"AURELIA Women's Blue & White Printed Asymmetric A-Line Kurta with round neck and three-quarter sleeves, priced at INR 519."
7745,"AURELIA Women's Brown & Blue Printed A-Line Kurta with tie-up neck and three-quarter sleeves, priced at INR 594."
7746,"WROGN Men's Blue & Black Slim Fit Geometric Printed Casual Shirt with spread collar, long sleeves and button placket, priced at INR 1999."
7747,"NBA Men's Blue Solid Straight Fit Track Pants with elasticated waistband and drawstring fastening, priced at INR 649."
7748,"KLEIO Women's Brown Solid Backpack with adjustable shoulder straps and multiple compartments, priced at INR 979."
7749,"WROGN Men's Black Tapered Fit Mid-Rise Clean Look Stretchable Cropped Jeans with button and zip closure, priced at INR 2599."
7750,"Lavie Maroon Solid Shoulder Bag with zip closure, multiple compartments and detachable sling strap, for Women, priced at INR 1879."
7751,"AURELIA Women's Brown Woven Design Straight Kurta with mandarin collar and three-quarter sleeves, priced at INR 499."
7752,"Taavi Men's Mustard Yellow Kalamkari Block Printed Straight Sustainable Kurta with Roll-Up Sleeves, priced at INR 1299."
7753,"Style Quotient Women's Olive Green Solid Peplum Top with V-neck and short puff sleeves, priced at INR 589."
7754,"AURELIA Women's Maroon & Yellow Embroidered Straight Kurta with shirt collar and three-quarter sleeves, priced at INR 559."
7755,"WROGN Men's Navy Blue Striped Round Neck T-shirt with long sleeves, priced at INR 1299."
7756,"Global Desi Red Self Design Sling Bag with button closure and multiple pockets, for Women, priced at INR 1439."
7757,"AURELIA Women's Black Solid Flared Palazzos with elasticated waistband and slip-on closure, priced at INR 1299."
7758,"Duke Men's Navy Blue Slim Fit Mid-Rise Clean Look Jeans with button and zip closure, priced at INR 1592."
7759,"Shoetopia Women's Tan Brown Solid Sandals with synthetic upper and cushioned footbed, priced at INR 649."
7760,"WROGN Men's Blue Slim Fit Mid-Rise Clean Look Stretchable Jeans with button and zip closure, priced at INR 1539."
7761,"AURELIA Women's Navy Blue & Pink Printed Straight Kurta with round neck and three-quarter sleeves, priced at INR 899."
7762,"AURELIA Women's Grey & Red Printed Straight Winter Kurta with round neck and long sleeves, priced at INR 1499."
7763,"AURELIA Women's Red & Silver Printed Straight Kurta with sequins detail, priced at INR 599."
7764,"Ruosh Casual Men's Brown Leather Boots with central lace-ups and anti-skid TPU sole, priced at INR 1046."
7765,"Style Quotient Women's Navy Blue & Beige Printed Top with round neck and three-quarter sleeves, priced at INR 593."
7766,"Puma Women's Mauve Solid Backpack with padded straps and buckle closure, priced at INR 1399."
7767,"Alina decor Peach-Coloured Set of 2 Self Design Rectangle Cushion Covers with zip closure, for Unisex, priced at INR 527."
7768,"Blisscovered Gold-Toned & Black Circular Tasselled Pendant With Chain, secured with a lobster closure, priced at INR 349."
7769,"WROGN Men's Charcoal Grey Printed Slim Fit Round Neck T-shirt with short sleeves, priced at INR 699."
7770,"AURELIA Women's Fuchsia Solid Churidar Length Leggings with elasticated waistband, priced at INR 499."
7771,"WROGN Men's Blue Tapered Fit Mid-Rise Clean Look Stretchable Jeans with button and zip closure, priced at INR 1559."
7772,"AURELIA Women's Pink & Mauve Printed Layered Kurta with round neck and three-quarter sleeves, priced at INR 759."
7773,"Global Desi Navy Blue Textured Shoulder Bag with button closure and multiple pockets, for Women, priced at INR 1559."
7774,"Just Wow Black Women Casual Jumpsuit with V-neck and short sleeves, priced at INR 1299."
7775,"Ecko Unltd Men's Rust Orange & Navy Blue Slim Fit Checked Casual Shirt with spread collar, long sleeves and button placket, priced at INR 699."
7776,"Kraft Cellar Women's Black Solid Open Toe Flats with synthetic patent upper and cushioned footbed, priced at INR 799."
7777,"Lavie Women's Green & Silver-Toned Colorblocked Zip Around Wallet with multiple card holders and slip pockets, priced at INR 2399."
7778,"AURELIA Women's Burgundy & Navy Printed Cropped Regular Trousers with slip-on closure, priced at INR 399."
7779,"WROGN Men's Maroon Printed Slim Fit Round Neck T-shirt with long sleeves, priced at INR 659."
7780,"AURELIA Women's Aubergine & Pink Knitted Printed Layered Winter Kurta with round neck and long sleeves, priced at INR 879."
7781,"Aarika Girls Red & Black Colourblocked Fit and Flare Dress with V-neck and sleeveless design, priced at INR 397."
7782,"NBA Men's Black & Grey Colourblocked Round Neck Chicago Bulls T-shirt with long sleeves, priced at INR 649."
7783,"Kraft Cellar Women's Orange Solid Synthetic Suede Open Toe Flats with synthetic suede upper and cushioned footbed, priced at INR 799."
7784,"HERE&NOW Women's Navy Blue Solid Jacket with lapel collar and zip closure, priced at INR 1349."
7785,"HERE&NOW Women's Orange Ribbed Front Open Sweater with long sleeves and asymmetric hem, priced at INR 899."
7786,"AURELIA Women's Blue Printed Kurta with Palazzos & Dupatta, priced at INR 3299."
7787,"Lavie Brown Textured Handheld Bag with zip closure and multiple pockets, for Women, priced at INR 1259."
7788,"WROGN Men's Navy Blue & Red Slim Fit Checked Casual Shirt with spread collar, long sleeves and button placket, priced at INR 1999."
7789,"SOLES Women's Blue Embellished T-Strap Flats with synthetic upper and cushioned footbed, priced at INR 986."
7790,"WROGN Men's Cream & Navy Blue Striped Slim Fit Henley Neck T-shirt with short sleeves, priced at INR 599."
7791,"AURELIA Women's Teal Blue & Golden Printed Top with Palazzos, comes with a teal blue and golden printed ethnic jacket with embellished detail, priced at INR 1599."
7792,"MBOSS Unisex Black Solid Laptop Bag with padded laptop sleeve, priced at INR 1140."
7792,This is a black solid laptop bag for unisex from MBOSS.
7793,This is an olive green slim fit printed casual shirt for men from Ecko Unltd.
7794,This is a mustard yellow slim fit solid hooded sweatshirt for men from WROGN.
7795,This is a peach-coloured & black polka dot top for women from Style Quotient.
7796,This is a beige & black reversible solid jacket for women from HERE&NOW.
7797,This is a maroon solid denim jacket for men from Jack & Jones.
7798,This is a mustard yellow solid puffer jacket for women from HERE&NOW.
7799,This is a black brand logo backpack for unisex from Puma.
7800,This is a red ribbed front-open sweater for women from AURELIA.
7801,These are brown solid thong flip-flops for men from Harvard.
7802,This is an off-white & red printed straight kurta for women from AURELIA.
7803,This is a navy blue solid sweater for men from WROGN.
7804,These are gold-toned solid heels for women from Shoetopia.
7805,This is a coral pink & white striped hooded sweatshirt for men from HERE&NOW.
7806,This is a black & silver woven-design shawl for women from AURELIA.
7807,This is a peach-coloured & navy blue printed straight winter kurta for women from AURELIA.
7808,This is a black slim fit printed casual shirt for men from Jack & Jones.
7809,This is a red solid shoulder bag for women from GIORDANO.
7810,This is Absolute Perfume Deodorant Spray for men from Envy.
7811,This is a blue embroidered A-line kurta for women from AURELIA.
7812,These are blue & black woven design pumps for women from URBANE.
7813,This is a black & golden striped straight kurta for women from AURELIA.
7814,These are grey solid thong flip-flops for men from Harvard.
7815,This is an off-white & beige printed straight kurta for women from AURELIA.
7816,These are square sunglasses with pink UV protected lenses and metal full rim frame for unisex from GIO COLLECTION.
7817,These are red & silver-toned teardrop shaped drop earrings for women from justpeachy.
7818,These are blue slim fit mid-rise clean look stretchable jeans for men from WROGN.
7819,This is a cream ethnic motifs printed A-Line high-low kurta with churidar & dupatta for women from AURELIA.
7820,This is a blue & pink solid sweater with beanie for unisex kids from CHUTPUT.
7821,This is a grey & white woven design waistcoat for men from Jack & Jones.
7822,These are superdenim slim jeans with fantastiflex for boys from GAP.
7823,This is a maroon & silver woven-design shawl for women from AURELIA.
7824,This is a blue printed slim fit round neck T-shirt for men from WROGN.
7825,This is a blue striped microfibre runner for unisex from Saral Home.
7826,This is a teal blue & orange printed A-line kurta for women from AURELIA.
7827,This is a charcoal grey & golden yoke design straight kurta for women from AURELIA.
7828,This is a navy blue & golden printed straight kurta for women from AURELIA.
7829,This is a silver-plated handcrafted cuff bracelet for women from Studio Voylla.
7830,This is a mustard yellow solid knitted winter straight kurta for women from AURELIA.
7831,These are black slim fit mid-rise clean look stretchable jeans for men from WROGN.
7832,This is a maroon & navy printed polo T-shirt for men from Kryptic.
7833,These are blue slim fit mid-rise low distress stretchable jeans for men from American Crew.
7834,This is a charcoal grey slim fit solid pullover sweater for men from WROGN.
7835,This is a pink & off-white printed layered kurta with palazzos & dupatta for women from AURELIA.
7836,This is an off-white solid non-wired non padded minimizer bra for women from Soie.
7837,This is a maroon solid non-wired non padded everyday bra for women from Soie.
7838,These are brown & white printed heels for women from Kraft Cellar.
7839,This is a yellow & navy blue printed layered straight winter kurta for women from AURELIA.
7840,These are maroon solid straight fit track pants for men from NBA.
7841,These are charcoal grey & silver printed palazzos for women from AURELIA.
7842,This is a white & grey melange colourblocked round neck T-shirt for men from WROGN.
7843,This is a black solid slim fit casual shirt for men from Forca by Lifestyle.
7844,This is Water Drench Hydrating Hyaluronic Serum Concentrate for women from DOT & KEY.
7845,This is a green striped runner for unisex from Saral Home.
7846,These are black solid CL V P tights for women from Reebok Classic.
7847,This is a red floral printed straight kurta for women from Aujjessa.
7848,This is an olive green solid straight kurta for women from AURELIA.
7849,This is a gold-toned & navy blue artistic shaped tasselled pendant with chain for women from Blisscovered.
7850,These are sea green regular fit solid regular trousers for women from AURELIA.
7851,These are blue solid slim fit denim shorts for men from FEVER.
7852,This is a navy blue solid jacket for men from WROGN.
7853,This is a navy blue solid sweatshirt for men from WROGN.
7854,This is a navy blue solid handheld bag for women from Lavie.
7855,These are blue slim fit mid-rise clean look stretchable jeans for men from WROGN.
7856,This is a red printed lightweight puffer jacket for girls from t-base.
7857,This is a beige solid crop top for women from AURELIA.
7858,This is a black self design hobo bag for women from Lavie.
7859,This is a yellow & navy blue yoke design straight kurta for women from AURELIA.
7860,This is a maroon solid knitted winter straight kurta for women from AURELIA.
7861,This is a blue & pink printed kurta with palazzos for women from GERUA.
7862,These are khaki solid mid-rise cargo shorts for men from WROGN.
7863,This is a red brand logo backpack for unisex from Puma.
7864,This is a navy blue solid buzz backpack for unisex from Puma.
7865,This is a grey brand logo backpack for unisex from Puma.
7866,This is an orange solid shoulder bag for women from Global Desi.
7867,This is a navy blue & maroon colourblocked sweatshirt for men from HERE&NOW.
7868,These are navy blue solid slim fit cargo shorts for men from WROGN.
7869,This is a navy blue colourblocked polo collar T-shirt for men from WROGN.
7870,This is a cream-coloured & sea green printed straight kurta for women from AURELIA.
7871,This is a red & off-white striped kurta with trousers for women from GERUA.
7872,This is a red embellished two fold wallet for women from Lavie.
7873,This is a blue striped polo T-shirt for men from Kryptic.
7874,This is a blue & golden printed straight kurta for women from AURELIA.
7875,These are silver-plated & white floral drop earrings for women from Studio Voylla.
7876,These are grey tim slim straight fit low-rise mildly distressed stretchable jeans for men from Jack & Jones.
7877,Kraft Cellar Women's rust red suede heels with open toe and block heel.
7878,Blisscovered Set of 2 multicoloured square drop earrings for women.
7879,JAINISH Men's grey and black colourblocked joggers with drawstring and three pockets.
7880,Vero Moda Blue woven sequinned top with short sleeves and a round neck for Women.
7881,Lavie Yellow solid sling bag with zip closure and non-detachable strap for Women.
7882,JAINISH Men's grey printed joggers with drawstring and three pockets.
7883,Madame Women's mustard yellow solid longline sweater with a round neck and long sleeves.
7884,W Women's pink and golden striped cropped wide leg palazzos with sequinned detail.
7885,C9 AIRWEAR Women's pack of 3 assorted basic briefs with elasticated waistband.
7886,U.S. Polo Assn. Men's navy blue solid slim fit polo collar t-shirt.
7887,JAINISH Men's grey and black colourblocked joggers with drawstring and three pockets.
7888,Franco Leone Men's brown leather formal slip-on shoes with elasticated gussets.
7889,JAINISH Men's grey printed joggers with drawstring and three pockets.
7890,W Women's green & black printed straight kurta with a keyhole neck and three-quarter sleeves.
7891,W Women's off-white & blue printed A-line kurta with a round neck and three-quarter sleeves.
7892,Parx Men's blue washed denim shorts with 5 pockets.
7893,W Women's navy blue & pink floral printed A-line kurta with a keyhole neck and sleeveless design.
7894,W Women's mustard yellow & pink printed maxi dress with a mandarin collar and long sleeves.
7895,612 league Boys blue regular fit high-rise clean look jeans.
7896,Tossido Men's tan brown textured leather belt with a tang closure.
7897,WISSTLER Women's black & off-white printed open front longline shrug with three-quarter bell sleeves.
7898,AURELIA Women's maroon & mauve foil printed straight layered kurta with a foil printed ethnic jacket.
7899,W Women's taupe & red printed maxi dress with a keyhole neck and long sleeves.
7900,Cortina Green Set of 2 Door Curtains with Geometric Pattern for Unisex.
7901,W Women's navy blue & off-white striped straight kurta with a mandarin collar and three-quarter sleeves.
7902,Franco Leone Men's brown comfort sandals with a leather upper and slip-on closure.
7903,W Women's yellow & silver yoke design A-line sustainable kurta with a notched round neck and three-quarter sleeves.
7904,AHIKA Women's yellow & beige floral printed straight kurta with a notched round neck and three-quarter sleeves.
7905,W Women's purple & peach-coloured printed A-line kurta with a round neck and three-quarter sleeves.
7906,Cortina Green & White Set of 2 Long Door Curtains with Floral Pattern for Unisex.
7907,Jompers Men's maroon & gold-coloured woven design straight kurta with a mandarin collar and long sleeves.
7908,AccessHer Unisex Gold-plated & Pink Enamelled Brooch.
7909,People Men's grey regular fit checked casual shirt with a spread collar and long sleeves.
7910,W Women's navy blue & white printed pure cotton straight kurta with sequinned detail.
7911,W Women's mustard yellow & olive green printed straight kurta with gotta patti detail.
7912,Parx Men's blue slim fit printed casual shirt with a spread collar and long sleeves.
7913,Mufti Men's white & red regular fit checked casual shirt with a spread collar and long sleeves.
7914,Parx Men's navy blue slim fit checked casual shirt with a spread collar and long sleeves.
7915,Cortina Brown & White Set of 2 Long Door Curtains with Floral Pattern for Unisex.
7916,Oxolloxo Women's multicoloured printed open front shrug with long sleeves.
7917,Mufti Men's coffee brown regular fit printed casual shirt with a spread collar and long sleeves.
7918,Roadster Women's yellow solid knitted t-shirt with a round neck and long sleeves.
7919,W Women's navy blue & golden printed asymmetric A-line kurta with sequins.
7920,Cortina Purple Set of 2 Long Door Curtains with Floral Pattern for Unisex.
7921,HERE&NOW Women's black solid sweatshirt with a round neck and long sleeves.
7922,Cortina White Single Window Curtain with Floral Pattern for Unisex.
7923,Yuuki Men's navy blue mesh training or gym shoes with lace-up detail.
7924,Ahalyaa Women's white & blue printed Anarkali kurta with an attached jacket.
7925,Z-ZOOM Women's Rectangle Sunglasses 55112 with brown lens and metal frame.
7926,W Women's black and golden solid pure cotton crinkled maxi flared skirt.
7927,People Men's lavender regular fit solid casual shirt with a mandarin collar and long sleeves.
7928,CLAY CRAFT White Ceramic Set 2 Dipping Bowls with Glossy Finish for Unisex.
7929,Van Heusen Woman Tan Brown Solid Heels with Synthetic upper.
7930,Blacksmith Men Black Printed Pocket Square with pizza & pasta print.
7931,C9 AIRWEAR Women's pack of 3 assorted bikini briefs with elasticated waistband.
7932,fungus Women Blue Slim Fit High-Rise Clean Look Stretchable Jeans.
7933,Cortina Orange Set of 2 Long Door Curtains for Unisex.
7934,W Women's taupe & navy blue printed straight kurta with a keyhole neck and three-quarter sleeves.
7935,W Women's teal blue & pink A-line ethnic dress with a mandarin collar and three-quarter sleeves.
7936,U.S. Polo Assn. Men's olive green slim fit self design regular trousers with zip closure.
7937,Mufti Men's blue & black regular fit checked casual shirt with a spread collar and long sleeves.
7938,Mufti Men's red regular fit solid casual shirt with a spread collar and long sleeves.
7939,Louis Philippe Men's blue tight slim fit solid formal shirt with a spread collar and long sleeves.
7940,W Women's cream-coloured & golden printed woven maxi dress with a keyhole neck and three-quarter sleeves.
7941,GAP Men Burgundy Slim Fit Solid Chinos with Button closure and zip fly.
7942,Cortina Orange Set of 2 Door Curtains with Ethnic Motifs Pattern for Unisex.
7943,Mufti Men's white & green regular fit checked casual shirt with a spread collar and long sleeves.
7944,HERE&NOW Women's navy blue & white floral printed top with a keyhole neck and long sleeves.
7945,HERE&NOW Women's grey solid straight kurta with striped detail and a mandarin collar.
7946,EthnoVogue Pink Printed Made to Measure Lehenga & Kurta.
7947,Naari Women's navy blue printed straight kurta with a mandarin collar and three-quarter sleeves.
7948,Z-ZOOM Women's Oversized Sunglasses 55142 with brown lens and metal frame.
7949,AccessHer 22 KT Gold-Plated Cut-Out Cuff Bracelet for Women.
7950,612 league Boys blue regular fit high-rise clean look jeans.
7951,W Women's lavender & golden floral printed & embellished ethnic maxi dress with sequinned detail.
7952,People Men's white solid T-shirt with a Henley neck and short sleeves.
7953,People Men's multicoloured regular fit checked casual shirt with a spread collar and long sleeves.
7954,Z-ZOOM Unisex Brown Aviator Sunglasses 55011 with metal frame.
7955,Van Heusen Sport Men's navy blue & grey slim fit printed casual shirt with a spread collar and long sleeves.
7956,W Women's peach-coloured solid regular cropped trousers with semi-elasticated waistband and zip closure.
7957,Jompers Men's green & black woven design straight handloom kurta with a mandarin collar and long sleeves.
7958,W Women's navy blue solid regular cropped trousers with semi-elasticated waistband and zip closure.
7959,W Women's pink printed woven maxi dress with embellished detail.
7960,W Women's fuchsia pink & white printed pure cotton straight kurta with shimmer all-over.
7961,AccessHer 22k Gold-Plated Jewellery Set for Women.
7962,fungus Women Blue Slim Fit Mid-Rise Clean Look Stretchable Jeans.
7963,Lady Love White Solid Non-Wired Non Padded Everyday Bra LLBR2013 for Women.
7964,W Women's maroon solid woven A-line dress with printed detail and gathers.
7965,Cortina Maroon Set of 2 Door Curtains for Unisex.
7965,"A maroon printed polyester set of 2 door curtains from Cortina, priced at INR 545."
7966,"A W Women off-white & pink printed A-Line kurta, priced at INR 1039."
7967,"A Cortina pink set of 2 long door curtains with ethnic motifs, room darkening, and eyelet fitting, priced at INR 2294."
7968,"A Mufti men brown regular fit checked casual shirt, priced at INR 1099."
7969,"A Naari women yellow floral embroidered straight kurta, priced at INR 863."
7970,"A Fastrack unisex blue & black colourblocked duffel bag with printed detail, priced at INR 1525."
7971,"A Marks & Spencer pink self design underwired lightly padded everyday bra, priced at INR 1499."
7972,"A Chumbak unisex teal blue Cat Lady printed iPhone X case, priced at INR 537."
7973,"A Lady Love blue solid non-wired non padded minimizer bra, priced at INR 324."
7974,"An AccessHer gold-toned & blue nose ring with chain, priced at INR 600."
7975,"A Miss Chase women navy blue regular fit solid culottes, priced at INR 849."
7976,"A W Women yellow solid churidar leggings, priced at INR 299."
7977,"An EthnoVogue women beige & pink embroidered kurti with palazzos, priced at INR 7317."
7978,"A W Women peach-coloured & white woven design straight kurta, priced at INR 1119."
7979,"A Z-ZOOM women purple oval sunglasses, priced at INR 997."
7980,"A Cortina green & white set of 2 window curtains with a floral pattern, priced at INR 443."
7981,"A Van Heusen Woman women black solid ballerinas, priced at INR 1119."
7982,"A Van Heusen Woman women black & white regular fit printed semiformal shirt, priced at INR 1499."
7983,"A NIZA women black & pink printed A-Line dress, priced at INR 5990."
7984,"A Cortina brown set of 2 printed door curtains with a floral pattern, priced at INR 545."
7985,"A Naari women green & white embroidered straight kurta, priced at INR 719."
7986,"A W Women red & golden printed A-line kurta, priced at INR 1499."
7987,"An AHIKA women pink & white printed straight kurta, priced at INR 599."
7988,"A Cortina pink set of 2 printed long door curtains with a floral pattern, priced at INR 449."
7989,"A Cortina blue single door curtain with ethnic motifs, priced at INR 1031."
7990,"A W Women navy blue & off-white printed maxi dress, priced at INR 1999."
7991,"A Mufti men blue & black regular fit checked casual shirt, priced at INR 999."
7992,"A 22 KT gold-plated & silver-toned textured cuff bracelet from AccessHer, priced at INR 464."
7993,"A Free Authority white men tshirt, priced at INR 449."
7994,"A Parx men red & white slim fit checked casual shirt, priced at INR 1999."
7995,"A W Women navy blue solid regular cropped trousers, priced at INR 519."
7996,"A W Women black & off-white printed A-line kurta, priced at INR 2499."
7997,"A Cortina brown set of 2 printed window curtains with a geometric pattern, priced at INR 450."
7998,"A Shoetopia women black printed sliders, priced at INR 449."
7999,"A W Women navy hem design wide leg palazzos, priced at INR 674."
8000,"A W Women grey & navy blue striped straight sustainable kurta, priced at INR 679."
8001,"A Chumbak women white analogue watch, priced at INR 1017."
8002,"A GAP Men's Burnout Ringer Crewneck T-Shirt, priced at INR 1499."
8003,"A Van Heusen Sport men navy blue tight slim fit printed casual shirt, priced at INR 979."
8004,"A Naari women blue printed straight kurta, priced at INR 671."
8005,"A W Women teal green & golden striped A-line layered kurta, priced at INR 1399."
8006,"A SOJANYA men beige & golden checked straight kurta, priced at INR 974."
8007,"A Saint G women nude-coloured solid sandals, priced at INR 2379."
8008,"A Shoetopia women white solid one toe flats, priced at INR 499."
8009,"An Oxolloxo women blue striped top, priced at INR 1299."
8010,"A HIROLAS men black & grey colourblocked thong flip-flops, priced at INR 363."
8011,"A W Women fuchsia & peach-coloured printed straight kurta, priced at INR 799."
8012,"A Peter England men purple tight slim fit printed formal shirt, priced at INR 943."
8013,"A W Women charcoal grey & silver woven design straight kurta, priced at INR 919."
8014,"A W Women navy blue printed A-line kurta, priced at INR 1599."
8015,"A Z-ZOOM unisex brown cateye sunglasses, priced at INR 997."
8016,"A Z-ZOOM unisex rectangle sunglasses, priced at INR 1497."
8017,"A W Women lavender hem design wide leg palazzos, priced at INR 599."
8018,"A Van Heusen Woman yellow & black striped top, priced at INR 734."
8019,"A Cortina orange set of 2 door curtains with a floral pattern, priced at INR 2067."
8020,"The Pink Moon Plus Size Women Black Lace A-Line Dress, priced at INR 2374."
8021,"A Parx men yellow & blue slim fit checked casual shirt, priced at INR 949."
8022,"A W Women peach-coloured & golden striped flared palazzos, priced at INR 1119."
8023,"A Global Desi women blue solid shirt style top, priced at INR 539."
8024,"An AccessHer gold-toned & white stone nose ring with chain, priced at INR 600."
8025,"A Jompers men maroon woven design straight kurta, priced at INR 899."
8026,"A W Women off-white & charcoal grey printed straight kurta, priced at INR 1299."
8027,"A W Women green solid cropped trousers, priced at INR 519."
8028,"An Oxolloxo women multi-coloured printed tunic, priced at INR 499."
8029,"A Parx men navy blue self design polo collar t-shirt, priced at INR 559."
8030,"A W Women grey & navy blue printed straight kurta, priced at INR 679."
8031,"A W Women blue hem design flared palazzos, priced at INR 1119."
8032,"A W Women blue solid ankle length leggings, priced at INR 799."
8033,"A Parx men blue & white striped polo collar t-shirt, priced at INR 599."
8034,"An EthnoVogue sea green & gold-toned embroidered made to measure lehenga & blouse with dupatta, priced at INR 7933."
8035,"A Mufti men white & green regular fit printed casual shirt, priced at INR 899."
8036,"A Cortina green & white set of 2 printed long door curtains with a geometric pattern, priced at INR 629."
8037,"AU.S. Polo Assn. Denim Co. men cream-coloured & black striped polo collar t-shirt, priced at INR 899."
8038,"A W Women off-white & golden printed maxi flared skirt, priced at INR 1599."
8039,"A Madame women black solid sweater, priced at INR 1199."
8040,"A Global Desi women blue block print A-Line top, priced at INR 449."
8041,"An AURELIA women blue & silver printed tunic with palazzos & ethnic jacket, priced at INR 1799."
8042,"An AccessHer red circular hoop earrings, priced at INR 507."
8043,"An Ahalyaa women black & pink printed A-Line kurta, priced at INR 972."
8044,"A W Women navy blue striped straight kurta, priced at INR 2999."
8045,"A Van Heusen Woman women grey solid pumps, priced at INR 1126."
8046,"A W Women golden solid dhoti pants, priced at INR 1899."
8047,"A Jompers men yellow solid straight kurta, priced at INR 1299."
8048,"A W Women green printed straight kurta, priced at INR 679."
8049,"A Van Heusen Woman olive green solid heels, priced at INR 1299."
8050,"A W Women mustard yellow & golden printed A-Line dress, priced at INR 1259."
8051,"A W Women lavender & golden asymmetric hemline printed panelled A-Line kurta, priced at INR 799."
8052,"A Cortina purple set of 2 printed window curtains with a floral pattern, priced at INR 384."
8053,"A NIZA women black regular fit self design trousers, priced at INR 4990."
8054,"A MISH Women white & black striped top, priced at INR 779."
8053,"NIZA Women Black Regular Fit Self Design Trousers, priced at INR 4990."
8054,"MISH Women White & Black Striped Top, priced at INR 779."
8055,"Vozaf Women White & Orange Printed Stole, priced at INR 809."
8056,"Oxolloxo Women White Solid A-Line Top, priced at INR 569."
8057,"W Women Rust Orange & Navy Blue Printed Straight Kurta, priced at INR 849."
8058,"Marks & Spencer Women White Floral Print Cinched Waist Top, priced at INR 1999."
8059,"W Women Pink Printed Top with Dhoti Pants & Ethnic Jacket, priced at INR 6999."
8060,"Van Heusen Men Blue Custom Boxy Self Design Formal Shirt, priced at INR 2899."
8061,"W Women Pink & Navy Printed Maxi Dress, priced at INR 2249."
8062,"EthnoVogue Beige & Yellow Printed Made to Measure Lehenga & Blouse with Dupatta, priced at INR 5944."
8063,"W Women Blue & White Printed A-Line Kurta, priced at INR 1439."
8064,"W Women Navy Blue & Golden Yoke Design Straight Kurta, priced at INR 639."
8065,"Global Desi Women Pink Printed A-Line Kurta, priced at INR 599."
8066,"Cortina Maroon & Off-White Set of 2 Printed Window Curtains, designed for Unisex, priced at INR 443."
8067,"INVICTUS Men Coffee Brown Solid Formal Derbys, priced at INR 1299."
8068,"GAP Men's 1969 Logo Short Sleeve Crewneck T-Shirt, priced at INR 1499."
8069,"Van Heusen Sport Men Navy Blue Solid Polo Collar T-shirt, priced at INR 783."
8070,"W Women Pink & Maroon Printed A-Line Dress, priced at INR 2999."
8071,"Miss Chase Women Blue Skinny Fit High-Rise Clean Look Stretchable Jeans, priced at INR 1999."
8072,"People Men Olive Green Solid Henley Neck T-shirt, priced at INR 324."
8073,"Madame Women Off-White Solid Sweater, priced at INR 1199."
8074,"GAP Men's Slub Plaid Flannel Shirt in Standard Fit, priced at INR 1499."
8075,"Lady Stark Women Black Printed Shirt Style Top, priced at INR 1273."
8076,"Mufti Men Turquoise Blue Regular Fit Solid Casual Shirt, priced at INR 1099."
8077,"Louis Philippe Jeans Men Blue Slim Fit Faded Casual Shirt, priced at INR 2081."
8078,"Cortina Purple & White Set of 2 Long Door Curtains, designed for Unisex, priced at INR 489."
8079,"C9 AIRWEAR Women Pack of 3 Assorted Bikni Briefs, priced at INR 422."
8080,"Bohemia Crystal Set of 6 Eliezabeth Purple+Pantograph Wine Glasses 350ml, designed for Unisex, priced at INR 2999."
8081,"GAP Men's Legendary Logo Graphic Pocket T-Shirt, priced at INR 749."
8082,"Parx Men Khaki Original Slim Fit Solid Chinos, priced at INR 804."
8083,"AURELIA Women Blue & Silver Printed Crop Top with Palazzos & Ethnic Jacket, priced at INR 1599."
8084,"W Women Mustard Yellow & Silver Printed A-Line Kurta, priced at INR 1599."
8085,"Cortina Purple Set of 2 Window Curtains, designed for Unisex, priced at INR 450."
8086,"Franco Leone Men Brown Sandals, priced at INR 1329."
8087,"EthnoVogue Women Sea Green & Peach-Coloured Embroidered Kurti with Palazzos & Dupatta, priced at INR 8685."
8088,"Ahalyaa Women Grey & Silver Printed A-Line Kurta, priced at INR 652."
8089,"MISH Women Multicoloured Candy Striped A-Line Dress, priced at INR 1079."
8090,"W Women Navy Blue & Golden Printed Flared Palazzos, priced at INR 1119."
8091,"SOLES Women Gold-Toned Textured Embellished Heels, priced at INR 1960."
8092,"Monrow Women Blue & Black Colourblocked One Toe Flats, priced at INR 699."
8093,"Naari Women White & Pink Embroidered Straight Kurta, priced at INR 815."
8094,"W Women Charcoal Grey & Golden Woven Design Straight Kurta, priced at INR 1119."
8095,"Van Heusen Men Blue Tight Slim Fit Printed Formal Shirt, priced at INR 930."
8096,"HERE&NOW Women Navy Blue & Green Woven Design A-Line Kurta, priced at INR 1999."
8097,"W Women Orange Self Design Maxi Dress, priced at INR 1839."
8098,"Indo Era Women Teal Blue & Beige Solid A-Line Kurta with Trousers & Dupatta, priced at INR 1583."
8099,"Kazo Women Black Bodycon Dress, priced at INR 1745."
8100,"W Women Teal Blue Solid Pure Cotton Dupatta, priced at INR 899."
8101,"W Women Off-White Solid Straight Kurta, priced at INR 764."
8102,"NIZA Women Navy Blue Solid Shift Dress, priced at INR 5990."
8103,"Van Heusen Woman White Solid Top, priced at INR 999."
8104,"Kazo Women Beige Sheath Dress, priced at INR 1245."
8105,"Lady Stark Women Blue Solid Tiered Top, priced at INR 1363."
8106,"Sera Women Yellow Fit and Flare Dress, priced at INR 866."
8107,"Franco Leone Men Brown Leather Sandals, priced at INR 2096."
8108,"Wish Karo Girls Pink & Cream-Coloured Floral Printed Fit and Flare Dress, priced at INR 740."
8109,"W Women Off-White & Grey Printed Straight Kurta, priced at INR 764."
8110,"Jompers Men Sea Green Solid Straight Kurta, priced at INR 1299."
8111,"Yuuki Men Black & Grey Mesh Training or Gym Shoes, priced at INR 959."
8112,"W Women Mustard Yellow Embellished Straight Sustainable Kurta, priced at INR 799."
8113,"Saint G Women Black Solid  Leather Heeled Boots, priced at INR 6500."
8114,"Blacksmith Men Green Printed Woven Pocket Square, priced at INR 347."
8115,"Parx Men Black Printed Round Neck T-shirt, priced at INR 503."
8116,"EthnoVogue Women White & Beige Made to Measure Lehenga & Blouse, priced at INR 5046."
8117,"CLAY CRAFT Set of 2 Salt & Pepper Shakers, designed for Unisex, priced at INR 399."
8118,"Zink London Women Blue Dyed High-Low Top, priced at INR 449."
8119,"W Women Navy Blue & Pink Striped Straight Kurta, priced at INR 629."
8120,"Jompers Men Purple Floral Woven Design Dupion Silk Straight Kurta, priced at INR 899."
8121,"Cortina Set of 2 Window Curtains, designed for Unisex, priced at INR 450."
8122,"U.S. Polo Assn. Denim Co. Men Mustard Yellow & Navy Blue Checked Casual Shirt, priced at INR 1034."
8123,"MISH Women Burgundy Solid Satin Finish Blouson Top, priced at INR 1139."
8124,"W Women Blue Hem Design Straight Palazzos, priced at INR 599."
8125,"Louis Philippe Men Beige Tight Slim Fit Self Design Formal Shirt, priced at INR 1200."
8126,"Mufti Men Navy Blue Regular Fit Solid Casual Shirt, priced at INR 899."
8127,"SOJANYA Men Blue Printed Straight Silk Blend Kurta, priced at INR 974."
8128,"Z-ZOOM Women Round Sunglasses 55132, priced at INR 1497."
8129,"GAP Men's Modern Khakis in Skinny Fit with GapFlex, priced at INR 1749."
8130,"Jompers Men Gold-Coloured & Brown Printed Straight Kurta, priced at INR 884."
8131,"CALFNERO Men Black Solid Two Fold Leather Wallet, priced at INR 554."
8132,"W Women Navy & Golden Printed Straight Kurta, priced at INR 679."
8133,"Van Heusen Woman Green Solid Top, priced at INR 999."
8134,"Global Desi Women Navy Blue Yoke Design A-Line Kurta, priced at INR 674."
8135,"Bohemia Crystal Set of 6 Pantograph Cocktail Glasses, designed for Unisex, priced at INR 2938."
8136,"Parx Men Violet Austin Super Slim Fit Solid Regular Trousers, priced at INR 874."
8137,"Forever New Women White & Black Printed Open Front Shrug, priced at INR 4400."
8138,"Jompers Men Silver-Coloured Woven Design Straight Kurta, priced at INR 899."
8138,Men's silver-coloured woven design straight kurta with a mandarin collar and long sleeves. Primary color is Red.
8139,Women's off-white hem design straight palazzos with sequinned detail and a partially elasticated waistband. Primary color is White.
8140,Set of 2 brown floral window curtains with eyelet fitting. Primary color is Brown.
8141,Men's grey tight slim fit checked formal shirt with a spread collar and long sleeves. Primary color is Grey.
8142,Men's charcoal grey striped polo collar T-shirt with short sleeves. Primary color is Grey.
8143,Women's beige & peach-coloured embroidered made to measure kurta with churidar. Primary color is Red.
8144,Men's blue & purple slim fit checked casual shirt with a spread collar and long sleeves. Primary color is Blue.
8145,Men's white & blue tailored fit printed casual shirt with a button-down collar and long sleeves. Primary color is Blue.
8146,Men's blue tight slim fit solid casual shirt with a spread collar and long sleeves. Primary color is Blue.
8147,Women's green printed backpack with adjustable shoulder straps. Primary color is Green.
8148,Men's white tight slim fit solid casual shirt with a spread collar and long sleeves. Primary color is White.
8149,Women's off-white & black printed straight kurta with a mandarin collar and three-quarter sleeves. Primary color is Black.
8150,Men's beige tight slim fit self design formal shirt with a spread collar and long sleeves. Primary color is Beige.
8151,Women's black & golden woven design straight kurta with a round neck and three-quarter sleeves. Primary color is Black.
8152,Men's green woven design straight kurta with a mandarin collar and long sleeves. Primary color is Green.
8153,Girls Barbie featured white dress with short sleeves. Primary color is Red.
8154,Set of 6 siesta blue base whiskey glasses with a capacity of 400ml. Primary color is Blue.
8155,Men's black solid two fold genuine leather wallet.
8156,Women's pack of 3 assorted briefs.
8157,Women's pink & golden printed straight sustainable kurta with sequinned detail and a keyhole neck. Primary color is Pink.
8158,Women's pack of 3 assorted bikini briefs with an elasticated waistband.
8159,Women's navy blue & off-white printed straight kurta with threadwork and striped detail and a round neck. Primary color is Blue.
8160,Women's set of 2 gold-plated bangles with textured detailing.
8161,Set of 2 orange floral window curtains with eyelet fitting. Primary color is Orange.
8162,Men's blue printed straight kurta with a mandarin collar and long sleeves. Primary color is Blue.
8163,Women's black & white houndstooth patterned pumps with a slim heel.
8164,Women's brown solid churidar length leggings with an elasticated waistband. Primary color is Brown.
8165,Unisex teal green cat lady printed mobile case suitable for iPhone 8 and SE. Primary color is Green.
8166,Men's green printed round neck T-shirt with short sleeves. Primary color is Green.
8167,Women's blue yoke design A-line kurta with sequinned detail and thread work and a keyhole neck. Primary color is Blue.
8168,Women's aubergine solid ankle-length leggings with an elasticated waistband.
8169,Women's brown solid straight kurta with a round neck and three-quarter sleeves. Primary color is Brown.
8170,Men's charcoal grey regular fit printed casual shirt with a spread collar and long sleeves.
8171,Set of 2 white solid ceramic flower vases.
8172,Men's blue derbys with lace-up detail.
8173,Women's gold-plated & blue CZ stone studded jewellery set consisting of a necklace and earrings. Primary color is Blue.
8174,Men's burgundy solid mid-rise chinos with 4 pockets. Primary color is Burgundy.
8175,Women's gold-toned & green handcrafted classic drop earrings. Primary color is Green.
8176,Women's maroon open toe heels with backstrap detail. Primary color is Maroon.
8177,Women's white & blue regular fit printed casual shirt with a spread collar and long sleeves. Primary color is Blue.
8178,Women's off-white solid top with a round neck and three-quarter sleeves. Primary color is White.
8179,Plus size women's black and white printed V-neck T-shirt with short sleeves. Primary color is Black.
8180,Women's off-white & charcoal grey printed straight kurta with a round neck and short sleeves. Primary color is White.
8181,Women's beige floral embroidered straight kurta with a mandarin collar. Primary color is Red.
8182,Set of 2 blue & off-white geometric door curtains with eyelet fitting. Primary color is Blue.
8183,White set of 2 pie dishes with glossy finish.
8184,Men's mustard solid straight kurta with a mandarin collar and long sleeves. Primary color is Mustard.
8185,Set of 2 brown geometric door curtains with eyelet fitting. Primary color is Brown.
8186,Women's green & golden printed A-line dress with gathers and a keyhole neck. Primary color is Green.
8187,Women's navy blue & orange printed A-line dress with a tie-up neck and sleeveless design. Primary color is Blue.
8188,Women's blue pure silk woven design kanjeevaram saree with a zari border. Primary color is Blue.
8189,Women's navy blue & silver printed straight kurta with a keyhole neck and three-quarter sleeves. Primary color is Blue.
8190,Women's rectangle sunglasses with purple lenses and a full rim metal frame.
8191,Women's blue slim fit high-rise clean look stretchable jeans.
8192,Women's burgundy made to measure solid cocktail gown with lime green woven design peplum jacket.
8193,Boys grey Nasa printed round neck half sleeve T-shirt. Primary color is Grey.
8194,Women's green & golden foil print straight kurta with ethnic jacket and a V-neck. Primary color is Green.
8195,Women's blue printed A-line kurta with a round neck and three-quarter sleeves. Primary color is Blue.
8196,Women's red embroidered straight kurta with a round neck and three-quarter sleeves. Primary color is Red.
8197,Women's rust orange & blue printed top with a round neck and long sleeves. Primary color is Blue.
8198,Women's beige printed A-line top with a mandarin collar and short sleeves. Primary color is Beige.
8199,Women's brown & beige printed ballerinas with slip-on detail.
8200,Plus size women's off-white regular fit solid casual shirt with a spread collar and long sleeves. Primary color is White.
8201,Men's grey solid modern khakis chinos in skinny fit with GapFlex and a special stretch waistband. Primary color is Grey.
8202,Women's navy blue & off-white printed straight kurta with tie-up detail and a round neck. Primary color is Blue.
8203,Men's yellow solid straight kurta with a mandarin collar and long sleeves. Primary color is Yellow.
8204,Men's blue tailored fit solid casual shirt with a spread collar and long sleeves. Primary color is Blue.
8205,Women's blue printed straight kurta with a round neck and three-quarter roll-up sleeves. Primary color is Blue.
8206,Set of 2 green floral long door curtains with eyelet fitting. Primary color is Green.
8207,Men's blue tight slim fit self design formal shirt with a spread collar and long sleeves. Primary color is Blue.
8208,Men's crewneck T-shirt in soft cotton jersey.
8209,Men's grey woven design straight kurta with a mandarin collar and long sleeves. Primary color is Grey.
8210,Women's blue shirt dress with a mandarin collar and short sleeves. Primary color is Blue.
8211,Women's gold-toned & silver-toned geometric hoop earrings.
8212,Men's pink tight slim fit checked casual shirt with a spread collar and long sleeves. Primary color is Pink.
8213,Women's blue regular fit solid casual shirt with a spread collar and long sleeves. Primary color is Blue.
8214,Set of 2 orange & brown floral door curtains with eyelet fitting. Primary color is Brown.
8215,Women's pink circular hoop earrings with artificial beads.
8216,Women's black striped shirt style top with a mandarin collar and sleeveless design. Primary color is Black.
8217,Women's mustard yellow solid straight kurta with sequinned detail and a keyhole neck. Primary color is Yellow.
8218,Women's grey self design top with a scoop neck and short sleeves. Primary color is Grey.
8219,Women's black embroidered straight kurta with gathered detail and a mandarin collar. Primary color is Red.
8220,Women's navy blue & off-white printed straight kurta with a keyhole neck and three-quarter sleeves. Primary color is Blue.
8221,Women's charcoal grey & magenta graphic printed high-low A-line kurta with three-quarter sleeves. Primary color is Grey.
8222,Men's teal blue regular fit solid casual shirt with a spread collar and long sleeves. Primary color is Blue.
8223,Men's white tight slim fit printed formal shirt with a spread collar and long sleeves. Primary color is White.
8223,"V Dot Men's white slim fit printed formal shirt with spread collar and long sleeves, priced at INR 1126."
8224,"MISH Women's green & navy blue candy stripe regular top with round neck and short sleeves, priced at INR 779. Primary color is Blue."
8225,"W Women's maroon & golden printed straight kurta with keyhole neck and three-quarter sleeves, priced at INR 1799. Primary color is Maroon."
8226,"Franco Leone Men's black solid leather formal slip-ons with cushioned footbed, priced at INR 2699. Primary color is Black."
8227,"LOCOMOTIVE Men's dark blue casual shirt with woven design, spread collar, and long sleeves, priced at INR 1299. Primary color is Blue."
8228,"Cortina Unisex white & maroon set of 2 door curtains with geometric pattern, priced at INR 545. Primary color is White."
8229,"Cortina Unisex off-white & brown set of 2 long door curtains with abstract pattern, priced at INR 629. Primary color is White."
8230,"Van Heusen Woman rose gold-toned solid open toe block heels with synthetic upper, priced at INR 1624."
8231,"Cortina Unisex purple set of 2 door curtains with floral pattern, priced at INR 545. Primary color is Purple."
8232,"HERE&NOW Women's green & blue floral printed halter neck maxi dress with concealed zip closure, priced at INR 549. Primary color is Blue."
8233,"Van Heusen Woman gold-toned & beige solid sneakers with lace-up detail, priced at INR 2469. Primary color is Beige."
8234,"Free Authority Women's blue embellished woven t-shirt dress with round neck and three-quarter sleeves, priced at INR 649."
8235,"Global Desi Women's black printed A-line kurta with boat neck and three-quarter sleeves, priced at INR 749. Primary color is Black."
8236,"U.S. Polo Assn. Denim Co. Men's blue slim tapered fit low distress stretchable jeans, priced at INR 1949. Primary color is Blue."
8237,"Fox Men's blue polo T-shirt with spread collar and short sleeves, priced at INR 699. Primary color is Blue."
8238,"HERE&NOW Women's green & pink floral printed maxi dress with round neck and sleeveless design, priced at INR 1299. Primary color is Green."
8239,"C9 AIRWEAR Women's grey melange printed tights with elasticated waistband, priced at INR 659. Primary color is Grey."
8240,"Parx Men's brown slim fit solid regular trousers with button closure, priced at INR 1299. Primary color is Brown."
8241,"AccessHer Women's white circular hoop earrings with artificial beads, priced at INR 350. Primary color is White."
8242,"W Women's grey & navy blue printed A-line layered kurta with keyhole neck and three quarter sleeves, priced at INR 1999. Primary color is Blue."
8243,"MISH Women's off-white solid satin finish regular top with square neck and long sleeves, priced at INR 1019. Primary color is White."
8244,"Cortina Unisex green set of 2 door curtains with ethnic motifs pattern, priced at INR 2067. Primary color is Green."
8245,"C9 AIRWEAR Women's pack of 3 assorted low rise hipster briefs, priced at INR 499."
8246,"Van Heusen Woman burgundy snakeskin textured pointed toe pumps, priced at INR 1494. Primary color is Red."
8247,"Louis Philippe Men's blue slim fit self design formal shirt with spread collar and long sleeves, priced at INR 1004. Primary color is Blue."
8248,"W Women's mustard yellow & off-white printed A-line sustainable kurta with keyhole neck and three-quarter bell sleeves, priced at INR 1119. Primary color is Yellow."
8249,"W Women's pink printed A-line top with sequinned detail, round neck, and three-quarter sleeves, priced at INR 1699. Primary color is Pink."
8250,"Van Heusen Men's grey & brown slim fit checked formal trousers with button closure, priced at INR 2499. Primary color is Brown."
8251,"Z-ZOOM Unisex rectangle sunglasses with grey polarised lenses and metal full rim frame, priced at INR 1497."
8252,"C9 AIRWEAR Women's burgundy solid tights with slip on closure, priced at INR 557. Primary color is Burgundy."
8253,"Mufti Men's black & white regular fit printed casual shirt with spread collar and long sleeves, priced at INR 1074. Primary color is Black."
8254,"Van Heusen Woman women's red self design top with round neck and long sleeves, priced at INR 999. Primary color is Red."
8255,"W Women's pink & golden printed straight kurta with keyhole neck and three-quarter sleeves, priced at INR 1799. Primary color is Pink."
8256,"W Women's yellow embroidered layered A-line dress with tie-up detail, round neck, and three-quarter sleeves, priced at INR 1119. Primary color is Red."
8257,"Global Desi Women's blue solid A-line kurta with round neck and sleeveless design, priced at INR 824. Primary color is Blue."
8258,"TREEMODA Men's black chikankari kurta with pyjamas, mandarin collar, and long sleeves, priced at INR 2199. Primary color is Red."
8259,"W Women's white & black pure cotton striped straight kurta with round neck and three-quarter sleeves, priced at INR 599. Primary color is Black."
8260,"Lady Stark Women's red solid top with keyhole neck and three-quarter sleeves, priced at INR 1160. Primary color is Red."
8261,"People Men's maroon solid casual shirt with mandarin collar and long sleeves, priced at INR 599. Primary color is Maroon."
8262,"NIZA Women's black & orange regular fit printed cropped trousers with hook and bar closure, priced at INR 4490. Primary color is Black."
8263,"Anouk Women's multicoloured embellished one toe flats with synthetic upper, priced at INR 524. Primary color is Red."
8264,"AccessHer Gold-Toned & White Circular Studs, gold-plated, and has kundan Secured with a post and back, priced at INR 902. Primary color is White."
8265,"U.S. Polo Assn. Men's navy blue printed regular fit casual shirt with button-down collar and long sleeves, priced at INR 1609. Primary color is Blue."
8266,"Cortina Unisex coral pink set of 2 room darkening door curtains with ethnic motifs pattern, priced at INR 2067. Primary color is Pink."
8267,"W Women's white & green embroidered straight kurta with round neck and three-quarter sleeves, priced at INR 679. Primary color is Green."
8268,"OFF LIMITS Men's grey mesh mid-top training or gym shoes with slip-on detail, priced at INR 951. Primary color is Grey."
8269,"Mufti Men's navy blue regular fit printed casual shirt with spread collar and long sleeves, priced at INR 899. Primary color is Blue."
8270,"Van Heusen Woman maroon solid flatform sneakers with lace-ups detail, priced at INR 1689. Primary color is Maroon."
8271,"HERE&NOW Women's green & navy blue woven design A-line kurta with mandarin collar and three-quarter sleeves, priced at INR 1299. Primary color is Blue."
8272,"Van Heusen Woman olive green solid sneakers with lace-up detail, priced at INR 1689. Primary color is Green."
8273,"AccessHer 22k gold-plated jewellery set consisting of a necklace and a pair of earrings, secured with lobster closure, priced at INR 602. Primary color is Gold."
8274,"W Women's pink & white printed A-line kurta with mandarin collar, button closures, and three-quarter sleeves, priced at INR 799. Primary color is White."
8275,"MISH Women's multicoloured candy striped A-line top with gathered detail, round neck, and sleeveless design, priced at INR 779. Primary color is Red."
8276,"W Women's white & black striped straight kurta with thread work and pom-pom detail, round neck, and three-quarter sleeves, priced at INR 679. Primary color is Black."
8277,"Van Heusen Woman grey solid block heels with backstrap detail, priced at INR 1624. Primary color is Grey."
8278,"Madame Women's maroon self design top with studded detail, round neck, and three-quarter sleeves, priced at INR 639. Primary color is Maroon."
8279,"AHIKA Women's grey, pink and mustard yellow printed straight kurta with keyhole neck and three-quarter sleeves, priced at INR 694. Primary color is Pink."
8280,"Franco Leone Men's tan brown leather sandals with slip-on closure, priced at INR 1186. Primary color is Brown."
8281,"W Women's magenta solid churidar leggings with elasticated waistband, priced at INR 359. Primary color is Magenta."
8282,"fungus Women's blue slim fit high-rise clean look stretchable jeans, priced at INR 999. Primary color is Blue."
8283,"Van Heusen Woman beige & gold-toned woven design pointed toe pumps with backstrap detail, priced at INR 1494. Primary color is Beige."
8284,"W Women's purple & peach-coloured printed straight kurta with keyhole neck, three-quarter sleeves, priced at INR 679. Primary color is Red."
8285,"Frozen featured blue Tshirt for Girls with round neck, and short sleeves, priced at INR 419. Primary color is Blue."
8286,"W Women's lime green & off-white printed straight kurta with mandarin collar and three-quarter sleeves, priced at INR 749. Primary color is Green."
8287,"C9 AIRWEAR Women's pack of 3 assorted solid mid-rise bikini briefs, priced at INR 499."
8288,"Franco Leone Men's black leather formal slip on shoes with lace-ups, priced at INR 1199. Primary color is Black."
8289,"Blacksmith Men multicoloured printed pocket square, priced at INR 347. Primary color is Red."
8290,"Floral Access Bonafide Digital Print Playsuit, has a V-neck, short sleeves, priced at INR 531."
8291,"Oxolloxo Women Yellow Printed Top, has a round neck, and sleeveless, priced at INR 549. Primary color is Yellow."
8292,"612 league Boys Blue Regular Fit High-Rise Clean Look Jeans, priced at INR 877. Primary color is Blue."
8293,"Miss Chase Women Navy Blue Skinny Fit High-Rise Clean Look Jeans, priced at INR 989. Primary color is Blue."
8294,"W Women's off-white & green printed A-line dress with gathers, round neck, and three-quarter sleeves, priced at INR 999. Primary color is Green."
8295,"U.S. Polo Assn. Men's white & navy blue striped slim fit polo collar T-shirt, priced at INR 949. Primary color is Blue."
8296,"People Men's blue regular fit solid casual shirt with button-down collar and long sleeves, priced at INR 899. Primary color is Blue."
8297,"Marks & Spencer Women White Self Design A-Line Top, has a tie-up neck, and sleeveless, priced at INR 1999. Primary color is White."
8298,"Roadster Women Pink Solid Round Neck Knitted T-shirt, has a round neck, long sleeves with colourblock pattern, priced at INR 209. Primary color is Pink."
8299,"Cortina Unisex Green & Off-White Set of 2 Window Curtains with Geometric Window pattern, priced at INR 450. Primary color is Green."
8300,"Louis Philippe Sport Men Black Super Skinny Fit Solid Regular Trousers, priced at INR 2039. Primary color is Black."
8301,"W Women's pink printed straight kurta with keyhole neck and three-quarter sleeves, priced at INR 1599. Primary color is Pink."
8302,"AccessHer Gold-Toned & Blue Stone Nose Ring With Chain, priced at INR 600. Primary color is Blue."
8303,"Z-ZOOM Unisex Green Aviator Sunglasses with Green Polarised lens, priced at INR 1497. Primary color is Green."
8304,"W Women's blue printed semi sheer layered straight sustainable kurta with mandarin collar and three-quarter sleeves, priced at INR 799. Primary color is Blue."
8305,"SG YUVRAJ Boys Black Solid Single-Breasted Suit, priced at INR 1889. Primary color is Black."
8306,"AccessHer Gold-Toned Stone Nose Ring With Chain, priced at INR 660. Primary color is Gold."
8307,"Lady Stark Women Purple Solid Top, has a keyhole neck, and three-quarter sleeves, priced at INR 1167. Primary color is Purple."
8308,"AHIKA Women Blue & Golden Floral Printed Straight Kurta, has a keyhole neck, three-quarter sleeves, button closure, straight hem, and side slits, priced at INR 599. Primary color is Blue."
8309,"Global Desi Women Beige Printed Layered Maxi Dress, priced at INR 1109. Primary color is Red."
8310,"Mufti Men Off-White & Olive Green Regular Fit Checked Casual Shirt, priced at INR 1149."
8311,"W Women Mustard Yellow & Golden Floral Printed Maxi Dress, priced at INR 4999."
8312,"fungus Women Blue Slim Fit High-Rise Clean Look Stretchable Jeans, priced at INR 999."
8313,"Cortina Blue Set of 2 Window Curtains, priced at INR 384."
8314,"DIXCY SCOTT Men Taupe Solid V-Neck T-shirt, priced at INR 449."
8315,"Jompers Men Blue & Black Woven Design Straight Kurta, priced at INR 899."
8316,"Chumbak Women White Analogue Watch, priced at INR 957, featuring a printed round brass dial and a white leather strap."
8317,"Oxolloxo Women Blue Self-Design A-Line Top, priced at INR 699."
8318,"AHIKA Women Navy Blue Checked Straight Kurta, priced at INR 599."
8319,"W Women Off-White & Charcoal Grey Self-Checked Layered A-Line Kurta, priced at INR 2399."
8320,"GAP Men's Ringer Crewneck T-Shirt, priced at INR 1499, made from soft jersey knit with contrast rib-knit trim."
8321,"W Women Blue & Golden Printed Maxi Dress, priced at INR 2299."
8322,"W Women Orange & Mustard Yellow Printed Ethnic Maxi Dress, priced at INR 4599, with embellished detail."
8323,"Global Desi Women Black Fit and Flare Dress, priced at INR 899."
8324,"W Women Beige & Navy-Blue Self-Striped Straight Kurta, priced at INR 799, with embroidered detail."
8325,"MISH Women Beige & Black Animal Print Semi Sheer Top, priced at INR 839."
8326,"Fastrack Men Beige & Brown Striped Belt, priced at INR 477, secured with a tang closure and a 6-month warranty."
8327,"W Women Black & White Printed Straight Kurta, priced at INR 679, with thread work and panelled detail."
8328,"GAP Men's Burnout V T-Shirt, priced at INR 749, made from soft burnout jersey knit with an allover burnout finish."
8329,"Mufti Men Red Regular Fit Checked Casual Shirt, priced at INR 999."
8330,"Cortina Green & White Set of 2 Window Curtains, priced at INR 450, with a geometric pattern."
8331,"NIZA Women Yellow & Black Printed A-Line Dress, priced at INR 4990, with criss-cross on the back."
8332,"NIZA Women Navy Blue Solid A-Line Dress, priced at INR 6490, with embroidered detail."
8333,"W Women Navy Blue & Golden Embroidered A-Line Dress, priced at INR 3149."
8334,"Tossido Men Black Textured Leather Belt, priced at INR 674, secured with a tang and a 6-month warranty."
8335,"Blacksmith Men Beige Printed Pocket Square, priced at INR 347, with a polka dot print."
8336,"WISSTLER Women Black & Off-White Printed Longline Shrug, priced at INR 599."
8337,"W Women Red & Navy Blue Printed Straight Kurta, priced at INR 849."
8338,"BEARDO Men Neem Face Scrub for Acne & Oil Control 100 g, priced at INR 350."
8339,"Mufti Men Olive Green & Yellow Regular Fit Checked Casual Shirt, priced at INR 1124."
8340,"Louis Philippe Sport Men Olive Green & Blue Skinny Fit Checked Casual Shirt, priced at INR 1200."
8341,"VASTRAMAY Men Cream-Coloured Solid Straight Kurta, priced at INR 1299."
8342,"Mufti Men Orange Regular Fit Solid Casual Shirt, priced at INR 949."
8343,"Global Desi Women Teal Green & Red Printed High-Low Tunic, priced at INR 399."
8344,"W Women Off-White & Green Printed A-Line Kurta, priced at INR 759, with pintucks and sequinned detail."
8345,"AccessHer Women Gold-Plated Meenakari Bangle, priced at INR 420, with textured detailing."
8346,"W Women Black Solid Pathani Kurta, priced at INR 799."
8347,"Jompers Men Teal Blue & Gold-Coloured Woven Design Straight Kurta, priced at INR 844."
8348,"W Women Beige & Maroon Printed A-Line Kurta, priced at INR 799, with embroidered detail."
8349,"Jompers Men Maroon Woven Design Straight Kurta, priced at INR 899."
8350,"Tokyo Talkies Women Pink & Blue Floral Print Fit and Flare Dress, priced at INR 1399."
8351,"Mufti Men White & Grey Regular Fit Printed Casual Shirt, priced at INR 1024."
8352,"Blacksmith Men Blue Pocket Square, priced at INR 347, with a printed design."
8353,"Miss Chase Women Black Skinny Fit High-Rise Clean Look Stretchable Jeans, priced at INR 919."
8354,"KiddoPanti Girls Blue Solid Polo Collar T-shirt, priced at INR 350."
8355,"Oxolloxo Women Blue Regular Fit Printed Casual Shirt, priced at INR 579."
8356,"Lady Stark Women Black Printed Top, priced at INR 1243."
8357,"W Women Peach-Coloured Embellished Layered Straight Kurta, priced at INR 1999."
8358,"W Women Pink & Mustard Yellow Printed Maxi Flared Skirt, priced at INR 1799."
8359,"Lady Love White Solid Non-Wired Non Padded Everyday Bra LLBR2020, priced at INR 322."
8360,"W Women Green & Silver Yoke-Design Straight Kurta, priced at INR 699, with embroidered detail."
8361,"Cortina Orange Set of 2 Printed Room Darkening Window Curtains, priced at INR 1803, with a floral pattern."
8362,"W Women Beige & Navy Blue Slim Fit Self-Striped Cropped Trousers, priced at INR 1699, with embroidered detail."
8363,"W Women White & Blue Printed Straight Kurta, priced at INR 679."
8364,"AccessHer Gold-Plated & Blue CZ Stone Studded Jewellery Set, priced at INR 1064, consisting of a necklace and earrings."
8365,"AccessHer Gold-Plated & Silver-Toned Pendant Set, priced at INR 602, consisting of a pendant and earrings."
8366,"Van Heusen Sport Men Grey & White Slim Fit Checked Casual Shirt, priced at INR 1126."
8367,"W Women Pink Solid Straight Kurta, priced at INR 1259, with sequinned detail."
8368,"Van Heusen Woman Black Solid Block Heels, priced at INR 1624, with a synthetic upper and cushioned footbed."
8369,"W Women Purple & Golden Printed Straight Kurta, priced at INR 1799."
8370,"Cortina Off-White Set of 2 Window Curtains, priced at INR 1803, with a floral pattern."
8371,"Van Heusen Woman White Regular Fit Striped Casual Shirt, priced at INR 734."
8372,"Cortina Pink Set of 2 Window Curtains, priced at INR 443, with a floral pattern."
8373,"W Women Black Yoke Design Straight Kurta, priced at INR 679."
8374,"Cortina Brown & Black Set of 2 Long Door Curtains, priced at INR 629, with a floral pattern."
8375,"Oxolloxo Women Blue Sheath Dress, priced at INR 459."
8376,"Oxolloxo Women Blue Solid A-Line Top, priced at INR 512."
8377,"EthnoVogue Women Sea Green Embroidered Kurti with Palazzos & Dupatta, priced at INR 5807."
8378,"Global Desi Women Off-White & Red Printed Straight Kurti, priced at INR 479."
8379,"Sherlock, priced at INR 549, with Grey and Grey printed T-shirt."
8380,"Kids Ville Girls Coral Barbie Printed Dress, priced at INR 454."
8381,"Roadster Men White Solid Sneakers, priced at INR 1999, with a canvas upper and cushioned footbed."
8382,"W Women Green & Black Layered Landscape Print Detail Straight Kurta, priced at INR 594."
8383,"Kids Ville Girls Blue Frozen Printed Joggers, priced at INR 549."
8384,"W Navy Solid Dupatta, priced at INR 999, with a printed border."
8385,"W Women Navy Blue Yoke Design Straight Kurta, priced at INR 679."
8386,"Van Heusen Woman Black Solid Pumps, priced at INR 1624, with a synthetic upper and cushioned footbed."
8387,"Sera Women White Floral Printed Maxi Top, priced at INR 1097."
8388,"Shoetopia Women Red Solid Sliders, priced at INR 449, with a synthetic upper and patterned outsole."
8389,"Free Authority Black  Men Tshirt, priced at INR 449, with Black printed T-shirt."
8390,"Oxolloxo Women Navy Blue A-Line Dress, priced at INR 1299."
8391,"Jompers Men Green & Black Woven Design Straight Kurta, priced at INR 899."
8392,"People Men Blue Regular Fit Checked Casual Shirt, priced at INR 559."
8393,"Louis Philippe Sport Men Blue Tight Slim Fit Printed Casual Shirt, priced at INR 979."
8394,"AHIKA Women Blue & Pink Floral Printed Straight Kurta, priced at INR 694."
8395,"W Women Yellow & Pink Printed A-Line Dress, priced at INR 999."
8396,"Mufti Men Mustard Yellow Regular Fit Checked Casual Shirt, priced at INR 2099."
8397,"The House of Tara Women Coral Red Printed Backpack, priced at INR 1199."
8398,"W Women White & Black Striped Straight Kurta, priced at INR 679."
8399,"Parx Men Beige Slim Fit Solid Regular Trousers, priced at INR 839."
8400,"W Women Blue Yoke Design Semi-Sheer Straight Kurta, priced at INR 679, with thread work detail."
8401,"HERE&NOW Women Navy Blue Printed Hooded Crop Sweatshirt, priced at INR 449."
8402,"W Women Navy Blue & White Printed Straight Kurta, priced at INR 679."
8402,"W Women's navy blue and white printed straight kurta with a keyhole neck, three-quarter sleeves, and side slits, priced at INR 679."
8403,"W Women's off-white hem design wide-leg palazzos with a semi-elasticated waistband and drawstring closure, priced at INR 599."
8404,"Van Heusen Woman white solid flatform sneakers with lace-up detail, priced at INR 2599."
8405,"People Women's black solid top with a high neck and three-quarter sleeves, priced at INR 319."
8406,"Van Heusen Woman burgundy embellished heels with a backstrap detail and block heel, priced at INR 1494."
8407,"Cortina off-white single long door curtain with ethnic motifs, room darkening, and eyelet fitting, priced at INR 1143."
8408,"Lady Stark Women's blue floral printed A-line top with a round neck and three-quarter sleeves, priced at INR 1333."
8409,"Bohemia Crystal set of 6 Rebecca wine glasses with a solid pattern and 820ml capacity, priced at INR 3519."
8410,"W Women's beige and orange printed straight sustainable kurta with a round neck, three-quarter sleeves, and side slits, priced at INR 679."
8411,"W Women's black and white printed straight kurta with gathered detail, a round neck, three-quarter sleeves, and side slits, priced at INR 719."
8412,"Oxolloxo Women's green and red printed A-line dress with an off-shoulder neck and three-quarter sleeves, priced at INR 550."
8413,"Allen Solly Woman white printed polo collar T-shirt with short sleeves, priced at INR 749."
8414,"Mufti Men's coffee brown and beige regular fit printed casual shirt with a spread collar and long sleeves, priced at INR 899."
8415,"HERE&NOW Women's black solid front-open sweatshirt with a stand collar and long sleeves, priced at INR 1999."
8416,"Global Desi Women's black and pink printed A-line skirt with a partially elasticated waistband, priced at INR 569."
8417,"Franco Leone Men's black leather comfort sandals with a slip-on closure, priced at INR 1259."
8418,"HERE&NOW Women's navy blue solid sweatshirt with a mock collar and long sleeves, priced at INR 599."
8419,"Madame Women's red and white printed top with a round neck and long sleeves, priced at INR 479."
8420,"Franco Leone Men's black sneakers with lace-up detail, priced at INR 999."
8421,"Indo Era Women's teal blue and green embroidered kurta with palazzos, featuring a round neck, three-quarter sleeves, and chevron print palazzos, priced at INR 1151."
8422,"GAP Men's black wash skinny jeans with GapFlex stretch technology, priced at INR 1399."
8423,"Madame Women's coral orange solid top with lace inserts and a boat neck, priced at INR 519."
8424,"Blue Saint Women's white and blue dyed top with a scoop neck and short sleeves, priced at INR 419."
8425,"Madame Women's dusty pink solid top with studded detail and a round neck, priced at INR 679."
8426,"Global Desi Women's navy blue and off-white printed top with a tie-up neck and three-quarter sleeves, priced at INR 419."
8427,"Cortina green and white set of 2 long door curtains with a geometric pattern and eyelet fitting, priced at INR 629."
8428,"Z-ZOOM unisex wayfarer sunglasses with brown polarized lenses and a metal full-rim frame, priced at INR 1247."
8429,"Louis Philippe Sport Men's white and black checked casual shirt with a spread collar and long sleeves, priced at INR 1319."
8430,"Zink London Women's blue solid top with a round neck and short sleeves, priced at INR 389."
8431,"Louis Philippe Sport Men's pink solid casual shirt with a spread collar and long sleeves, priced at INR 1102."
8432,"W Women's black solid flared palazzos with a slip-on closure, priced at INR 1259."
8433,"Cortina green and white set of 2 printed door curtains with an abstract pattern and eyelet fitting, priced at INR 545."
8434,"Marks & Spencer Women's white solid A-line top with shoulder straps, priced at INR 594."
8435,"AHIKA Women's off-white and orange printed straight kurta with a notched round neck and three-quarter sleeves, priced at INR 599."
8436,"The Pink Moon Plus Size Women's white and navy striped longline shirt with a spread collar and three-quarter sleeves, priced at INR 1999."
8437,"W Women's rust red and off-white printed straight kurta with a mandarin collar and three-quarter sleeves, priced at INR 849."
8438,"Saint G Women's black solid leather ballerinas with a slip-on detail, priced at INR 4130."
8439,"Lady Stark Women's red printed top with a keyhole neck and three-quarter sleeves, priced at INR 1243."
8440,"Franco Leone Men's brown derbys with lace-up detail, priced at INR 1199."
8441,"W Women's sea green and golden printed A-line kurta with a keyhole neck and three-quarter sleeves, priced at INR 2299."
8442,"Be Indi Women's maroon solid A-line kurta with a round neck and three-quarter sleeves, priced at INR 798."
8443,"W Women's beige solid sharara with gotta patti detail and a drawstring closure, priced at INR 2999."
8444,"Van Heusen Woman women's silver-toned solid heels with a backstrap detail and block heel, priced at INR 1624."
8445,"AURELIA Women's cream-colored and pink self-design top with skirt and ethnic shrug, featuring a round neck, sleeveless top, and a slip-on skirt, priced at INR 1999."
8446,"MISH Women's green and white striped A-line dress with a round neck and short sleeves, comes with a belt, priced at INR 1079."
8447,"Lady Love blue solid non-wired non-padded minimizer bra with regular straps and back closure, priced at INR 362."
8448,"W Women's lavender and black printed Anarkali kurta with a mandarin collar and three-quarter sleeves, priced at INR 2799."
8449,"GAP Men's black slim-fit solid chinos with GapFlex stretch technology, priced at INR 1499."
8450,"Van Heusen Woman black solid block heels with a backstrap detail, priced at INR 1494."
8451,"W Women's lime green and off-white printed straight kurta with sequins and panelled detail, a keyhole neck, and three-quarter sleeves, priced at INR 719."
8452,"Parx Men's white and black printed polo T-shirt with short sleeves, priced at INR 599."
8453,"W Women's off-white striped detail straight kurta with embroidered and sequinned detail, a keyhole neck, and three-quarter sleeves, priced at INR 679."
8454,"W Women's pink and grey solid empire dress with tie-up and embroidered detail, a V-neck, and long sleeves, priced at INR 1199."
8455,"HERE&NOW Men's blue and black printed regular-fit joggers with an elasticated waistband and cuffed hem, priced at INR 1299."
8456,"Blacksmith Men's multicoloured printed pocket square, priced at INR 347."
8457,"W Women's white and pink net ombre effect flared palazzos with embroidered detail and a partially elasticated waistband, priced at INR 1619."
8458,"W Women's charcoal grey and black solid layered straight sustainable kurta with a round neck and sleeveless design, priced at INR 1399."
8459,"SG YUVRAJ Boys' blue and brown sherwani set with a solid double-breasted sherwani and woven churidar, priced at INR 1759."
8460,"CALFNERO Men's black genuine leather solid messenger bag with a non-detachable sling strap and zip closure, priced at INR 7469."
8461,"People Men's grey solid Henley neck T-shirt with short sleeves, priced at INR 274."
8462,"W Women's rust orange solid churidar length leggings with an elasticated waistband, priced at INR 359."
8463,"Monrow Women's black solid T-strap flats with an ankle loop detail, priced at INR 799."
8464,"GAP Men's stripe pocket T-shirt with short sleeves, priced at INR 399."
8465,"W Women's grey and golden printed straight kurta with a mandarin collar and three-quarter sleeves, priced at INR 1019."
8466,"W Women's navy blue yoke design straight kurta with sequinned and pintuck detail, a V-neck, and three-quarter sleeves, priced at INR 759."
8467,"Kazo Women's navy blue solid skinny-fit jeggings with an elasticated waistband, priced at INR 895."
8468,"SOJANYA Men's green and gold-toned checked straight kurta with a mandarin collar and long sleeves, priced at INR 974."
8469,"Ahalyaa Women's yellow and white checked straight kurta with printed detail on the yoke, a round neck, and three-quarter sleeves, priced at INR 763."
8470,"Oxolloxo Women's yellow printed straight kurta with a V-neck and sleeveless design, priced at INR 1299."
8471,"W Women's navy blue printed A-line kurta with a keyhole neck and three-quarter sleeves, priced at INR 759."
8472,"fungus Women's blue slim-fit high-rise jeans with a clean look and light fade, priced at INR 999."
8473,"Lady Love purple solid non-wired non-padded everyday bra with regular straps and back closure, priced at INR 362."
8474,"EthnoVogue Women's teal green and beige embroidered kurti with sharara and dupatta, featuring a shoulder straps neck and three-quarter sleeves, priced at INR 5975."
8475,"CLAY CRAFT white ceramic handi or pot with a solid pattern and glossy finish, priced at INR 779."
8476,"Cortina orange set of 2 long door curtains with ethnic motifs, room darkening, and eyelet fitting, priced at INR 2294."
8477,"W Women's yellow and golden printed maxi dress with embroidered and panelled detail, a round neck, and long sleeves, priced at INR 2759."
8478,"W Women's orange and off-white printed straight kurta with a boat neck and three-quarter sleeves, priced at INR 519."
8479,"Mufti Men's white and red regular fit checked casual shirt with a spread collar and long sleeves, priced at INR 1149."
8480,"W Women's pink and mint green floral printed ethnic maxi dress with embellished and embroidered detail, a round neck, and long sleeves, priced at INR 4599."
8481,"Naari Women's white embroidered straight kurta with a round neck and three-quarter sleeves, priced at INR 911."
8482,"SOJANYA Men's burgundy woven design straight kurta with a mandarin collar and long sleeves, priced at INR 974."
8483,"AHIKA Women's red printed straight kurta with a notched round neck and three-quarter sleeves, priced at INR 694."
8484,"FS Mini Klub Boys' blue track pants with a printed design and elasticated waistband, priced at INR 849."
8485,"Louis Philippe Men's grey slim fit checked formal shirt with a spread collar and long sleeves, priced at INR 1559."
8486,"CLAY CRAFT white salt & pepper shaker set with a solid pattern and glossy finish, priced at INR 449."
8487,"W Women's pink and golden woven design straight kurta with a keyhole neck and three-quarter sleeves, priced at INR 1799."
8487,"W Women's pink and golden woven design straight kurta with keyhole neck, three-quarter sleeves, and side slits, priced at INR 1799."
8488,"W Women's off-white and black floral print straight kurta with mandarin collar, three-quarter sleeves, and multiple slits, priced at INR 719."
8489,"Vozaf Women's pink and white printed stole with tasselled border, priced at INR 764."
8490,"Jompers Men's red woven design straight kurta with mandarin collar, long sleeves, and side slits, priced at INR 899."
8491,"SOJANYA Men's gold-toned checked straight kurta with mandarin collar, long sleeves, and side slits, priced at INR 974."
8492,"HERE&NOW Women's white & black printed fit and flare dress with shoulder straps, sleeveless, concealed zip closure, and flared hem, priced at INR 1299."
8493,"W Women's off-white & red floral print straight kurta with a notched round neck, three-quarter sleeves, and side slits, priced at INR 679."
8494,"W Women's maroon & golden printed straight kurta with satin finish, keyhole neck, three-quarter sleeves, and side slits, priced at INR 764."
8495,"EthnoVogue Women's yellow & pink printed kurta with churidar & dupatta, priced at INR 8001."
8496,"Oxolloxo Women's off-white & navy blue printed tunic with a V-neck and short sleeves, priced at INR 499."
8497,"Jompers Men's gold-coloured & black woven design straight handloom kurta with mandarin collar, long sleeves, and side slits, priced at INR 899."
8498,"W Women's grey solid straight kurta with keyhole neck, three-quarter sleeves, and side slits, priced at INR 1699."
8499,"Ahalyaa Women's grey & pink floral printed layered maxi dress with a round neck, three-quarter sleeves, and flared hem, priced at INR 1359."
8500,"W Dusty pink solid mukaish work Dupatta with taping border, priced at INR 1299."
8501,"Oxolloxo Women's blue self-design woven A-line top with a tie-up neck and long sleeves, priced at INR 550."
8502,"W Women's lime green & golden woven design straight kurta with embellished detail, keyhole neck, three-quarter sleeves, and side slits, priced at INR 1799."
8503,"Jompers Men's teal blue & golden woven design straight kurta with mandarin collar, long sleeves, and side slits, priced at INR 989."
8504,"GAP Men's vintage slub jersey crewneck T-shirt, garment-dyed and washed for softness, priced at INR 999."
8505,"W Women's navy blue & white loose fit embroidered detail dhoti pants with slip-on closure, priced at INR 1899."
8506,"Van Heusen Woman Women's navy blue solid woven regular top with a round neck and long sleeves, priced at INR 999."
8507,"W Women's navy blue slim fit solid cropped trousers with a partially elasticated waistband and zip closure, priced at INR 599."
8508,"Oxolloxo Women's blue & white floral printed A-line top with a tie-up neck, gathered and pleated detail, and long puff sleeves, priced at INR 584."
8509,"W Women's fuchsia & golden printed straight kurta with sequinned detail, keyhole neck, three-quarter sleeves, and side slits, priced at INR 849."
8510,"Cortina Brown & White Set of 2 Window Curtains with Geometric Pattern , priced at INR 450."
8511,"W Women's dusty pink embellished straight kurta with a round neck, three-quarter sleeves, and side slits, priced at INR 1119."
8512,"Parx Men's charcoal grey & black printed polo T-shirt with a polo collar and short sleeves, priced at INR 559."
8513,"Parx Men's blue solid polo collar T-shirt, priced at INR 539."
8514,"Free Authority Black Women's printed T-shirt with a round neck and short sleeves, priced at INR 449."
8515,"W Women's maroon embroidered sequinned tiered A-line kurta with a round neck, three-quarter sleeves, and flared hem, priced at INR 4999."
8516,"Oxolloxo Multicoloured printed nightdress with round neck and short sleeves, priced at INR 472."
8517,"Louis Philippe Jeans Men's blue solid casual shirt with a spread collar, long sleeves, and curved hem, priced at INR 1919."
8518,"Z-ZOOM Unisex Rectangle Sunglasses 55072 with Brown Polarised Lens and Metal Frame , priced at INR 1497."
8519,"People Women's yellow self-design woven A-line top with a round neck, sleeveless design, and button closure, priced at INR 349."
8520,"U.S. Polo Assn. Men's navy blue & red striped slim fit polo collar T-shirt, priced at INR 1329."
8521,"W Women's green & navy blue printed anarkali kurta with sequinned detail, keyhole neck, three-quarter sleeves, and flared hem, priced at INR 1839."
8522,"Allen Solly Men's maroon slim fit self-design regular trousers with button closure and 4 pockets, priced at INR 1126."
8523,Blacksmith Men's green & blue printed pocket square.
8524,"HERE&NOW Women's navy blue & white printed off-shoulder maxi dress with shoulder straps, three-quarter sleeves, and flared hem, priced at INR 2399."
8525,"Cortina Pink & Maroon Set of 2 Long Door Curtains with Floral Pattern, priced at INR 629."
8526,"De Moza Navy blue T-shirt with a scoop neck and three-quarter sleeves, priced at INR 749."
8527,"Jompers Men's blue woven design straight kurta with mandarin collar, long sleeves, and side slits, priced at INR 899."
8528,"Jompers Men's red solid straight kurta with mandarin collar, long sleeves, and side slits, priced at INR 1299."
8529,"Chumbak Teal Blue Paisley Floral Owl iPhone 8 and SE Case, priced at INR 537."
8530,"Z-ZOOM Unisex Grey Square Sunglasses 55022 with Grey Polarised Lens and Metal Frame , priced at INR 1497."
8531,"GAP Men's original logo graphic T-shirt in soft cotton jersey, priced at INR 599."
8532,"VarEesha Brown Solid Wood Chopping Board/ Serving Platter, priced at INR 831."
8533,"W Women's blue & golden printed A-line kurta with a keyhole neck, three-quarter sleeves, and flared hem, priced at INR 2999."
8534,"AHIKA Women's green & orange floral printed straight kurta with a V-neck, three-quarter bell sleeves, and side slits, priced at INR 694."
8535,"W Women's blue solid churidar leggings with an elasticated waistband, priced at INR 359."
8536,"Taavi Women's orange solid hand block print legacy Angrakha sustainable dress with tie-up, priced at INR 749."
8537,"FOSH Women's blue bootcut mid-rise low distress jeans, priced at INR 1379."
8538,"Mufti Men's mustard yellow regular fit solid casual shirt with a spread collar, long sleeves, and curved hem, priced at INR 949."
8539,"Cortina Maroon Set of 2 Long Door Curtains, priced at INR 489."
8540,"Louis Philippe Sport Men's olive green super skinny fit solid casual shirt with a spread collar, long sleeves, and curved hem, priced at INR 1175."
8541,"Cortina Set of 2 Door Curtains with Floral Pattern, priced at INR 389."
8542,"EthnoVogue Women's off-white & mauve embroidered kurti with sharara & dupatta, priced at INR 5875."
8543,"W Women's off-white & black printed straight kurta with a mandarin collar, three-quarter sleeves, and multiple slits, priced at INR 719."
8544,"People Women's navy blue self-design woven A-line top with a round neck, sleeveless design, and button closure, priced at INR 384."
8545,"Oxolloxo Women's pink solid open front regular shrug with short sleeves, priced at INR 1299."
8546,"Z-ZOOM Unisex Wayfarer Sunglasses 55103 with Grey Regular Lens and Metal Frame , priced at INR 1247."
8547,"beevee Men's blue regular fit mid-rise clean look stretchable jeans, priced at INR 902."
8548,"GAP Men's vintage slub jersey henley with soft cotton jersey, priced at INR 1999."
8549,"Roadster Women's navy blue solid knitted t-shirt with a round neck and long sleeves, priced at INR 699."
8550,"Indo Era Women's rust orange & yellow floral embroidered straight kurta with a keyhole neck, three-quarter sleeves, and side slits, priced at INR 1199."
8551,"W Women's off-white & black striped straight kurta with a keyhole neck, three-quarter sleeves, and side slits, priced at INR 599."
8552,"Allen Solly Men's navy blue slim fit solid formal trousers with button closure and 5 pockets, priced at INR 1474."
8553,"Van Heusen Woman Red self-design knitted regular top with a round neck, ribbed hem, and long sleeves, priced at INR 999."
8554,"Louis Philippe Sport Men's white tight slim fit solid casual shirt with a spread collar, long sleeves, and curved hem, priced at INR 1004."
8555,"GAP Men's vintage slub jersey colorblock T-shirt with soft cotton jersey, priced at INR 749."
8556,"Madame Women's red printed top with applique detail, a round neck, and long sleeves, priced at INR 479."
8557,"AHIKA Women's cream-coloured & pink printed straight kurta with a keyhole neck with tie-up detail, three-quarter sleeves, and side slits, priced at INR 599."
8558,"W Women's pink yoke design straight kurta with embroidered and sequinned detail, round neck, three-quarter sleeves, and side slits, priced at INR 629."
8559,"W Women's white & black pure cotton loose fit striped cropped palazzos with a partially elasticated waistband, priced at INR 599."
8560,"Zelocity Women's navy blue solid T-shirt with a round neck and short sleeves, priced at INR 895."
8561,"Van Heusen Men's navy blue loose fit self-design formal trousers with button closure and 4 pockets, priced at INR 2299."
8562,"Allen Solly Woman Navy Blue self-design woven regular top with a V-neck and long sleeves, priced at INR 489."
8563,"W Women's yellow & orange pure cotton printed straight kurta with three-quarter sleeves, priced at INR 1499."
8564,CALFNERO Men's brown solid two fold leather wallet with card holders.
8565,"Rangmanch by Pantaloons yellow churidar leggings with an elasticated waistband, priced at INR 599."
8566,"W Blue Mukaish Work Dupatta with a printed border, priced at INR 1299."
8567,"Z-ZOOM Unisex Rectangle Sunglasses 55091 with Grey Polarised Lens and Metal Frame , priced at INR 1497."
8568,"Van Heusen Woman Black solid knitted regular top with a round neck and long sleeves, priced at INR 789."
8568,"Van Heusen Woman black solid knitted regular top for women, featuring a round neck and long sleeves."
8569,"Oxolloxo women's orange printed flared midi skirt with a slip-on closure, inner lining, and asymmetric hem."
8570,"VarEesha Unisex Red & Green Tiny Turtle Serving Bowl with Lid, printed with a matte finish and crafted from wood."
8571,U.S. Polo Assn. Denim Co. Men's blue skinny fit mid-rise clean look jeans with a button and zip closure.
8572,KiddoPanti Girls grey melange solid T-shirt with a polo collar and short sleeves.
8573,Louis Philippe Men's olive green slim fit solid regular trousers with button closure and 4 pockets.
8574,FOSH Women's blue bootcut mid-rise clean look jeans with a button and zip closure.
8575,"NIZA Women's navy blue & pink printed A-line dress with a V-neck, sleeveless design, concealed zip closure, flared hem, and a fabric belt."
8576,Cortina Blue & Off-White Set of 2 floral window curtains with regular light blocking and eyelet fitting.
8577,"EthnoVogue Women's black made-to-measure solid kurta with palazzos and dupatta, featuring a square neck, three-quarter sleeves, straight hem, and concealed zip closure."
8578,"Van Heusen Woman white solid casual shirt for women, featuring a spread collar, long sleeves, and button placket."
8579,"Z-ZOOM Women's rectangle sunglasses 55113 with grey regular lenses and a full rim metal frame, best suited for oval face shapes."
8580,"Oxolloxo Women's purple printed woven A-line dress with shoulder straps, three-quarter sleeves, and a straight hem."
8581,Mufti Men's cream-colored regular fit printed casual shirt with a spread collar and short sleeves.
8582,GAP Men's beige skinny fit solid chinos with GapFlex stretch technology.
8583,Louis Philippe Sport Men's blue checked casual shirt with a spread collar and long sleeves.
8584,Cortina Blue Set of 2 floral window curtains with regular light blocking and eyelet fitting.
8585,Tossido Men's black textured leather belt with a tang closure and 6 months warranty.
8586,Parx Men's blue slim tapered fit low-rise clean look stretchable jeans with a button and zip closure.
8587,"Z-ZOOM Unisex blue square sunglasses 55023 with blue regular lenses and a half rim metal frame, best suited for oval face shapes."
8588,Blacksmith Men's black musical notes printed pocket square.
8589,Jompers Men's black & golden woven design straight handloom kurta with a mandarin collar and long sleeves.
8590,"Cortina White Single Long Door Curtain with ethnic motifs, room darkening, and eyelet fitting."
8591,Cortina Blue Set of 2 abstract door curtains with regular light blocking and eyelet fitting.
8592,Marks & Spencer Women's white & navy blue striped cinched waist top with a V-neck and three-quarter sleeves.
8593,"Madame Women's grey melange printed knitted regular top with embellished detail, a round neck, and long sleeves."
8594,Fastrack Men's navy blue & brown colorblocked belt with a tang closure and 6 months warranty.
8595,Naari Women's green & off-white floral printed straight kurta with a round neck and three-quarter sleeves.
8596,Peanuts Featured Blue Tshirt for Women with a round neck and short sleeves.
8597,W Women's red yoke design straight sustainable kurta with a round neck and three-quarter sleeves.
8598,W Women's navy blue solid ankle length leggings with an elasticated waistband.
8599,"W Women's maroon & golden embroidered woven A-line dress with a round neck, three-quarter sleeves, an attached lining, and flared hem."
8600,"U.S. Polo Assn. Men's khaki printed mid-rise chinos with a waistband with belt loops, button and zip closure, and 5 pockets."
8601,Madame Women's grey melange embellished knitted regular top with a round neck and long sleeves.
8602,"W Women's grey solid straight kurta with embroidered detail, a round neck, and three-quarter sleeves."
8603,GAP Men's navy blue solid modern khakis chinos in slim fit with GapFlex.
8604,"Z-ZOOM Unisex rectangle sunglasses 55081 with green polarised lenses and a full rim metal frame, best suited for oval face shapes."
8605,U.S. Polo Assn. Men's navy blue slim fit embroidered polo collar t-shirt with short sleeves.
8606,Van Heusen Woman brown solid block heels with a synthetic upper and cushioned footbed.
8607,"Van Heusen Woman off-white solid open toe block heels with a synthetic upper and cushioned footbed, and 6 months warranty."
8608,Mufti Men's white & blue printed casual shirt with a spread collar and long sleeves.
8609,Rubans Gold-Toned & Pink dome shaped hand painted jhumkas with artificial stones and beads.
8610,fungus Women's blue slim fit high-rise clean look stretchable jeans with a button and zip closure.
8611,Cortina Green & Off-White Set of 2 floral long door curtains with regular light blocking and eyelet fitting.
8612,AHIKA Women's blue & white printed straight kurta with a round neck and three-quarter sleeves.
8613,Marks & Spencer Women's white solid shirt style top with a spread collar and long sleeves.
8614,"W Women's red yoke design empire A-line kurta with tie-up detail, a mandarin collar, and three-quarter sleeves."
8615,"Arrow Burgundy woollen blazer with a notched lapel, lightly padded shoulders and double button closures."
8616,W Women's off-white & navy blue self-striped straight kurta with a mandarin collar and three-quarter sleeves.
8617,Louis Philippe Sport Men's white checked casual shirt with a spread collar and long sleeves.
8618,Mufti Men's white & green checked casual shirt with a spread collar and long sleeves.
8619,FabAlley Women's pink solid knitted bardot top with an off-shoulder neck and short sleeves.
8620,Denizen From Levis Men's navy blue printed casual shirt with a spread collar and long sleeves.
8621,Mufti Men's off-white & brown checked casual shirt with a spread collar and long sleeves.
8622,Cortina Blue & White Set of 2 floral long door curtains with regular light blocking and eyelet fitting.
8623,Naari Women's peach-colored embroidered straight kurta with a V-neck and three-quarter sleeves.
8624,W Women's mustard yellow & blue printed straight kurta with a mandarin collar and three-quarter sleeves.
8625,Van Heusen Woman olive green embellished pumps with a synthetic upper and cushioned footbed.
8626,NIZA Women's navy blue & green printed midi A-line dress with a stylised square neck and long sleeves.
8627,"AHIKA Women's mustard yellow & brown printed A-line kurta with cut-out detail, a round neck, and short sleeves."
8628,GAP Men's Original Logo Graphic T-shirt in soft cotton jersey with short sleeves.
8629,"Zivame White & Blue Striped Non-Wired Non Padded Bralette Bra ZI1821FASHHASRT with seamless cups, regular straps and slip-on."
8630,W Women's green & rust orange printed straight kurta with a mandarin collar and three-quarter sleeves.
8631,"MISH Women's off-white solid woven blouson top with satin finish and tie-ups detail, a round neck, and sleeveless design."
8632,"Z-ZOOM Unisex blue aviator sunglasses 55014 with blue regular lenses and a full rim metal frame, best suited for oval face shapes."
8633,Mufti Men's white solid casual shirt with a mandarin collar and long sleeves.
8634,"W Women's peach-colored & golden printed top with palazzos & ethnic jacket, featuring a round neck, three-quarter sleeves, and zip closure."
8635,W Women's grey & blue printed straight kurta with a mandarin collar with button closures and three-quarter sleeves.
8636,"Z-ZOOM Unisex round sunglasses 55053 with brown polarised lenses and a full rim metal frame, best suited for oval face shapes."
8637,Naari Women's green & grey embroidered straight kurta with a round neck and three-quarter sleeves.
8638,Bohemia Crystal Set of 6 Champagne Glasses with a solid pattern and 195 ml capacity.
8639,W Women's navy blue & golden printed straight kurta with a mandarin collar and three-quarter sleeves.
8640,Cortina Brown Set of 2 floral window curtains with regular light blocking and eyelet fitting.
8641,W Women's navy blue & golden printed woven maxi dress with a round neck and long sleeves.
8642,Van Heusen Woman yellow self design knitted regular top with a round neck and long sleeves.
8643,W Women's mustard yellow & golden zari work layered straight kurta with a shirt collar and short sleeves.
8644,GAP Men's Vintage Slub Jersey Henley with garment-dyed and washed with a special technique for incredible softness and true color.
8645,W Women's navy blue woven design a-line kurta with a mandarin collar and three-quarter sleeves.
8646,W Women's beige self-striped mid-rise parallel trousers with embroidered detail and partially elasticated waistband.
8648,Roadster Women's black knitted T-shirt with a round neck and long sleeves.
8649,Van Heusen Woman tan textured ballerinas with synthetic upper and cushioned footbed.
8650,Van Heusen Woman peach-coloured striped woven top with a round neck and long sleeves.
8651,People Men's red solid Henley neck T-shirt with short sleeves.
8652,Z-ZOOM unisex round sunglasses with grey regular lenses and metal full rim frame.
8653,Franco Leone Men's black comfort sandals with synthetic upper and cushioned footbed.
8654,AccessHer gold-plated Kundan mangalsutra with matching earrings.
8655,Van Heusen Woman black striped pumps with synthetic upper and kitten heel.
8656,Marks & Spencer Women's navy blue solid A-line top with shoulder straps.
8657,W Women's charcoal grey & golden satin finish floral print straight kurta with a keyhole neck and three-quarter sleeves.
8658,Cortina pink set of 2 door curtains with printed polyester.
8659,Van Heusen Woman multicoloured printed woven top with a round neck and short sleeves.
8660,"CLAY CRAFT white 4-pieces solid ceramic dessert stand set, dishwasher and microwave safe."
8661,Oxolloxo Women's red regular fit printed casual shirt with a spread collar and long sleeves.
8662,Lady Stark Women's pink solid high-low top with a V-neck and long sleeves.
8663,People Men's yellow solid Henley neck T-shirt with short sleeves.
8664,Louis Philippe Sport Men's blue super skinny fit solid casual shirt with a spread collar and long sleeves.
8665,"W Women's yellow yoke design straight kurta with threadwork detail, a round neck, and three-quarter sleeves."
8666,Lady Stark Women's peach-coloured solid high-low top with a V-neck and long sleeves.
8667,Jompers Men's green woven design straight kurta with a mandarin collar and long sleeves.
8668,W Women's blue & off-white floral printed straight kurta with a keyhole neck and three-quarter sleeves.
8669,W Women's mustard yellow & golden printed straight kurta with a round neck and three-quarter sleeves.
8670,Cortina white & maroon set of 2 window curtains with floral pattern.
8671,W Women's white & blue printed straight kurta with a keyhole neck and three-quarter sleeves.
8672,Ferraiolo Men's navy blue leather sandals with slip-on closure and cushioned footbed.
8673,AHIKA Women's burgundy & off-white printed straight kurta with a round neck and three-quarter sleeves.
8674,U.S. Polo Assn. Denim Co. Men's black striped embroidered polo collar T-shirt with short sleeves.
8675,W Women's peach-coloured & navy blue striped straight kurta with thread work and pleated detail.
8676,Van Heusen Woman pink self design knitted top with a round neck and long sleeves.
8677,Cortina off-white & cream-coloured single window curtain with floral pattern.
8678,Louis Philippe Men's lavender self-design formal shirt with a spread collar and long sleeves.
8679,GAP Men's Vintage Slub Jersey Colorblock T-Shirt.
8680,Van Heusen Woman black solid heels with synthetic upper and block heel.
8681,Ahalyaa Women's blue & white checked straight kurta with a round neck and three-quarter sleeves.
8682,Miss Chase Women's blue skinny fit high-rise jeans with a button and zip closure.
8683,MISH Women's pink & navy blue candy stripe top with a round neck and short sleeves.
8684,CALFNERO Men's brown solid leather messenger bag with a non-detachable sling strap.
8685,Fox grey melange printed T-shirt with a V-neck and short sleeves.
8686,MISH Women's dusty pink solid top with a square neck and sleeveless design.
8687,Cortina peach-coloured set of 2 window curtains with ethnic motifs pattern.
8688,HERE&NOW Women's navy blue & pink solid reversible hooded sweatshirt with long sleeves and zip closure.
8689,Global Desi Women's rust red & navy blue printed high-low tunic with a round neck and three-quarter sleeves.
8690,Lady Stark Women's pink printed cinched waist top with a keyhole neck and three-quarter sleeves.
8691,VASTRAMAY Men's white solid straight cotton kurta with a mandarin collar and long sleeves.
8692,W Women's green hem design wide leg palazzos with inner drawstring closure.
8693,Cortina brown set of 2 door curtains with floral pattern.
8694,INVICTUS Men's navy blue solid formal Derbys with perforated detail and central lace-ups.
8695,Van Heusen Sport Men's navy blue slim fit solid regular trousers with button closure and 4 pockets.
8696,W Women's white & green printed anarkali kurta with thread work detail and long sleeves.
8697,Jompers Men's pink & yellow woven design straight kurta with a mandarin collar and long sleeves.
8698,Fastrack Men's black & beige striped belt with a tang closure.
8699,U.S. Polo Assn. Men's grey melange solid slim fit polo collar T-shirt with short sleeves.
8700,AHIKA Women's off-white & orange printed straight kurta with a keyhole neck and three-quarter sleeves.
8701,Cortina set of 2 long door curtains with floral pattern.
8702,Van Heusen Woman black solid block heels with synthetic upper and block heel.
8703,W Women's navy blue solid A-line layered dress with printed detail and a mandarin collar.
8704,Van Heusen Woman cream-coloured self design top with a boat neck and long sleeves.
8705,Z-ZOOM unisex rectangle sunglasses with grey polarised lenses and metal full rim frame.
8706,Madame Women's black printed knitted top with cut-out and applique detail.
8707,AccessHer Women's 22K gold-plated set of 2 bangles with textured detailing.
8708,AHIKA Women's multicoloured striped straight kurta with a notched round neck and three-quarter sleeves.
8709,Louis Philippe Sport Men's pink slim fit solid casual shirt with a spread collar and long sleeves.
8710,W Women's navy blue and sea green printed layered maxi dress with a mandarin collar and three-quarter sleeves.
8711,Global Desi Women's blue floral print straight kurta with a keyhole neck and three-quarter sleeves.
8712,Louis Philippe Men's purple tight slim fit self design formal shirt with a spread collar and long sleeves.
8713,Madame Women's peach-coloured solid ruffle detail sweater with a round neck and long sleeves.
8714,Lady Love peach-coloured solid full-coverage minimizer bra with non-padded and non-wired seamless cups.
8715,Cortina grey single window curtains with ethnic motifs pattern.
8716,Van Heusen Woman black solid block heels with synthetic upper and backstrap with buckle detail.
8717,Fastrack Men's olive green solid leather card holder with 3 card holders and 1 flap coin pocket.
8718,Van Heusen Woman taupe sheen pumps with synthetic upper and kitten heel.
8719,W Women's red & golden printed A-line sustainable kurta with sequinned detail and a mandarin collar.
8720,Franco Leone Men's multicoloured printed sneakers with canvas upper and lace-up detail.
8721,AURELIA Women's peach-coloured & silver printed crop top with skirt & shrug.
8722,Cortina white & green set of 2 window curtains with floral pattern.
8723,W Women's off-white & charcoal grey printed A-line kurta with a notched round neck and three-quarter sleeves.
8724,Oxolloxo Women's white checked top with a tie-up neck and three-quarter sleeves.
8725,The Pink Moon Plus Size Women's white and blue striped casual shirt with a spread collar and long sleeves.
8726,Jompers Men's green & gold-toned woven design straight kurta with a mandarin collar and long sleeves.
8727,Van Heusen Woman navy blue self design top with a round neck and three-quarter cuffed sleeves.
8728,Superdry Women's blue skinny fit mid-rise jeans with a button and zip closure.
8729,W Women's navy blue & white striped straight kurta with a round neck and three-quarter sleeves.
8730,Miss Chase Women's navy blue skinny fit high-rise jeans with a button fly closure.
8731,W Women's coral pink yoke design A-line kurta with gathered detail and long sleeves.
8732,Cortina pink set of 2 door curtains with floral pattern.
8733,Jompers Men's purple woven design straight kurta with a mandarin collar and long sleeves.
8734,Saint G Women's black solid leather open toe flats.
8735,W Women's off-white & maroon striped straight kurta with embroidered detail and a mandarin collar.
8736,Oxolloxo Women's multicoloured printed playsuit with a round neck and short sleeves.
8737,W Women's pink & navy blue printed maxi flared skirt with an elasticated waistband.
8737,"W Women's pink and navy blue printed maxi flared skirt with elasticated waistband, hook and bar and zip closure, and flared hem. The skirt is priced at INR 1399 and has 6 images. Primary color is Blue"
8738,"Parx Men's blue slim tapered fit low-rise mildly distressed stretchable jeans. It has a button and zip closure, and waistband with belt loops. The jeans are priced at INR 874 and have 7 images. Primary color is Blue"
8739,"Mufti Men's black regular fit printed casual shirt with a spread collar, long sleeves, button placket, curved hem, and 1 patch pocket. The shirt is priced at INR 999 and has 5 images. Primary color is Black"
8740,"Van Heusen Woman's black regular fit printed casual shirt with a mandarin collar, long sleeves, button placket, and curved hem. The shirt is priced at INR 930 and has 5 images. Primary color is Black"
8741,"W Women's blue & green printed straight sustainable kurta with a mandarin collar, three-quarter sleeves, straight hem, and multiple slits. The kurta is priced at INR 719 and has 6 images. Primary color is Blue"
8742,AURELIA Women's mustard yellow & pink printed layered A-Line Kurta. The kurta is priced at INR 799 and has 5 images. Primary color is Red
8743,"W Women's aubergine & beige printed straight kurta with a mandarin collar, three-quarter sleeves, button closure, curved hem, and side slits. The kurta is priced at INR 679 and has 5 images. Primary color is Beige"
8744,"Aujjessa Women's red & black yoke design straight kurta with a round neck, three-quarter sleeves, straight hem, and side slits. The kurta is priced at INR 1299 and has 5 images. Primary color is Red"
8745,"W Women's green & off-white floral printed anarkali kurta with sequinned detail, has a mandarin collar, three-quarter sleeves, flared hem and front slit. The kurta is priced at INR 3599 and has 5 images. Primary color is Green"
8746,OFF LIMITS Men's navy blue mesh mid-top training shoes with slip-on detail. The shoes are priced at INR 951 and have 5 images. Primary color is Blue
8747,Cortina Orange Set of 2 Long Door Curtains with Ethnic Motifs Pattern. These are Room Darkening curtains with Eyelet fitting. The curtains are priced at INR 2294 and have 4 images. Primary color is Orange
8748,"W Women's burgundy & black printed straight kurta with threadwork and panelled detail, has a round neck, three-quarter sleeves, straight hem, and side slits. The kurta is priced at INR 719 and has 5 images. Primary color is Black"
8749,"W Women's black solid woven sharara with printed detail, sheer with full lining, and slip-on closure. The Sharara is priced at INR 1259 and has 7 images. Primary color is Black"
8750,"Monrow Women's beige printed heels with synthetic upper, cushioned footbed and textured outsole. The Heels are priced at INR 998 and has 6 images. Primary color is Beige"
8751,Avira Home Grey & White Geometric Woven Shaggy Carpet made of Polyester with Rectangular shape. The Carpet is priced at INR 4439 and has 4 images. Primary color is White
8752,"Franco Leone Men's black leather formal slip-ons with leather upper, cushioned footbed and textured outsole. The slip-ons are priced at INR 1154 and has 5 images. Primary color is Black"
8753,"NIZA Women's coral pink & yellow printed A-line dress with a scoop neck, three-quarter bell sleeves with ruffle detailing, an attached lining, and straight hem. The Dress is priced at INR 3990 and has 5 images. Primary color is Yellow"
8754,"Madame Women's brown & off-white self-design sweater with a round neck, long sleeves, and ribbed hem. The sweater is priced at INR 1299 and has 5 images. Primary color is White"
8755,"Madame Women's pink embellished knitted regular top with a round neck, and long sleeves. The top is priced at INR 879 and has 5 images. Primary color is Pink"
8756,"W Women's black & off-white solid straight kurta with printed attached pallu, has a round neck, long sleeves, straight hem, mock button closures. The kurta is priced at INR 2799 and has 5 images. Primary color is Black"
8757,"Lady Stark Women's navy blue solid knitted regular top with a round neck, short sleeves, and zip closure. The top is priced at INR 872 and has 5 images. Primary color is Blue"
8758,"CALFNERO Men's black solid two fold wallet with 2 main compartments 5 card holders, 1 slip pocket. The wallet is priced at INR 539 and has 5 images. Primary color is Black"
8759,"Louis Philippe Sport Men's blue & green slim fit checked casual shirt with a spread collar, short sleeves, button placket, curved hem, and 1 patch pocket. The shirt is priced at INR 1299 and has 5 images. Primary color is Blue"
8760,Bhama Couture Women's black & pink solid kurta with sharara and dupatta. The set is priced at INR 1359 and has 5 images. Primary color is Black
8761,"W Women's off-white & pink printed woven maxi dress, has a round neck, long sleeves, flared hem, concealed zip closure. The dress is priced at INR 1999 and has 7 images. Primary color is White"
8762,Cortina Green & Black Set of 2 Printed Door Curtains with Floral Pattern. These are Regular Light blocking curtains with Eyelet fitting. The curtains are priced at INR 545 and have 4 images. Primary color is Green
8763,"W Women's maroon yoke design straight kurta with tie-ups, has a round neck, short sleeves, straight hem, and side slits. The kurta is priced at INR 1139 and has 5 images. Primary color is Maroon"
8764,"W Women's lavender solid churidar leggings, has an elasticated waistband with slip-on closure. The leggings are priced at INR 359 and has 5 images. Primary color is Lavender"
8765,Z-ZOOM Women's brown oval sunglasses with regular lens and full rim metal frame. The sunglasses are priced at INR 997 and have 5 images.
8766,"MISH Women's brown solid woven regular top with gathered detail, has shoulder straps. The top is priced at INR 899 and has 5 images. Primary color is Brown"
8767,"Lady Stark Women's Peach-Coloured and Brown printed woven regular top, has a round neck, and three-quarter sleeves. The top is priced at INR 1155 and has 5 images. Primary color is Red"
8768,Van Heusen Woman Grey Melange Woven Design Pumps with Bow Detail with kitten heel. The pumps are priced at INR 1624 and has 6 images. Primary color is Grey
8769,"W Women's green yoke design straight sustainable kurta, has a round neck, three-quarter sleeves, curved hem, and side slits. The kurta is priced at INR 679 and has 6 images. Primary color is Green"
8770,Cortina Blue Set of 2 Long Door Curtains with Geometric Pattern. These are Regular Light blocking curtains with Eyelet fitting. The curtains are priced at INR 629 and has 4 images. Primary color is Blue
8771,AccessHer Gold toned & White Kundan Maang Tika with kundan embellishment detail. The Maang Tika is priced at INR 1618 and has 3 images. Primary color is White
8772,"W Women's navy blue & white striped straight kurta with printed detail all over, has a mandarin collar, three-quarter sleeves, straight hem, button closure and multiple slits. The kurta is priced at INR 849 and has 5 images. Primary color is Blue"
8773,Franco Leone Men's beige driving shoes. The shoes are priced at INR 1224 and has 5 images. Primary color is Beige
8774,"W Women's red solid regular cropped trousers, has semi-elasticated waistband and zip closure. The trousers are priced at INR 999 and has 5 images. Primary color is Red"
8775,"Superdry Women's black dark wash 5-pocket mid-rise jeans, clean look, light fade, has a button and zip closure, and waistband with belt loops. The jeans are priced at INR 3899 and has 7 images. Primary color is Black"
8776,Cortina Set of 2 Long Door Curtains with Floral Pattern. These are Regular Light blocking curtains with Eyelet fitting. The curtains are priced at INR 629 and has 4 images.
8777,"Z-ZOOM Unisex round sunglasses with blue lens, full rim metal frame. The sunglasses are priced at INR 1247 and have 5 images."
8778,"People Men's grey printed casual shirt with a spread collar, long sleeves, button placket, curved hem, and 1 patch pocket. The shirt is priced at INR 519 and has 5 images. Primary color is Grey"
8779,"W Women's navy blue & peach-coloured yoke design straight sustainable kurta with sequinned detail, has a round neck, three-quarter sleeves, straight hem, and side slits. The kurta is priced at INR 799 and has 6 images. Primary color is Blue"
8780,"W Women's navy blue & golden printed layered A-line kurta, has a round neck, three-quarter sleeves, and flared hem. The kurta is priced at INR 2499 and has 5 images. Primary color is Blue"
8781,"Mufti Men's khaki & navy blue regular fit checked casual shirt with a spread collar, long sleeves, button placket, curved hem, and 1 patch pocket. The shirt is priced at INR 1049 and has 5 images. Primary color is Blue"
8782,"W Women's pink solid mid-rise regular cropped trousers, has semi-elasticated waistband and zip closure. The trousers are priced at INR 779 and has 5 images. Primary color is Pink"
8783,"Van Heusen Men's blue tight slim fit self design formal shirt, has a spread collar, long sleeves, button placket, straight hem, and 1 patch pocket. The shirt is priced at INR 1371 and has 5 images. Primary color is Blue"
8784,Z-ZOOM Women's purple oversized sunglasses with regular lens and full rim metal frame. The sunglasses are priced at INR 1247 and have 5 images.
8785,W Navy Navy Blue Mukaish Work Dupatta with sequinned and printed taping border. The Dupatta is priced at INR 1299 and has 2 images. Primary color is Blue
8786,GAP Men's Modern Khakis in Slim Fit with GapFlex. The Khakis are priced at INR 1499 and has 5 images. Primary color is Khaki
8787,"Jompers Men's sea green printed straight kurta, has a mandarin collar, long sleeves, straight hem, and side slits. The kurta is priced at INR 559 and has 5 images. Primary color is Green"
8788,Cortina Green Set of 2 Long Door Curtains. The curtains are priced at INR 629 and has 4 images. Primary color is Green
8789,"W Women's pink & golden printed A-line kurta, has a round neck, sleeveless, and flared hem. The kurta is priced at INR 3599 and has 5 images. Primary color is Red"
8790,"Yaadleen Women's lime green solid knitted regular top, has a round neck, long sleeves, and button closure. The top is priced at INR 459 and has 5 images. Primary color is Green"
8791,GAP Men's Vintage Slub Jersey Polo Shirt. The Shirt is priced at INR 749 and has 5 images.
8792,"W Women's white & green floral print high-slit sheer tiered A-line kurta with lace inserts, has a mandarin collar, three-quarter sleeves, button closure, flounce hem. The kurta is priced at INR 4999 and has 5 images. Primary color is Green"
8793,Cortina Beige & Black Set of 2 Door Curtains with Geometric Pattern. These are Regular Light blocking curtains with Eyelet fitting. The curtains are priced at INR 545 and have 4 images. Primary color is Black
8794,Bohemia Crystal Set Of 6 Transparent & Orange Whiskey Glasses with Solid Pattern. The Glasses are priced at INR 1949 and has 4 images. Primary color is Orange
8795,"W Women's navy blue solid straight kurta with embroidered panelling, has a keyhole neck with button closure, three-quarter sleeves, straight hem, and side slits. The kurta is priced at INR 1139 and has 5 images. Primary color is Blue"
8796,GAP Men's Vintage Slub Jersey Colorblock T-Shirt. The T-Shirt is priced at INR 749 and has 5 images.
8797,"Indo Era Women's off-white & maroon striped straight kurta, has a mandarin collar, three-quarter sleeves, straight hem, side slits, button closures. The kurta is priced at INR 735 and has 5 images. Primary color is White"
8798,"C9 AIRWEAR Women's teal blue solid knitted regular top, has a round neck, and sleeveless. The top is priced at INR 519 and has 5 images. Primary color is Blue"
8799,"Naari Women's off-white & pink embroidered straight kurta with floral printed detail, has a mandarin collar, three-quarter sleeves, straight hem, and multiple slits. The kurta is priced at INR 859 and has 5 images. Primary color is Red"
8800,Homesake Black Solid 3 Arms Handcrafted Ceiling Lamp. The Lamp is priced at INR 1620 and has 4 images. Primary color is Black
8801,"Global Desi Women's blue printed straight kurta, has a mandarin collar, three-quarter sleeves, high-low hem, and multiple slits, concealed button placket. The kurta is priced at INR 599 and has 4 images. Primary color is Blue"
8802,"Van Heusen Woman Red Self Design Top with a round neck, and long sleeves. The top is priced at INR 999 and has 5 images. Primary color is Red"
8803,"Arrow Sport Grey Printed Blazer with a notched lapel, lightly padded shoulders, single-breasted with double button closures, long sleeves. The Blazer is priced at INR 3499 and has 6 images. Primary color is Grey"
8804,"People Women's pink solid woven regular top, has shoulder straps, and three-quarter sleeves, has embroidered detail. The top is priced at INR 479 and has 5 images. Primary color is Pink"
8805,"Parx Men's red & navy blue checked casual shirt with a spread collar, long sleeves, button placket, curved hem, and 1 patch pocket. The shirt is priced at INR 949 and has 5 images. Primary color is Blue"
8806,"W Women's peach-coloured & white striped straight kurta, has a round neck, three-quarter sleeves, straight hem, and side slits, button closures. The kurta is priced at INR 679 and has 5 images. Primary color is Red"
8807,W Sea Green Solid Dupatta with a printed taping border along with tassels. The Dupatta is priced at INR 999 and has 2 images. Primary color is Green
8808,Bohemia Crystal Set of 6 Jive Whiskey Glass. The Glasses are priced at INR 2639 and has 3 images.
8809,"Jompers Men's silver-coloured & black woven design straight kurta, has a mandarin collar, long sleeves, straight hem, and side slits. The kurta is priced at INR 899 and has 5 images. Primary color is Red"
8810,"Franco Leone Men's brown leather sandals with slip-on closure, cushioned footbed and patterned rubber outsole. The sandals are priced at INR 1329 and has 5 images. Primary color is Brown"
8811,"Mufti Men's navy blue & red checked casual shirt with a spread collar, long sleeves, button placket, curved hem, and 2 flap pockets. The shirt is priced at INR 1049 and has 5 images. Primary color is Blue"
8812,"SOJANYA Men's maroon woven design straight kurta, has a mandarin collar, long sleeves, straight hem, and side slits. The kurta is priced at INR 974 and has 5 images. Primary color is Maroon"
8813,"Blacksmith Men's multicoloured printed woven pocket square, has a stitched border. The pocket square is priced at INR 347 and has 5 images. Primary color is Red"
8814,"Oxolloxo Women's blue & green printed woven sheath dress, has a round neck, three-quarter sleeves, button closure, and curved hem. The dress is priced at INR 459 and has 5 images. Primary color is Blue"
8815,"AHIKA Women's brown, mustard yellow and off-white printed straight kurta, has a shirt collar, three-quarter sleeves, straight hem, and side slits. The kurta is priced at INR 599 and has 5 images. Primary color is Yellow"
8816,Cortina Green Set of 2 Window Curtains with Floral Pattern. These are Room Darkening curtains with Eyelet fitting. The curtains are priced at INR 1803 and has 4 images. Primary color is Green
8817,"Mufti Men's white & red checked casual shirt with a spread collar, long sleeves, button placket, curved hem, and 1 patch pocket. The shirt is priced at INR 1224 and has 5 images. Primary color is Red"
8818,Cortina White & Maroon Set of 2 Door Curtains with Floral Pattern. These are Regular Light blocking curtains with Eyelet fitting. The curtains are priced at INR 545 and has 4 images. Primary color is White
8819,"Jompers Men's gold-toned woven design dupion silk straight kurta, has a mandarin collar, long sleeves, straight hem, and side slits. The kurta is priced at INR 899 and has 5 images. Primary color is Gold"
8820,Lady Love White Solid Non-Wired Non Padded Minimizer Bra. The Bra is priced at INR 324 and has 4 images. Primary color is Red
8821,"Ferraiolo Men's tan brown driving shoes with slip-on closure, cushioned footbed and patterned outsole. The shoes are priced at INR 949 and has 5 images. Primary color is Brown"
8822,Cortina Blue & White Set of 2 Door Curtains with Floral Pattern. These are Regular Light blocking curtains with Eyelet fitting. The curtains are priced at INR 545 and has 4 images. Primary color is Blue
8823,SOLES Women's grey open toe heels with block heel. The heels are priced at INR 967 and has 5 images. Primary color is Red
8824,"C9 AIRWEAR Women's pink solid T-shirt, has a round neck, and short sleeves. The T-shirt is priced at INR 599 and has 5 images. Primary color is Pink"
8824,Women's pink solid round neck T-shirt by C9 AIRWEAR.
8825,Women's navy blue & peach-coloured printed empire dress by W.
8826,Men's navy blue mesh mid-top training or gym shoes by OFF LIMITS.
8827,Women's aubergine & blue printed straight kurta by W.
8828,Women's black solid leather T-strap flats by Saint G.
8829,Women's green & pink printed kurta with palazzos & dupatta by EthnoVogue.
8830,Women's pink solid open toe flats by Shoetopia.
8831,Men's maroon & black printed joggers by HERE&NOW.
8832,Men's brown slip-on sneakers by Franco Leone.
8833,Women's navy blue yoke design straight kurta by W.
8834,Women's cream-coloured floral embroidered straight kurta by Naari.
8835,Women's beige & black printed straight kurta by W.
8836,Green set of 2 floral window curtains by Cortina for unisex.
8837,Men's white slim fit solid formal shirt by Louis Philippe with spread collar and one patch pocket.
8838,Women's navy blue solid ballerinas by Van Heusen Woman.
8839,Purple & White set of 2 floral door curtains by Cortina for unisex.
8840,Men's red loafers by Franco Leone.
8841,Women's mustard yellow & silver printed straight kurta with attached cowl by W.
8842,Men's black slip-on sneakers by Franco Leone.
8843,Men's black solid two fold wallet by CALFNERO with 8 card holders and 2 slip pockets.
8844,Women's green & peach-coloured printed maxi dress by W.
8845,Men's black leather formal derby by Franco Leone.
8846,Women's green quirky print layered A-Line Kurta by W.
8847,Women's orange & black self-striped straight kurta by W.
8848,Boys white Nasa printed round neck half sleeve T-shirt by Kids Ville.
8849,Men's blue tight slim fit faded casual shirt by Louis Philippe Jeans with spread collar and one patch pocket.
8850,Women's beige & grey printed straight kurta by W.
8851,White set of 4 bowls by CLAY CRAFT for unisex.
8852,Women's multicoloured printed top by Oxolloxo.
8853,Women's blue printed top by People.
8854,Women's grey A-Line Dress by Oxolloxo.
8855,Women's navy blue yoke design straight kurta by Global Desi.
8856,Men's blue & off-white slim fit printed casual shirt by Peter England Elite with spread collar and one patch pocket.
8857,Women's beige & golden printed straight kurta by W.
8858,Women's Peach-Coloured Made to Measure Solid Kurta with Churidar by EthnoVogue.
8859,Women's Blue Skinny Fit High-Rise Clean Look Stretchable Jeans by Miss Chase.
8860,Women's White Solid A-Line Top by Oxolloxo.
8861,Plus Size Women Grey Melange Solid Track Pants by The Pink Moon.
8862,Women's Yellow Printed Top by Lady Stark.
8863,Women's Mustard Yellow Solid Top with Skirt & Ethnic Jacket by AURELIA.
8864,Men's Black Slim Fit Solid Formal Trousers by Allen Solly.
8865,Plus Size Women White Regular Fit Satin Finish Solid Partywear Shirt by The Pink Moon.
8866,Maroon & White Set of 2 Geometric Window Curtains by Cortina for unisex.
8867,Green Set of 2 Floral Door Curtains by Cortina for unisex.
8868,Men's Blue Slim Fit Checked Formal Trousers by Van Heusen.
8869,Women's Teal Green & Silver Embroidered Straight Sustainable Kurta by W.
8870,Women's Maroon Ruffle Detail Printed Top by Madame.
8871,Women's Pink Embroidered Straight Kurta by Naari.
8872,Women's Olive Green Striped Straight Kurta by W.
8873,Men's Black Comfort Sandals by Franco Leone.
8874,Unisex Black & Red Colourblocked Duffel Bag by Fastrack.
8875,Unisex Black & Grey Colourblocked Duffel Bag by Fastrack.
8876,Women's Green & Blue Floral Printed Straight Kurta by W.
8877,Men's Silver-Toned Chronograph Watch SSB342P1 by SEIKO.
8878,Girls Grey Self Design Quilted Hooded Jacket by U.S. Polo Assn. Kids.
8879,Boys Mustard Regular Fit Solid Casual Shirt by TALES & STORIES with spread collar and one patch pocket.
8880,Women Brown Super Stay Lip Gloss 7ml by Daily Life Forever52.
8881,Women Red Printed Hooded Sweatshirt by The Vanca.
8882,Boys White Regular Fit Solid Casual Shirt by Marks & Spencer with button-down collar and one patch pocket.
8883,Boys Red & Grey Printed Polo Collar T-shirt by U.S. Polo Assn. Kids.
8884,Boys Navy Blue Solid Regular Fit Single-Breasted Blazer by U.S. Polo Assn. Kids.
8885,Girls Off-White & Red Striped Pullover Sweater by U.S. Polo Assn. Kids.
8886,Women Grey Regular Fit Solid Cargos by Roadster.
8887,Women Maroon Printed A-Line Fusion Kurta by AND.
8888,Boys Grey & Blue Printed Round Neck T-shirt by U.S. Polo Assn. Kids.
8889,Men Navy Blue & Maroon Solid Pullover Sweater by Roadster.
8890,Boys Coral Red Solid Hooded Puffer Jacket by U.S. Polo Assn. Kids.
8891,Girls Pink Solid Leggings by United Colors of Benetton.
8892,Girls Maroon Flip Sequin Velvet Finish Sweatshirt by U.S. Polo Assn. Kids.
8893,Men Charcoal Grey Regular Fit Printed Joggers by Roadster.
8894,Men Lime Green Solid Linen Nehru Jacket by Raymond.
8895,Men Olive Green Slim Fit Printed Casual Shirt by The Indian Garage Co with spread collar and one patch pocket.
8896,Women Red & Beige Printed Bhagalpuri Saree by Chhabra 555.
8897,Women Green & Golden Woven Design Handloom Banarasi Saree by Chhabra 555.
8898,Girls Pink & White Floral Print Fit and Flare Dress by U.S. Polo Assn. Kids.
8899,Unisex Brown Round Sunglasses 1019MG2753 by Voyage.
8899,Voyage Unisex Brown Round Polarized Sunglasses with plastic full rim frame.
8900,Roadster Women Black Regular Fit Solid Cropped Trousers with belt.
8901,Allen Solly Woman Red Printed Regular Fit Top with three-quarter sleeves.
8902,Cortina Set of 2 Blue and Off-White Geometric Door Curtains with eyelet fitting.
8903,Reebok Women Blue & White Printed Training Sports Bra with Speedwick fabric and lightly padded cups.
8904,Vishudh Women Black Printed Shirt Tunic with a mandarin collar and long sleeves.
8905,U.S. Polo Assn. Kids Boys Orange & Navy Striped Polo Collar T-shirt with long sleeves.
8906,SCOUP Women Black Embellished High-Low Top with short sleeves.
8907,GNIST Women Black Solid Open Toe Flats with synthetic upper and cushioned footbed.
8908,U.S. Polo Assn. Kids Girls Blue Self Design Top with a high neck and long sleeves.
8909,Biba Women Beige & Coffee Brown Printed Kurta with Churidar & Dupatta.
8910,Moda Rapido Women Blue & White Printed Straight Kurta with three-quarter bell sleeves.
8911,TALES & STORIES Girls Pink Printed Round Neck T-shirt with three-quarter sleeves.
8912,U.S. Polo Assn. Kids Girls Peach-Coloured Printed Hooded Sweatshirt with long sleeves and zip closure.
8913,Van Heusen Men Grey Checked Single-Breasted Blazer with a notched lapel and button closure.
8914,Cortina Set of 2 Pink Floral Window Curtains with eyelet fitting.
8915,U.S. Polo Assn. Kids Boys Mustard Solid Reversible Varsity Jacket with a stand collar and zip closure.
8916,Wintage Men Blue & Beige Printed Straight Kurta with a mandarin collar and long sleeves.
8917,Roadster Women Rust Red Regular Fit Solid Three-fourth Joggers with a drawstring closure.
8918,"W Women Teal Blue & Golden Printed Kurta with Sharara & Dupatta, featuring sequinned detail."
8919,United Colors of Benetton Girls Pack of two tops with long sleeves.
8920,Ed Hardy Men Blue Slim Fit Printed Casual Shirt with a button-down collar and long sleeves.
8921,U.S. Polo Assn. Kids Boys Navy Blue & Beige Printed Polo Collar T-shirt with short sleeves.
8922,Ed Hardy Men Maroon & Black Regular Fit Checked Casual Shirt with a button-down collar and long sleeves.
8923,U.S. Polo Assn. Kids Girls Black Embellished Joggers with sequinned detail and elasticated waistband.
8924,U.S. Polo Assn. Kids Boys Maroon & Beige Printed Joggers with an elasticated waistband and drawstring fastening.
8925,RAISIN Women Black Solid Flared Palazzos with 2 pockets and slip-on closure.
8926,U.S. Polo Assn. Kids Girls White Printed Round Neck T-shirt with long sleeves.
8927,GNIST Women Grey Solid Heels with synthetic patent upper and slim heel.
8928,U.S. Polo Assn. Kids Boys Brown & Navy Blue Solid Reversible Bomber with a stand collar and zip closure.
8929,Aask Women Turquoise Blue Embroidered Tunic with a round neck and short sleeves.
8930,GNIST Women Beige Solid Suede Open Toe Flats with ankle loop detail.
8931,United Colors of Benetton Boys Green Regular Fit Solid Casual Shirt with a spread collar and long sleeves.
8932,U.S. Polo Assn. Kids Boys Khaki Solid Hooded Bomber with a hood and zip closure.
8933,U.S. Polo Assn. Kids Boys Navy Blue Printed Round Neck T-shirt with long sleeves.
8934,U.S. Polo Assn. Kids Boys Blue Self Design Henley Neck T-shirt with long sleeves.
8935,U.S. Polo Assn. Kids Girls Pink Self Design Top with a mandarin collar and long sleeves.
8936,Biba Women Green & Off-White Printed Anarkali Kurta with Churidar Leggings & Dupatta.
8937,FABNEST Women Navy Blue Solid Straight Kurta with a mandarin collar and straight hem.
8938,U.S. Polo Assn. Kids Boys Black Solid Hooded Bomber Jacket with a hood and zip closure.
8939,Signature Sole Women Gold-Toned Embellished Open Toe Flats with no back strap detail and synthetic upper.
8940,Chhabra 555 Red & Golden Handloom Woven Design Banarasi Saree with woven design border.
8941,United Colors of Benetton Men Black & Yellow Printed Thong Flip-Flops with rubber upper material.
8942,U.S. Polo Assn. Kids Boys Navy Blue Self Design Pullover Sweater with long sleeves and ribbed hem.
8943,Cortina Set of 2 Blue Geometric Long Door Curtains with eyelet fitting.
8944,Batman featured Navy Tshirt for Men with short sleeves
8945,U.S. Polo Assn. Kids Boys Blue Printed Round Neck T-shirt with long sleeves.
8946,STAR WARS featured Grey Tshirt for Men with short sleeves
8947,U.S. Polo Assn. Kids Girls Pink Self Design Sweater Dress with mermaid sequinned detail and long raglan sleeves.
8948,U.S. Polo Assn. Kids Boys Green Printed Round Neck T-shirt with short sleeves.
8949,SWAROVSKI Necklace with a dazzling square-cut stone.
8950,U.S. Polo Assn. Kids Boys Navy Blue Solid Sweatshirt with long sleeves and zip closure.
8951,U.S. Polo Assn. Kids Girls Pink & Brown Printed Round Neck T-shirt with applique detail and long sleeves.
8952,Signature Sole Women Beige Solid Wedges with synthetic upper and wedge heel.
8953,Moda Rapido Women Orange & Navy Blue Printed Satin Finish Straight Kurta with three-quarter sleeves and two pockets.
8954,"SEIKO Solar Men Black Analogue watch with Chronograph, Tachymeter and Date Aperture."
8955,U.S. Polo Assn. Kids Girls Red & Navy Blue Checked Fit and Flare Dress with Belt and short cap sleeves.
8956,U.S. Polo Assn. Kids Girls Blue & Pink Printed Reversible Bomber Jacket with zip closure.
8957,INCOLOR 9 IN 1 Eyeshadow Makeup Studio Kit 18 g 1
8958,Signature Sole Women Mustard Yellow & Beige Woven Design Wedges with synthetic upper and wedge heel.
8959,Cortina Set of 2 Purple Floral Window Curtains with eyelet fitting.
8960,U.S. Polo Assn. Kids Girls Red & White Striped Pullover Sweater with long sleeves and ribbed hem.
8961,Ed Hardy Men Blue Dagger Super Slim Fit Mid-Rise Clean Look Stretchable Ombre Jeans with 5-pocket.
8962,Parx Men Grey Solid Urban Fit Single-Breasted Formal Suit with double button closure and lapel pin.
8963,Reebok Women Blue & Green Training Work Out Meet You There Paneled Tights with Speedwick technology.
8964,Van Heusen Woman Women Peach-Coloured Solid Pumps with kitten heel.
8965,FUGAZEE Men Olive Green Striped Round Neck T-shirt with 2 pockets.
8966,U.S. Polo Assn. Kids Boys Blue & Maroon Solid Reversible Bomber Jacket with cotton lining and zip closure.
8967,SHOWOFF Men Navy Blue Printed Slim-Fit Single-Breasted Pure Cotton Blazer with double button closures.
8968,GNIST Women Red Solid Suede Open Toe Flats with ankle loop detail.
8969,Voyage Unisex Brown Polarized Wayfarer Sunglasses with plastic full rim frame.
8970,MIMOSA Green & Navy Blue Poly Chiffon Woven Design Patola Saree with woven design border.
8971,Louis Philippe Men Pink Striped Formal Shirt with short sleeves.
8972,Roadster Men Black Sneakers with synthetic upper and lace-up detail.
8973,U.S. Polo Assn. Kids Boys Rust Red Regular Fit Solid Regular Trousers with 5 pockets.
8974,GNIST Women Black Solid Suede Open Toe Flats with synthetic upper.
8975,U.S. Polo Assn. Kids Girls Navy Blue Solid Hooded Sweatshirt with printed and applique detail and zip closure.
8976,Free Authority Men Grey CAPTAIN AMERICA Printed Round Neck T-Shirt with short sleeves.
8976,Men's grey printed T-shirt with a round neck and short sleeves from Free Authority.
8977,Girls' red and white striped A-line dress with a Peter Pan collar and long sleeves from U.S. Polo Assn. Kids.
8978,"Women's beige solid light impact sports bra from Reebok Classic designed in collaboration with Gigi Hadid, featuring power mesh on the back and an elastic hem."
8979,Women's beige open toe wedges from GNIST with a synthetic patent upper and cushioned footbed.
8980,"Women's pink and navy blue printed lehenga choli with dupatta from W, featuring sequinned and embellished details."
8981,Unisex round sunglasses from Voyage with black polarized lenses and a plastic full rim frame.
8982,Women's black textured ballerinas from Van Heusen Woman with a synthetic upper and cushioned footbed.
8983,Girls' grey melange and navy blue printed leggings with an elasticated waistband from United Colors of Benetton.
8984,Men's yellow printed polo collar T-shirt from Ed Hardy.
8985,"Women's pink super stay lip gloss from Daily Life Forever52, providing long-lasting moisture and a high-shine finish."
8986,Women's green and charcoal grey printed A-line top with a round neck and short sleeves from Moda Rapido.
8987,Women's navy blue printed open front shrug with a high-low hem from Cation.
8988,Women's olive green solid regular fit trousers with a button closure from AND.
8989,Women's pink linen blend woven design Kanjeevaram saree from MIMOSA.
8990,Men's navy blue analogue watch with a stainless steel bracelet from SEIKO.
8991,Women's black woven design mules with a slim heel from MSC.
8992,Women's red quilted backpack with a zip closure from GUESS.
8993,Men's pack of 3 black briefs with an elasticated waistband from Marks & Spencer.
8994,Men's blue slim fit printed casual shirt with a spread collar from The Indian Garage Co.
8995,Women's black solid wedges with a synthetic patent upper and cushioned footbed from GNIST.
8996,Men's blue checked single-breasted slim fit formal blazer from Van Heusen with a notched lapel.
8997,Women's black & red floral printed fit and flare dress with a V-neck and short sleeves from Lady Stark.
8998,Men's grey melange & black colourblocked front-open sweater with a hood from Roadster.
8999,Boys' red & green striped sweatshirt with embroidered detail from U.S. Polo Assn. Kids.
9000,Women's white solid flared palazzos with pockets and a slip-on closure from RAISIN.
9001,Girls' red solid open front jacket with a spread collar from U.S. Polo Assn. Kids.
9002,Women's olive green solid zip around wallet with multiple compartments from GUESS.
9003,Men's orange & black solid thong flip-flops with a rubber upper from United Colors of Benetton.
9004,Men's black solid track pants with an elasticated waistband from Force NXT.
9005,Sustainable set of 3 hair care regime from KAMA AYURVEDA.
9006,Women's navy blue self-checked pumps with a textile upper and bow detail from Van Heusen Woman.
9007,"Women's pink super stay lip gloss from Daily Life Forever52, providing long-lasting moisture and a high-shine finish."
9008,Women's yellow solid shirt style top with ruffle detailing and a V-neck from AND.
9009,Boys' red & navy colourblocked polo collar T-shirt with printed detail from U.S. Polo Assn. Kids.
9010,Boys' red solid casual shirt with a spread collar from United Colors of Benetton.
9011,Boys' navy blue solid hooded padded jacket with multiple pockets from U.S. Polo Assn. Kids.
9012,Women's black slip-on sneakers with a synthetic upper and cushioned footbed from Van Heusen Woman.
9013,Boys' green solid T-shirt with a polo collar from U.S. Polo Assn. Kids.
9014,Women's maroon solid cropped trousers with a button closure and belt from Roadster.
9015,Women's peach-coloured embellished A-line top with tie-ups from SCOUP.
9016,Women's black solid heels with a synthetic patent upper and stiletto heel from GNIST.
9017,Women's blue solid mid-rise trousers with a button closure from Roadster.
9018,"Women's black solid light-impact sports bra designed in collaboration with Gigi Hadid from Reebok Classic, featuring power mesh on the back and an elastic hem."
9019,Men's navy blue & red printed thong flip-flops with a rubber upper from United Colors of Benetton.
9020,Men's navy blue printed T-shirt with a round neck from Marks & Spencer.
9021,Boys' yellow solid hooded puffer jacket with pockets from U.S. Polo Assn. Kids.
9022,Girls' off-white & pink graphic printed sweatshirt with a round neck from U.S. Polo Assn. Kids.
9023,Girls' red printed woven regular top with a round neck from U.S. Polo Assn. Kids.
9024,Women's green & blue colourblocked workout ready sports bra with Speedwick technology from Reebok.
9025,Women's orange self design casual shirt with a spread collar from Yaadleen.
9026,Women's grey EQT Gazelle sneakers with a textile and leather upper from ADIDAS Originals.
9027,Women's navy blue studded heels with a synthetic upper from Metro.
9028,Men's navy blue slim fit solid formal shirt with a button-down collar from Hancock.
9029,Girls' yellow solid joggers with an elasticated waistband from United Colors of Benetton.
9030,Women's gold-toned solid open toe flats with a synthetic upper from BuckleUp.
9031,Men's black & red printed round neck T-shirt from Ed Hardy.
9032,Men's blue regular fit checked casual shirt with a spread collar from The Indian Garage Co.
9033,Men's black & fluroscent green colourblocked slim-fit track pants with zipper pockets from FUGAZEE.
9034,Girls' blue & red striped A-line dress with a round neck from U.S. Polo Assn. Kids.
9035,"Women's pink super stay lip gloss from Daily Life Forever52, providing long-lasting moisture and a high-shine finish."
9036,Men's blue Captain America printed T-shirt with a round neck from Free Authority.
9037,Girls' red solid hooded sweatshirt with embroidered detail from U.S. Polo Assn. Kids.
9037,"Red solid U.S. Polo Assn. Kids girls' sweatshirt with a hood and zip closure, priced at INR 949."
9038,Cortina unisex set of 2 white and green floral printed long door curtains for INR 730.
9039,"U.S. Polo Assn. Kids boys' maroon solid pullover sweater with a mock collar and zip closure, priced at INR 1899."
9040,Taavi women's beige and red Kalamkari hand block printed sustainable pure cotton dupatta for INR 549.
9041,Cortina unisex set of 2 white and brown floral door curtains for INR 449.
9042,Cortina unisex set of 2 pink floral door curtains for INR 629.
9043,Fusion Beats women's blue solid straight fit palazzos with pockets and pom-pom detail for INR 845.
9044,United Colors of Benetton boys' navy blue printed round neck T-shirt for INR 299.
9045,Lady Stark women's blue and pink floral printed blouson dress with a V-neck and three-quarter sleeves for INR 1827.
9046,SEIKO women's silver-toned analogue solar-powered watch with a stainless steel strap for INR 27500.
9047,Cortina unisex set of 2 white and brown floral long door curtains for INR 730.
9048,"Batman featured grey T-shirt for men, priced at INR 449."
9049,Denizen From Levis men's khaki 232 slim fit low-rise clean look stretchable jeans for INR 2099.
9050,GNIST women's black solid open toe heels with a wedge heel for INR 849.
9051,GNIST women's white solid open toe flats for INR 699.
9052,U.S. Polo Assn. Kids boys' olive green printed round neck T-shirt for INR 799.
9053,Roadster men's green printed camouflage joggers with a drawstring closure for INR 1999.
9054,U.S. Polo Assn. Kids boys' red mermaid sequinned round neck T-shirt for INR 649.
9055,U.S. Polo Assn. Kids boys' blue solid hooded puffer jacket with a zip closure for INR 2099.
9056,Biba women's rust brown and navy blue printed straight kurta with short sleeves for INR 1299.
9057,U.S. Polo Assn. Kids boys' yellow & navy striped polo collar T-shirt for INR 1119.
9058,Cortina unisex set of 2 orange floral door curtains for INR 629.
9059,U.S. Polo Assn. Kids girls' navy blue & burgundy self design drop waist dress with a concealed zip closure for INR 2499.
9060,Van Heusen men's blue checked pure cotton blazer with a double button closure for INR 3429.
9061,United Colors of Benetton men's multicoloured printed thong flip-flops for INR 499.
9062,Van Heusen Woman pink embellished kitten heels for INR 1624.
9063,U.S. Polo Assn. Kids boys' black solid jacket with a zip closure for INR 2309.
9064,SWAROVSKI Women Solitaire Pendant
9065,W Women Navy Blue Regular Fit Solid Cropped Drop Crotch Trousers for INR 1049.
9066,bodha Silver-Toned Quirky Cufflinks for INR 439.
9067,VASTRAMAY Men Coffee Brown & Grey Woven Design Nehru Jacket for INR 4999.
9068,fancy mart Pink Artificial MilkWeed Flowers with Pot for INR 471.
9069,U.S. Polo Assn. Kids girls' pink self design quilted hooded jacket with a zip closure for INR 1799.
9070,Free Authority Men Grey Batman Printed Round Neck T-Shirt for INR 449.
9071,bodha Silver-Toned Quirky Cufflinks for INR 479.
9072,U.S. Polo Assn. Kids boys' green & off-white printed polo collar T-shirt for INR 909.
9073,U.S. Polo Assn. Kids girls' black printed top with a button closure for INR 649.
9074,Roadster Women Burgundy Solid Slip-On Sneakers for INR 1999.
9075,Marks & Spencer Women Brown Solid Top for INR 509.
9076,Daily Life Forever52 Women Pink Super Stay Lip Gloss 7 ml for INR 629.
9077,Peora Silver-Plated Red Dome Shaped Jhumkas for INR 999.
9078,GNIST Women Gold-Toned Solid T-Strap Flats for INR 699.
9079,U.S. Polo Assn. Kids boys' green striped sweatshirt with a round neck for INR 1699.
9080,Roadster Men Maroon & Navy Blue Self Design Sweater for INR 1299.
9081,Moda Rapido Men Khaki Regular Fit Checked Regular Trousers for INR 599.
9082,Zink London Women White Printed A-Line Top for INR 559.
9083,Reebok Classic Women Green & Black Printed Vector Light Impact Bra EB5078 for INR 1494.
9084,Amante Women Pink Solid Bikini Briefs PAN71501 for INR 381.
9085,United Colors of Benetton Girls Blue & Green Printed Leggings for INR 299.
9086,U.S. Polo Assn. Kids Girls Orange & White Colourblocked Sweater Dress for INR 949.
9087,HERE&NOW Women Multicoloured Printed Styled Back Top for INR 1299.
9088,Chumbak Blue Printed Mobile & Tablet Pop Holder for INR 636.
9089,U.S. Polo Assn. Kids Boys Pink Solid Polo Collar T-shirt for INR 649.
9090,U.S. Polo Assn. Kids Boys Charcoal Grey& Beige Printed Polo Collar T-shirt for INR 1299.
9091,W Women Lavender Regular Fit Satin-Finish Solid Cropped Dhoti Pants for INR 1999.
9092,Biba Women Maroon & Golden Printed Ready to Wear Lehenga & Blouse with Dupatta for INR 2399.
9093,Park Avenue Men Navy Blue Self-Design Super Slim Fit Single-Breasted Formal Blazer for INR 3249.
9094,naughty ninos Girls Blue Shirt Denim Dress for INR 699.
9095,SWAROVSKI SWA SYMBOL:PENDANT STAR CZWH/ROS
9096,Force NXT Mens Charcoal Track Pants for INR 719.
9097,Daily Life Forever52 Women Pink Super Stay Lip Gloss 7ml for INR 629.
9098,Biba Women Black & Charcoal Grey Printed Kurta with Churidar & Dupatta for INR 2399.
9099,AND Women Black Printed Top for INR 559.
9100,U.S. Polo Assn. Kids Girls Red Printed Sweatshirt for INR 749.
9101,Ed Hardy Men Grey & Navy Blue Slim Fit Checked Casual Shirt for INR 1349.
9102,U.S. Polo Assn. Kids Boys Orange Printed Hooded Sweatshirt for INR 999.
9103,U.S. Polo Assn. Kids Boys Brown Solid Bomber Jacket for INR 2309.
9104,fancy mart Pink Artificial Mini Carnation Grass Flower Plant Carnation Flowers with Pot for INR 536.
9105,VASTRAMAY Men Cream-Coloured Woven Design Nehru Jacket for INR 1999.
9106,Rajesh Silk Mills Pink & Black Printed Saree for INR 718.
9107,United Colors of Benetton Boys White Regular Fit Self-Striped Casual Shirt for INR 1079.
9108,Sergio Tacchini Men Black Sneakers for INR 5299.
9109,GNIST Women Black Solid Suede Open Toe Flats for INR 699.
9109,Black suede open-toe flats for women by GNIST.
9110,U.S. Polo Assn. Kids colourblocked polo collar T-shirt for boys.
9111,United Colors of Benetton navy blue printed round neck T-shirt for girls.
9112,ADIDAS blue X 19.3 firm ground J football shoes for boys.
9113,Cortina set of 2 blue and white floral long door curtains.
9114,U.S. Polo Assn. Kids blue & white floral print empire top for girls.
9115,United Colors of Benetton grey melange printed round neck T-shirt for girls.
9116,Signature Sole nude-coloured solid heels for women.
9117,Sergio Tacchini olive green sneakers for men.
9118,Campus Sutra brown jacket for men.
9119,U.S. Polo Assn. Kids navy printed round neck T-shirt for girls.
9120,Batman featured blue T-shirt for men.
9121,TALES & STORIES brown printed casual shirt for boys.
9122,GNIST beige suede open-toe flats for women.
9123,U.S. Polo Assn. Kids black & white striped top with flip sequin for girls.
9124,U.S. Polo Assn. Kids red & navy blue printed top for girls.
9125,U.S. Polo Assn. Kids green solid regular fit corduroy trousers for boys.
9126,Ed Hardy black skuller super slim fit mid-rise clean look stretchable jeans for men.
9127,Roadster charcoal regular fit mid-rise clean look stretchable jeans for women.
9128,Biba charcoal grey printed kurta with churidar & dupatta for women.
9129,U.S. Polo Assn. Kids navy blue & beige printed polo collar T-shirt for boys.
9130,Allen Solly Sport blue skinny fit mid-rise mildly distressed jeans for men.
9131,Krafted With Happiness multicoloured rakhee for Unisex.
9132,Daily Life Forever52 red super stay lip gloss for women.
9133,Moda Rapido olive green slim fit mid-rise clean look stretchable jeans for men.
9134,U.S. Polo Assn. Kids olive green camouflage printed reversible bomber for boys.
9135,U.S. Polo Assn. Kids black joggers for boys.
9136,The Indian Garage Co rust red slim fit printed casual shirt for men.
9137,Moda Rapido charcoal grey & golden printed straight kurta for women.
9138,Signature Sole rose gold solid heels for women.
9139,ADIDAS Originals pink solid Stan Smith leather sneakers for women.
9140,Ishin blue & red printed saree for women.
9141,AND navy embellished maxi dress for women.
9142,Ahalyaa purple & off-white printed kurta with palazzos for women.
9143,Van Heusen Woman rust brown solid pumps for women.
9144,SEIKO solar off white analogue watch for women.
9145,Golden Girl navy blue lace lingerie set for women.
9146,Cortina set of 2 brown geometric long door curtains.
9147,Batman featured black T-shirt for men.
9148,Cortina set of 2 maroon & off-white printed long door curtains.
9149,AND blue striped tunic for women.
9150,U.S. Polo Assn. Kids white & navy printed leggings for girls.
9151,Area RugSMITH multicoloured premium floral pattern area rug for Unisex.
9152,U.S. Polo Assn. Kids navy blue solid joggers for boys.
9153,Reebok black & grey woven design speed flexweave training shoes for men.
9154,Cortina maroon & pink set of 2 floral printed door curtains.
9155,Roadster maroon & navy blue colourblocked pullover sweater for men.
9156,GNIST grey solid heels for women.
9157,Chumbak multicoloured printed mobile & tablet pop holder for Unisex.
9158,United Colors of Benetton black printed thong flip-flops for men.
9159,Marks & Spencer pack of 3 black briefs for men.
9160,Marks & Spencer black solid non-wired lightly padded plunge bra for women.
9161,Free Authority blue Superman printed round neck T-shirt for men.
9162,GNIST grey solid sandals for women.
9163,U.S. Polo Assn. Kids navy printed round neck T-shirt for boys.
9164,TALES & STORIES girls blue solid slim fit jeggings.
9165,United Colors of Benetton boys blue & red regular fit checked casual shirt.
9166,Krafted With Happiness red & yellow bro hand-embroidered rakhi for Unisex.
9167,Chhabra 555 navy blue solid saree for women.
9168,GNIST white solid sandals for women.
9169,Cortina set of 2 orange geometric door curtains.
9170,Cation teal blue solid fitted crop top for women.
9171,Biba navy blue & off-white printed A-line kurta for women.
9172,Shoetopia black solid thong flip-flops for women.
9173,U.S. Polo Assn. Kids girls blue printed quilted jacket.
9174,Free Authority men grey Superman printed round neck T-Shirt.
9175,U.S. Polo Assn. Kids girls pink sequinned polo collar T-shirt.
9176,GNIST women brown woven design open toe flats.
9177,United Colors of Benetton boys olive green camouflage print regular fit cargos.
9178,United Colors of Benetton men navy blue & red printed thong flip-flops.
9179,"Miss Chase women's navy blue skinny fit mid-rise clean look jeans. The jeans have five pockets, a button and zip closure, belt loops and are made of blue colored material."
9180,"SKAGEN DENMARK women's blue dial analogue watch with a circular case, steel-toned bracelet-style strap, and water resistance. It comes with a 1-year warranty and is packaged in a signature SKAGEN DENMARK case. The watch dial and strap are blue in color."
9181,W women's blue and golden printed kurta with trousers and dupatta set. The kurta is a straight knee-length style with a keyhole neck and three-quarter sleeves. The trousers are solid blue with a partially elasticated waistband. The dupatta is blue net with taping border and tasseled detail. The set is primarily blue in color.
9182,"U.S. Polo Assn. Kids boys black solid hooded tailored jacket with five pockets, zip and button closure, long sleeves, straight hem, and polyester lining. The jacket is red in color."
9183,Chhabra 555 pink and purple handloom woven design Banarasi kota saree with woven design border and blouse piece. The saree is pink in color.
9184,Marks & Spencer men's blue solid T-shirt with a polo collar and short sleeves.
9185,"fungus women's blue slim fit high-rise clean look stretchable jeans with five pockets, a button and zip closure, and belt loops."
9186,Biba women's beige and navy blue yoke design kurta with trousers and dupatta. The kurta is a straight calf-length style with a round neck and three-quarter sleeves. The trousers are printed with a partially elasticated waistband and drawstring closure. The dupatta is printed with a solid border. The set is primarily blue in color.
9187,"United Colors of Benetton boys' orange and green checked casual shirt with a spread collar, long sleeves, button placket, curved hem, and one patch pocket."
9188,"GNIST women's grey solid open toe heels with mid-top styling, ankle loop detail, synthetic upper, cushioned footbed, textured and patterned outsole, and stiletto heel. It comes with a 1-month warranty."
9189,Cortina set of 2 door curtains in white and green floral pattern with regular light blocking and eyelet fitting.
9190,Cation women's navy blue solid pure cotton styled back top with a round neck. The top is blue in color.
9191,"RUGSMITH grey premium distressed pattern area rug. The rug is rectangular, printed, and anti-skid."
9192,"Roadster men's maroon and navy blue colorblocked front-open sweater with a hood, long sleeves, zip closure, and ribbed hem. The sweater is blue in color."
9193,U.S. Polo Assn. Kids boys' rust red printed T-shirt with a round neck and short sleeves. The t-shirt is red in color.
9194,"Van Heusen men's grey self-design slim-fit formal blazer with a peaked lapel, single-breasted double-button closure, long sleeves, two flap pockets, one chest welt pocket, and a double-vented back hem."
9195,Masculino Latino men's green printed T-shirt with a round neck and short sleeves.
9196,"Park Avenue men's blue solid slim-fit single-breasted casual blazer with a notched lapel collar, long sleeves, button closure, three pockets, and an attached lining with two pockets. The blazer is blue in color."
9197,"SWAROVSKI PERFECTION:NECKLACE DMUL/RHS, a rhodium plated necklace with green-colored stones, and Crystal Pearls."
9198,"Signature Sole women's pink & gold-toned open toe sandals with synthetic upper, cushioned footbed, textured and patterned outsole, and wedge heel. It comes with a 2-month warranty."
9199,"Lychee bags women's grey solid backpack with a zip closure, non-padded back, zip pocket and non-padded shoulder straps. It comes with a 6-month warranty."
9200,"U.S. Polo Assn. Kids girls' red and silver polka-dot print woven regular top with a round neck, long sleeves, and button closure. The top is red in color."
9201,"U.S. Polo Assn. Kids girls' red, blue and off-white colourblocked sweatshirt with a round neck, long sleeves, straight hem. The sweatshirt is blue in color."
9202,Cortina set of 2 window curtains in maroon and white geometric pattern with regular light blocking and eyelet fitting.
9203,"United Colors of Benetton boys' white, blue and lime green checked casual shirt with a spread collar, long sleeves, button placket, and curved hem. The shirt is blue in color."
9204,"Biba women's teal blue and orange printed straight kurta with thread detail, mandarin collar, three-quarter sleeves, straight hem, and side slits. The kurta is blue in color."
9205,U.S. Polo Assn. Kids boys' off-white and navy printed T-shirt with a polo collar and short sleeves. The T-shirt is white in color.
9206,"The Indian Garage Co men's maroon beige and white printed casual shirt with a spread collar, long sleeves, button placket, curved hem, and 1 patch pocket."
9207,"Roadster men's grey and black striped pullover sweater with a round neck, long sleeves, and ribbed hem. The sweater is black in color."
9208,"U.S. Polo Assn. Kids boys' navy, red and green solid T-shirt with printed detail, a round neck, and long sleeves. The T-shirt is blue in color."
9209,"RUGSMITH blue premium floral pattern rug. The rug is rectangular, printed, and anti-skid."
9210,Marks & Spencer women's purple solid woven regular top with a round neck and short sleeves. The top is purple in color.
9211,Golden Girl white solid medium-coverage Bandeau bra with Lightly Padded and Non-Wired seamless cups. The bra has Strapless straps and back closure with styled back feature and Removable Cookie Pads. The bra is red in color.
9212,U.S. Polo Assn. Kids boys' blue printed sweatshirt with a round neck and straight hem. The sweatshirt is blue in color.
9213,"Voyage unisex wayfarer sunglasses with brown polarised lenses and plastic full rim frame, best suited for round face shape."
9214,"Cortina set of 2 brown printed door curtains with floral pattern, regular light blocking and eyelet fitting."
9215,"U.S. Polo Assn. Kids boys' olive green solid tailored jacket with a hood, 5 pockets, zip and button closure, long sleeves, straight hem, and polyester lining. The jacket is green in color."
9216,Biba women's coral red and off-white printed kurta with palazzos and dupatta. The kurta is a straight calf-length style with embroidered detail and a V-neck. The palazzos are printed with a partially elasticated waistband and drawstring closure. The dupatta is printed. The set is red in color.
9217,"U.S. Polo Assn. Kids girls' blue solid puffer jacket with quilted detail, a hood, 2 pockets, zip closure, long sleeves, straight hem, and nylon lining. The jacket is blue in color."
9218,"Van Heusen grey and blue checked formal blazer with a notched lapel, single breasted with double button closures, long sleeves, two pockets. The blazer is blue in color."
9219,"HERE&NOW men's maroon solid sweatshirt with a hood, two pockets, long sleeves, zip closure, straight hem."
9220,"Moda Rapido women's navy blue and yellow printed straight kurta with pintucks and threadwork detail, a notched round neck, three-quarter sleeves, straight hem, and side slits. The kurta is blue in color."
9221,Cortina set of 2 long door curtains in brown and off-white geometric long door pattern with regular light blocking and eyelet fitting.
9222,"GNIST women's red solid peep toe heels with synthetic patent upper, cushioned footbed, textured and patterned outsole, and wedge heel. It comes with a 1-month warranty."
9223,"W women's blue and silver Printed layered kurta with churidar with zari embroidery. The set includes a calf length ethnic jacket, a kurta and churidar. The set is blue in color."
9224,W women's green solid patiala salwar with embroidered detail and a partially elasticated waistband with slip-on closure.
9225,Cortina set of 2 door curtains in white and maroon floral pattern with regular light blocking and eyelet fitting.
9226,"U.S. Polo Assn. Kids boys' grey and blue solid reversible jacket with a stand collar, 2 pockets, zip closure, long sleeves, straight hem, and cotton lining. The jacket is blue in color."
9227,"Roadster men's olive green and navy blue colourblocked pullover sweater with a hood, long sleeves, and ribbed hem. The sweater is blue in color."
9228,"Reebok women's black & grey printed training tights with Speedwick fabric, flatlock seams, fitted fit, wide, mid-rise waist, allover graphic, and half cuffs."
9229,Ira Soleil women's olive green solid semi-sheer skirt with a drawstring and zip closure and an inner skirt. The skirt is green in color.
9230,"Parx men's navy blue solid suit with a blazer and mid-rise trousers. The blazer has a notched lapel, single-breasted double-button closure, long sleeves, three pockets, double vented back hem, and an attached lining with three built-in pockets. The trousers have a zip fly and button closure, four pockets, and a waistband with belt loops. The suit comes with a lapel pin. The suit is blue in color."
9231,"U.S. Polo Assn. Kids girls' blue printed woven regular top with a mandarin collar, long sleeves, and button closure. The top is blue in color."
9232,"Van Heusen Woman black pointed toe croc pattern pumps with synthetic upper, cushioned footbed, textured and patterned outsole, and kitten heel."
9233,Peora silver-plated beaded circular hoop earrings with artificial beads and insert closure. It comes with a 6-month warranty.
9234,"W women's pink, orange and golden printed layered A-line kurta with palazzos. The set includes a kurta, layer and palazzos. The set is red in color."
9235,"U.S. Polo Assn. Kids girls' yellow solid T-shirt with applique detail, a polo collar, and short puff sleeves."
9236,"CORSICA women's white solid sneakers with printed detail, synthetic upper, cushioned footbed and textured and patterned outsole."
9237,W women's navy blue and golden embellished top with skirt set. The set includes a top and skirt. The set is blue in color.
9238,"U.S. Polo Assn. Kids boys' red solid knitted joggers with printed detail, elasticated waistband with drawstring closure, three pockets, and cuffed hems. The joggers are red in color."
9239,"Biba women's yellow and green block print kurta with palazzos and dupatta. The set includes a kurta, layer, palazzos and dupatta. The set is green in color."
9240,FABNEST women's navy blue solid straight kurti with a round neck and three-quarter sleeves. The kurti is blue in color.
9241,U.S. Polo Assn. Kids boys' orange and navy blue printed T-shirt with a round neck and short sleeves. The T-shirt is navy in color.
9242,"U.S. Polo Assn. Kids girls' white, navy blue and pink striped leggings with printed detail and an elasticated waistband with slip on closure. The leggings are blue in color."
9243,"Vishudh women's red and white printed woven shirt dress with a shirt collar, three-quarter sleeves, button closure, flared hem, and a belt. The dress is red in color."
9244,Amante nude-coloured solid full-coverage T-shirt bra with Lightly Padded and Underwired seamless cups and Regular straps. The bra is red in color.
9245,"Wintage men's turquoise blue woven design straight kurta with a mandarin collar, long sleeves, straight hem, and side slits. The kurta is blue in color."
9246,"Wintage men's multicoloured striped straight kurta with a mandarin collar, long sleeves, straight hem, and side slits. The kurta is red in color."
9247,"GNIST women's red open toe heels with suede upper, cushioned footbed, textured and patterned outsole, and slim heel. It comes with a 1-month warranty."
9248,"Roadster women's white sneakers with synthetic upper, cushioned footbed, textured and patterned outsole and zip detail. It comes with a 1-month warranty."
9249,"U.S. Polo Assn. Kids girls' blue striped woven fit and flare dress with a round neck, long sleeves, button closure, and flared hem. The dress is blue in color."
9250,"Respiro men's tan brown loafers with synthetic upper, cushioned footbed, textured and patterned outsole. It comes with a 7 days warranty."
9251,"U.S. Polo Assn. Kids boys' navy blue, red and white printed T-shirt with embroidered detail, a polo collar, and short sleeves. The T-shirt is blue in color."
9252,"GNIST women's black open toe heels with synthetic upper, cushioned footbed, textured and patterned outsole, and block heel. It comes with a 1-month warranty."
9253,Alvaro Castagnino men's black leather wraparound bracelet with drawstring closure. It comes with a 6-month warranty.
9253,Alvaro Castagnino Men's black leather wraparound bracelet with a drawstring closure.
9254,U.S. Polo Assn. Kids Boys mustard yellow striped Henley neck T-shirt with long sleeves.
9255,Peora Oxidised Silver-Plated & Blue Peacock Shaped Stone Studded Drop Earrings secured with a post and back.
9256,"Vishudh Grey & Beige printed Tunic with a mandarin collar, long sleeves, and button closure."
9257,U.S. Polo Assn. Kids Girls pink & red printed sweatshirt with a round neck and long sleeves.
9258,U.S. Polo Assn. Kids Boys navy & red colourblocked T-shirt with a round neck and short sleeves.
9259,GNIST Women beige solid suede heels with a stiletto heel.
9260,fancy mart Green & Yellow Artificial Formosan Plant in Square Step Pot.
9261,Ed Hardy Men blue super slim fit mid-rise stretchable jeans with a button and zip closure.
9262,Voyage Unisex brown round sunglasses with polarized lenses and a full rim plastic frame.
9263,AND Women olive green embroidered top with tie-up cuffs and a button closure.
9264,MIMOSA Coral Pink Art Silk Woven Design Kanjeevaram Saree with a zari border and stitched blouse piece.
9265,United Colors of Benetton Men blue & grey printed thong flip-flops with a rubber upper and patterned outsole.
9266,"AND Women navy blue solid A-line dress with a V-neck, three-quarter sleeves, and button closure."
9267,Lady Stark Women white & black striped fit and flare dress with a round neck and three-quarter sleeves.
9268,Daily Life Forever52 Women red super stay lip gloss.
9269,Cation Women maroon solid basic jumpsuit with an off-shoulder neckline and sleeveless design.
9270,U.S. Polo Assn. Kids Boys navy blue & red brand logo print T-shirt with a round neck and long sleeves.
9271,HERE&NOW Women black & golden quirky printed straight kurta with a mandarin collar and three-quarter sleeves.
9272,Ed Hardy Men blue slim fit mid-rise acid wash cropped jeans with a button and zip closure.
9273,U.S. Polo Assn. Kids Girls peach-coloured printed sweatshirt with a round neck and long sleeves.
9274,U.S. Polo Assn. Kids Boys green & navy striped polo collar T-shirt with long sleeves.
9275,SEIKO Men black chronograph tachymeter analogue watch with a synthetic strap and water resistance of 100m.
9276,Marks & Spencer Girls black regular fit mid-rise jeans with a button and zip closure.
9277,bodha Silver-Plated Quirky CZ Gemstone Studded Cufflinks.
9278,U.S. Polo Assn. Kids Girls yellow & purple printed top with a round neck and short flared sleeves.
9279,Free Authority Men white Superman printed round neck T-shirt with short sleeves.
9280,BuckleUp Women tan brown solid belt secured with a tang closure.
9281,Roadster Men grey melange & black striped pullover sweater with a round neck and long sleeves.
9282,Campus Sutra Blue hooded sweatshirt with a zip closure and two pockets.
9283,Free Authority Men black Batman printed round neck T-shirt with short sleeves.
9284,Free Authority Men grey Superman printed round neck T-shirt with short sleeves.
9285,U.S. Polo Assn. Kids Boys mustard yellow printed T-shirt with a round neck and short sleeves.
9286,W Women white solid patiala salwar with a partially elasticated waistband.
9287,GNIST Women brown solid suede heels with a slim heel.
9288,The Indian Garage Co Men navy blue & white slim fit striped casual shirt with a spread collar and long sleeves.
9289,GNIST Women white solid sandals with a wedge heel.
9290,GNIST Women sea green solid suede open toe flats.
9291,U.S. Polo Assn. Kids Boys rust orange printed sweatshirt with a round neck and long sleeves.
9292,United Colors of Benetton Men yellow & blue solid thong flip-flops with a rubber upper and patterned rubber outsole.
9293,MIMOSA Beige Poly Chiffon Woven Design Kanjeevaram Saree with a woven design border.
9294,SEIKO Kinetic Men navy blue analogue watch with a leather strap and water resistance of 100m.
9295,GNIST Women red solid suede heels with a wedge heel.
9296,U.S. Polo Assn. Kids Boys white printed polo collar T-shirt with short sleeves.
9297,U.S. Polo Assn. Kids Boys coral pink printed round neck T-shirt with long sleeves.
9298,U.S. Polo Assn. Kids Boys maroon & navy solid sweatshirt with a stand collar and long sleeves.
9299,U.S. Polo Assn. Kids Boys coral orange solid polo collar T-shirt with short sleeves.
9300,United Colors of Benetton Boys blue colourblocked polo collar T-shirt with embroidered detail and short sleeves.
9301,U.S. Polo Assn. Kids Boys blue printed round neck T-shirt with short sleeves.
9302,U.S. Polo Assn. Kids Girls navy & red striped round neck T-shirt with long sleeves.
9303,Peora Silver-Plated Green Dome Shaped Jhumkas secured with a post and back.
9304,U.S. Polo Assn. Kids Boys navy blue & orange colourblocked sweatshirt with long sleeves.
9305,Disney by Wear Your Mind Men brown printed round neck T-shirt with short sleeves.
9306,United Colors of Benetton Boys burgundy & green regular fit printed casual shirt with a spread collar and long sleeves.
9307,"Tokyo Talkies Women olive green jacket with a spread collar, full button placket, and belt."
9308,U.S. Polo Assn. Kids Boys blue & white printed round neck T-shirt with short sleeves.
9309,U.S. Polo Assn. Kids Boys grey printed hooded sweatshirt with a zip closure.
9310,Instacrush Women brown printed open front shrug with long sleeves.
9311,United Colors of Benetton Girls navy blue & yellow printed leggings with an elasticated waistband.
9312,Moda Rapido Women peach-coloured solid peplum top with a round neck and three-quarter sleeves.
9313,Peora Silver-Plated & Gold-Toned Geometric Drop Earrings.
9314,SCUDERIA FERRARI Men charcoal grey analogue dial watch with a stainless steel strap and water resistance of 30m.
9315,Ed Hardy Men blue & white regular fit printed casual shirt with a spread collar and long sleeves.
9316,U.S. Polo Assn. Kids Boys rust orange printed sweatshirt with a round neck and long sleeves.
9317,Van Heusen Woman navy blue solid ballerinas with a synthetic upper and cushioned footbed.
9318,U.S. Polo Assn. Kids Girls blue embellished sweatshirt with a round neck and long sleeves.
9319,Masculino Latino Men red printed round neck T-shirt with short sleeves.
9320,Campus Sutra Olive green jacket with a spread collar and a zip closure.
9321,U.S. Polo Assn. Kids Boys white & navy blue applique hooded sweatshirt.
9322,U.S. Polo Assn. Kids Girls white printed sweatshirt with a round neck and long sleeves.
9323,Anouk Women silver-toned embellished one toe flats.
9324,SKAGEN MELBYE Women black analogue watch with a black dial and bracelet strap.
9325,MIMOSA Green Art Silk Woven Design Kanjeevaram Saree with a woven design border.
9326,"INCOLOR eyeshadow kit for women, priced at INR 479."
9327,"Daily Life Forever52 pink lip gloss for women, priced at INR 629."
9328,"Moda Rapido turquoise blue and golden printed A-line kurta for women, priced at INR 1299."
9329,"U.S. Polo Assn. Kids black mermaid sequinned sweatshirt for girls, priced at INR 1699."
9330,"Cortina set of 2 long door curtains in green and beige geometric pattern, priced at INR 730."
9331,"Marks & Spencer black skinny fit solid formal trousers for men, priced at INR 1499."
9332,"Miss Chase yellow shirt dress for women, priced at INR 949."
9333,"GNIST tan brown solid heels for women, priced at INR 849."
9334,"U.S. Polo Assn. Kids red & blue solid shirt style top for girls, priced at INR 1299."
9335,"Cortina set of 2 door curtains in green and beige geometric pattern, priced at INR 629."
9336,"Ed Hardy blue & white regular fit printed casual shirt for men, priced at INR 1349."
9337,"W pink & golden printed layered kurta with leggings for women, priced at INR 5999."
9338,"Peora traditional 18K gold plated maang tikka set for women, priced at INR 629."
9339,"Jompers blue woven design straight kurta for men, priced at INR 844."
9340,"United Colors of Benetton blue & orange striped thong flip-flops for men, priced at INR 499."
9341,"U.S. Polo Assn. Kids grey melange & navy printed polo collar T-shirt for boys, priced at INR 909."
9342,"bodha 925 silver-plated scooter shaped cufflinks for men, priced at INR 479."
9343,"U.S. Polo Assn. Kids navy blue red colourblocked polo collar T-shirt for boys, priced at INR 899."
9344,"U.S. Polo Assn. Kids navy blue & white printed hooded reversible bomber for boys, priced at INR 2449."
9345,"United Colors of Benetton grey & orange printed thong flip-flops for men, priced at INR 499."
9346,"United Colors of Benetton green printed round neck T-shirt for girls, priced at INR 299."
9347,"Cortina white & brown set of 2 window curtains with floral pattern, priced at INR 545."
9348,"W green & pink embroidered top with skirt & dupatta for women, priced at INR 5999."
9349,"U.S. Polo Assn. Kids coral pink solid puffer jacket with quilted detail for girls, priced at INR 1739."
9350,"INCOLOR 9 IN 1 eyeshadow makeup studio kit, priced at INR 316."
9351,"Biba navy blue yoke design A-line kurta for women, priced at INR 1499."
9352,"MIMOSA turquoise blue & gold-toned linen blend woven design kanjeevaram saree for women, priced at INR 1516."
9353,"Cation navy blue printed open front shrug for women, priced at INR 629."
9354,"Disney by Wear Your Mind yellow printed round neck T-shirt for men, priced at INR 559."
9355,"AND navy blue floral printed fit and flare dress for women, priced at INR 629."
9356,"SHOWOFF blue printed slim-fit single-breasted pure cotton blazer for men, priced at INR 3004."
9357,"Amante black lace underwired non padded minimizer bra for women, priced at INR 897."
9358,"Krafted With Happiness Orange & Blue Wraparound Rakhi for Unisex, priced at INR 594."
9359,"fancy mart Artificial Yellow Lily Flower with Pot for Unisex, priced at INR 462."
9360,"U.S. Polo Assn. Kids red solid hooded sweatshirt for boys, priced at INR 849."
9361,"Van Heusen beige self design slim-fit single-breasted blazer for men, priced at INR 2699."
9362,"U.S. Polo Assn. Kids burgundy solid hooded puffer jacket for boys, priced at INR 2099."
9363,"Marks & Spencer pack of 2 solid shaper briefs for women, priced at INR 1499."
9364,"U.S. Polo Assn. Kids grey melange solid joggers for boys, priced at INR 649."
9365,"FABNEST black solid straight kurti for women, priced at INR 503."
9366,"United Colors of Benetton navy applique detail round neck T-shirt for girls, priced at INR 599."
9367,"U.S. Polo Assn. Kids peach-coloured & silver checked top with ruffled detail for girls, priced at INR 1299."
9368,"Biba rust brown & beige printed A-line asymmetric kurta for women, priced at INR 1689."
9369,"Cation navy blue solid shirt style top for women, priced at INR 599."
9370,"U.S. Polo Assn. Kids blue solid bomber jacket for boys, priced at INR 1484."
9371,"U.S. Polo Assn. Kids navy blue self-striped front-open sweater for girls, priced at INR 779."
9372,"Rajesh Silk Mills white & black printed saree for women, priced at INR 718."
9373,"GNIST bronze-toned solid T-strap flats for women, priced at INR 699."
9374,"United Colors of Benetton navy blue solid leggings with striped detail for girls, priced at INR 699."
9375,"U.S. Polo Assn. Kids mustard yellow printed polo collar T-shirt for boys, priced at INR 1399."
9376,"Cortina set of 2 long door curtains in green and off-white geometric pattern, priced at INR 730."
9377,"U.S. Polo Assn. Kids blue regular fit solid casual shirt for girls, priced at INR 749."
9378,"Instacrush black & white striped open front shrug for women, priced at INR 1084."
9379,"Wintage rust printed straight kurta for men, priced at INR 1499."
9380,"Raymond grey & blue solid contemporary fit single-breasted blazer for men, priced at INR 2799."
9381,"Cation black solid styled back crop top for women, priced at INR 519."
9382,"AND green striped A-line dress for women, priced at INR 979."
9383,"RAISIN navy blue solid flared palazzos for women, priced at INR 636."
9384,"Krafted with Happiness Black & Red Plastic Handcrafted Rakhi for Unisex, priced at INR 496."
9385,"United Colors of Benetton khaki solid regular fit shorts for boys, priced at INR 839."
9386,"Ahalyaa blue & white printed kurta with trousers for women, priced at INR 1427."
9387,"Ira Soleil coral pink floral embroidered layered straight kurta for women, priced at INR 724."
9388,"GNIST beige solid suede open toe flats for women, priced at INR 699."
9389,"Signature Sole gold-toned & gold-toned solid mules for women, priced at INR 1160."
9390,"fancy mart Lavender Carnation with Wooden Pot for Unisex, priced at INR 828."
9391,"Daily Life Forever52 red lip gloss for women, priced at INR 629."
9392,"Respiro tan brown solid loafers for men, priced at INR 791."
9393,"MIMOSA mustard poly crepe woven design mysore silk saree for women, priced at INR 1362."
9394,"United Colors of Benetton off-white & pink floral print leggings for girls, priced at INR 299."
9395,"Chumbak multicoloured printed mobile & tablet pop holder for Unisex, priced at INR 636."
9396,"United Colors of Benetton multicoloured colourblocked thong flip-flops for men, priced at INR 499."
9397,"Story@home brown & red set of 2 door curtains with abstract pattern, priced at INR 719."
9397,Story@home Unisex set of 2 door curtains in brown and red with abstract pattern.
9398,Roadster Men's charcoal grey and navy blue solid pullover sweater with a round neck and long sleeves.
9399,W Women's maroon and golden embroidered kurta with sharara and dupatta set.
9400,Saint G Women's black solid heeled leather boots.
9401,SEIKO Solar Women's silver analogue watch with a stainless steel strap.
9402,GNIST Women's beige woven design suede open toe flats.
9403,Mast & Harbour Women's off-white & navy blue striped peplum top.
9404,GIORDANO Women's beige solid shoulder bag with a zip closure.
9405,U.S. Polo Assn. Kids Boys cream-colored printed round neck T-shirt.
9406,Besiva Red Sheath Dress with cut-out detail on the back.
9407,Ira Soleil Women's gold-toned embellished top with a round neck and sleeveless design.
9408,AND Women's navy blue & green printed top with a round neck and long sleeves.
9409,Tokyo Talkies Black Embroidered Shift Dress with a boat neck and short extended sleeves.
9410,Rajesh Silk Mills Grey & Black Animal Print Saree.
9411,U.S. Polo Assn. Kids Boys Blue Colourblocked Polo Collar T-shirt.
9412,U.S. Polo Assn. Kids Boys Yellow Printed Hooded Sweatshirt.
9413,Biba Women Pink & White Printed Kurta with Palazzos & Dupatta.
9414,GNIST Women Beige Solid Peep Toes with mid-top styling and a wedge heel.
9415,U.S. Polo Assn. Kids Girls Navy Blue & Grey Star Print Leggings.
9416,GNIST Women Beige Solid Sandals with high-top styling and a stiletto heel.
9417,United Colors of Benetton Boys Blue & Off-White Printed Round Neck T-shirt.
9418,Park Avenue Men Grey Solid Super Slim Fit Single-Breasted Formal Suit.
9419,SWAROVSKI Swa Symbol Pendant with moon and star motifs and blue crystals.
9420,Vishudh Women White Printed Tunic with a mandarin collar and long sleeves.
9421,Wintage Men Black Woven Design Straight Kurta with a mandarin collar and long sleeves.
9422,United Colors of Benetton Boys Pink & Green Regular Fit Checked Casual Shirt.
9423,Superman featured Blue Tshirt for Men with short sleeves.
9424,Biba Women Blue & Charcoal Grey Block Print Straight Kurta.
9425,U.S. Polo Assn. Kids Girls Pink Solid Puffer Jacket with a stand collar.
9426,U.S. Polo Assn. Kids Girls Black Solid Treggings with an elasticated waistband.
9427,U.S. Polo Assn. Kids Girls Navy Blue & Burgundy Checked Shirt Dress with long roll-up sleeves.
9428,HERE&NOW Men Teal Blue Solid Round Neck T-shirt.
9429,Reebok Men Navy Blue Solid Ever Road DMX 2.0 Walking Shoes with DMX cushioning and a mesh upper.
9430,U.S. Polo Assn. Kids Boys Navy Blue Striped Polo Collar T-shirt.
9431,Signature Sole Women Brown Solid Heels with an open toe and a wedge heel.
9432,U.S. Polo Assn. Kids Girls Striped Blue Fit and Flare Dress with short sleeves and an asymmetric hem.
9433,Fos Lighting Open Frame 4 Light Hardwood Cube Chandelier Pendant Lamp in brown.
9434,Golden Girl Women Black Lace Lingerie Set with lightly padded and non-underwired cups.
9435,Biba Women Beige & Mustard Yellow Printed Anarkali Kurta with Churidar and Dupatta.
9436,SWAROVSKI SWA SYMBOL:NECKLACE CHARMS LMUL/ROS with seven different symbols and crystal settings.
9437,Voyage Unisex Aviator Sunglasses with brown polarized lenses and a plastic full rim frame.
9438,Cortina Green & Beige Set of 2 Door Curtains with a floral print.
9439,Roadster Women Burgundy Regular Fit Solid Regular Trousers with 5 pockets.
9440,Biba Women Off-White & Rust Solid A-Line Kurta with Printed Layer.
9441,U.S. Polo Assn. Kids Boys Teal Blue Printed Polo Collar T-shirt.
9442,AND Women Brown & Blue Checked Fit and Flare Dress with a shirt collar and three-quarter sleeves.
9443,U.S. Polo Assn. Kids Boys White & Orange Colourblocked Polo Collar T-shirt.
9444,U.S. Polo Assn. Kids Girls Yellow Printed Top with three-quarter sleeves.
9445,Cation Women Maroon Solid Styled Back Crop Top with a round neck.
9446,Lady Stark Women Multicoloured Striped Shirt Dress with a fabric belt.
9447,GNIST Women Pink Solid Heels with an ankle loop detail and a stiletto heel.
9448,United Colors of Benetton Girls Coral Orange & Navy Striped Detail Round Neck T-shirt.
9449,United Colors of Benetton Girls Off-White Printed Detail Round Neck T-shirt.
9450,Ahalyaa Women Grey & Pink Chanderi Silk Kurta with Trousers.
9451,Signature Sole Women Gold-Toned Solid One Toe Flats with no back strap detail.
9452,Rajesh Silk Mills White & Black Printed Saree.
9453,Reebok Women Peach-Coloured Forever Floatride Energy Running Shoes with Floatride Energy Foam midsole.
9454,The Indian Garage Co Men Grey Regular Fit Printed Casual Shirt.
9455,U.S. Polo Assn. Kids Boys Navy Printed Round Neck T-shirt.
9456,Golden Girl Black Self Design Non-Wired Lightly Padded Bralette Bra with Removable Cookie Pads.
9457,Biba Women Off-White & Blue Block Print Kurta with Palazzos & Dupatta.
9458,Signature Sole Women Pink Solid Heels with an open toe and a wedge heel.
9459,U.S. Polo Assn. Kids Boys Yellow & Navy Blue Printed Round Neck T-shirt.
9460,Force NXT Mens Navy Blue Track Pants with elasticated waist band.
9461,Krafted With Happiness yellow wraparound bracelet with drawstring closure.
9462,Besiva Women Pack of 2 Solid Crop Tube Tops in white and black.
9463,W Women Beige & Taupe Woven Design Kurta with Palazzos & Ethnic Jacket.
9464,Van Heusen Woman Women Black Woven Design Pumps with a block heel.
9465,W Women Blue Embroidered Kurta with Patiala Salwar.
9466,"Moda Rapido women's navy blue and white printed A-line kurta with a shirt collar, three-quarter sleeves, button closure, and asymmetric hem."
9467,"Daily Life Forever52 purple lip gloss (7ml) for creating fuller lips with long-lasting moisture and a high-shine, non-sticky formula."
9468,FABNEST women's mustard yellow solid kurti with a round neck and three-quarter sleeves.
9469,"Van Heusen Woman navy blue woven design pointed toe pumps with a synthetic upper, cushioned footbed, and slim heel."
9470,"U.S. Polo Assn. Kids girls pink self-design hooded sweatshirt with applique detail, two pockets, long sleeves, and a zip closure."
9471,"SEIKO Chronograph men's cream analogue watch (SSB341P1) with a textured round stainless steel dial, chronograph, date aperture, coffee brown leather strap, and water resistance up to 100m."
9472,U.S. Polo Assn. Kids girls navy mermaid sequined T-shirt with a round neck and long sleeves.
9473,U.S. Polo Assn. Kids boys fluorescent yellow printed hooded sweatshirt with two pockets and long sleeves.
9474,Cortina set of 2 door curtains with a purple and white floral pattern and eyelet fitting.
9475,"U.S. Polo Assn. Kids girls pink & white printed knitted fit and flare dress with bow detail, a shirt collar, short puff sleeves, and button closures."
9476,U.S. Polo Assn. Kids girls red & beige star print leggings with applique detail and an elasticated waistband.
9477,"U.S. Polo Assn. Kids girls red & white candy striped knitted top with flip sequin, a round neck, and long sleeves."
9478,"Lady Stark women's pink solid woven fit and flare dress with a tie-up neck, long sleeves, and a concealed zip closure."
9479,"Signature Sole women's gunmetal-toned open toe sandals with a synthetic upper, cushioned footbed, and wedge heel."
9480,"ADIDAS Originals men's black LXCON 94 sneakers with a mesh upper, leather overlays, textile lining, rubber outsole, and Adiprene cushioning."
9481,Ed Hardy men's grey slim fit mid-rise jeans with low distress and a light fade.
9482,GNIST women's black solid open toe flats with a synthetic upper and cushioned footbed.
9483,Ed Hardy men's black slim fit mid-rise jeans with a clean look and stretchable fabric.
9484,"U.S. Polo Assn. Kids boys red colourblocked jacket with a hood, two pockets, and a zip closure."
9485,U.S. Polo Assn. Kids boys white & red printed T-shirt with striped detail and a round neck.
9486,"SKAGEN HOLST men's black analogue watch (SKW6180) with a solid round stainless steel dial, multi-function features, and a black metal bracelet strap."
9487,U.S. Polo Assn. Kids boys navy blue solid pullover sweater with a mock collar and long sleeves.
9488,RUGSMITH blue & grey premium floral pattern rug made of polyamide nylon with anti-skid features.
9489,U.S. Polo Assn. Kids girls black solid polo collar T-shirt with applique detail and short puff sleeves.
9490,bodha silver-plated quirky cufflinks.
9491,GIORDANO blue printed shoulder bag with a zip closure and inner pockets.
9492,Respiro men's black loafers with a synthetic upper and cushioned footbed.
9493,Roadster men's rust brown solid pullover sweater with a round neck and long sleeves.
9494,Vishudh women's black & white checked shirt dress with a belt.
9495,INCOLOR 24 in 1 Eyeshadow Kit
9496,DailyObjects Blue iPhone X glass case cover with a slay print.
9497,Cation women's navy blue solid basic jumpsuit with an off-shoulder design.
9498,"U.S. Polo Assn. Kids girls red solid jacket with a stand collar, two pockets, and a zip closure."
9499,U.S. Polo Assn. Kids girls pink solid polo collar T-shirt with applique detail and short puff sleeves.
9500,U.S. Polo Assn. Kids girls red solid polo collar T-shirt with applique detail and short sleeves.
9501,FUGAZEE men's black solid tracksuit with hand-distressed details.
9502,Park Avenue men's navy blue solid formal suit with a blazer and trousers.
9503,Roadster men's blue solid knitted mid-rise joggers with side stripes and a drawstring closure.
9504,Roadster men's grey self-design pullover sweater with a round neck and long sleeves.
9505,U.S. Polo Assn. Kids girls pink self-design drop-waist dress with a round neck and long sleeves.
9506,Cortina white & green set of 2 printed long door curtains with a floral pattern.
9507,Stylee LIFESTYLE rust brown art silk semi-stitched dress material with a jacket.
9508,Krafted with Happiness blue & orange embellished wraparound rakhi.
9509,Roadster women's beige & white colourblocked sneakers with a synthetic upper and cushioned footbed.
9510,GNIST women's black solid suede open toe flats with ankle loop and bow details.
9511,W women's green & golden printed kurta and trousers with an ethnic jacket.
9512,U.S. Polo Assn. Kids infants mustard yellow solid hooded sweatshirt with two pockets and a zip closure.
9513,RUGSMITH teal blue & beige premium modern pattern rug made of polyamide nylon with anti-skid features.
9514,U.S. Polo Assn. Kids girls pink & blue printed T-shirt dress with a shirt collar and short sleeves.
9515,GNIST women's gold-toned open toe sandals with high-top styling and a stiletto heel.
9516,GNIST women's pink open toe sandals with a synthetic upper and wedge heel.
9517,Kraft Cellar women's blue & white printed block heels with a synthetic upper and cushioned footbed.
9518,The Indian Garage Co men's blue & white slim fit printed casual shirt with a spread collar and long sleeves.
9519,Amante pink solid non-wired lightly padded everyday bra with regular straps and back closure.
9520,Ahalyaa women's grey printed layered kurta with palazzos.
9521,Marks & Spencer women's black printed lace bikini briefs with a low-rise waist.
9522,INCOLOR Make Up Studio 9 In 1 Eyeshadow Palette
9523,Force NXT men's navy blue track pants with an elasticated waistband and three pockets.
9524,U.S. Polo Assn. Kids boys navy blue solid corduroy trousers with a button and zip closure.
9525,Reebok charcoal grey Thermowarm Base Seamless High-Rise Self-Design Training Tights with Speedwick technology.
9526,U.S. Polo Assn. Kids girls red printed joggers with embroidered detail and an elasticated waistband.
9527,Peora silver-plated contemporary drop earrings with artificial stones.
9528,VASTRAMAY men's black printed pure cotton Nehru jacket with a mandarin collar and full button placket.
9529,RUGSMITH blue premium modern pattern rug made of polyamide nylon with anti-skid features.
9530,Superman black printed T-shirt with a round neck and short sleeves.
9531,Ed Hardy men's beige & navy blue slim fit striped casual shirt with a spread collar and long sleeves.
9532,MIMOSA Orange & Red Linen Blend Woven Design Kanjeevaram Saree with Unstitched blouse piece.
9533,W Women Navy Blue & Golden Printed Detail Dhoti Salwar with elasticated waistband.
9534,Peora Silver-Plated & Gold-Toned Dome Shaped Jhumkas.
9534,Peora women's silver-plated and gold-toned dome shaped jhumkas.
9535,U.S. Polo Assn. Kids boys yellow solid polo collar T-shirt.
9536,Daily Life Forever52 women pink super stay lip gloss 7ml.
9537,Rajesh Silk Mills green solid saree.
9538,U.S. Polo Assn. Kids boys grey melange & navy blue printed round neck T-shirt.
9539,ADIDAS men navy blue saturday rise up n run solid shorts.
9540,U.S. Polo Assn. Kids girls white & pink printed drop-waist dress.
9541,bodha rhodium plated silver-toned spiderman cufflinks.
9542,Cortina set of 2 brown and white geometric door curtains.
9543,Cortina set of 2 brown geometric window curtains.
9544,United Colors of Benetton girls blue jeggings.
9545,fancy mart lavendar artificial rosemerry flower with pot.
9546,Park Avenue grey woven super slim fit bandhgala suit.
9547,Biba women rust red embroidered detail straight kurta.
9548,United Colors of Benetton men lime green & navy blue printed thong flip-flops.
9549,Cortina white & green set of 2 floral window curtains.
9550,W women white & navy blue printed layered kurta with churidar.
9551,Van Heusen Woman women black solid pumps.
9552,U.S. Polo Assn. Kids boys orange & white printed round neck T-shirt.
9553,Signature Sole women blue & gold-toned woven design sandals.
9554,Allen Solly Woman navy blue self design top.
9555,Cortina set of 2 blue geometric window curtains.
9556,Van Heusen Woman rust red solid block heels.
9557,Krafted With Happiness red & orange plastic handcrafted rakhi with Ganpati print.
9558,GNIST women tan solid suede open toe flats.
9559,U.S. Polo Assn. Kids girls red & navy blue printed shift dress.
9560,U.S. Polo Assn. Kids boys peach-coloured & purple printed polo collar T-shirt.
9561,Roadster women red striped cinched waist top.
9562,United Colors of Benetton men black printed thong flip-flops.
9563,U.S. Polo Assn. Kids boys white printed polo collar T-shirt.
9564,U.S. Polo Assn. Kids boys navy blue & grey melange colourblocked pullover sweater.
9565,Cortina white & maroon set of 2 floral window curtains.
9566,U.S. Polo Assn. Kids boys navy blue solid hooded sweatshirt.
9567,U.S. Polo Assn. Kids boys black solid single-breasted casual blazer.
9568,U.S. Polo Assn. Kids boys olive green printed pullover sweater.
9569,U.S. Polo Assn. Kids boys blue printed sweatshirt.
9570,Yaadleen women yellow regular fit printed casual shirt.
9571,Cortina white & green set of 2 printed floral window curtains.
9572,United Colors of Benetton girls red printed round neck T-shirt.
9573,U.S. Polo Assn. Kids boys blue solid sweatshirt.
9574,U.S. Polo Assn. Kids boys mustard yellow printed pullover sweater.
9575,Amante women multicoloured printed bikini briefs.
9576,Cortina set of 2 purple & white printed long door curtains.
9577,GNIST women tan brown solid open toe flats.
9578,Ed Hardy men navy blue & white regular fit checked casual shirt.
9579,TALES & STORIES girls white printed round neck T-shirt.
9580,GNIST women beige solid open toe flats.
9581,GNIST women black solid heels.
9582,AND women rust brown & white striped styled back top.
9583,Cortina set of 2 brown and off-white geometric window curtains.
9584,U.S. Polo Assn. Kids boys green & blue striped round neck T-shirt.
9585,U.S. Polo Assn. Kids girls blue pure cotton solid top.
9586,Cation women black & pink printed open front shrug.
9587,U.S. Polo Assn. Kids boys red embroidered polo collar T-shirt.
9588,TALES & STORIES girls navy blue printed round neck T-shirt.
9589,TALES & STORIES boys green regular fit printed casual shirt.
9590,Parx men blue solid regular fit single-breasted casual blazer.
9591,Ed Hardy men blue skuller super slim fit mid-rise clean look stretchable jeans.
9592,Van Heusen brown checked linen single-breasted slim fit blazer.
9593,The Dry State women yellow printed round neck T-shirt.
9594,Moda Rapido men peach-coloured slim fit mid-rise clean look stretchable jeans.
9595,U.S. Polo Assn. Kids girls burgundy printed round neck T-shirt.
9596,U.S. Polo Assn. Kids girls burgundy embellished joggers.
9597,Biba women green & off-white printed anarkali kurta with churidar & dupatta.
9598,The Vanca black printed sweatshirt.
9599,U.S. Polo Assn. Kids boys red solid hooded sweatshirt.
9600,U.S. Polo Assn. Kids boys navy blue & teal green striped polo collar T-shirt.
9601,GNIST women pink solid heels.
9602,Ahalyaa women grey & pink printed kurta with palazzos.
9603,GNIST women black solid heels.
9604,Cortina set of 2 orange & magenta printed geometric window curtains.
9605,Van Heusen Woman coffee brown croc textured pumps.
9606,Daily Life Forever52 women pink super stay lip gloss 7ml.
9607,Moda Rapido women peach-coloured & rust red printed A-Line kurta.
9607,"Moda Rapido Women Peach-Coloured & Rust Red Printed A-Line Kurta, round neck, three-quarter sleeves, flared hem, two pockets, Primary Color: Red, Price: 499 INR"
9608,"The Indian Garage Co Men Navy Blue & White Regular Fit Printed Casual Shirt, spread collar, long sleeves, button placket, curved hem, one patch pocket, Primary Color: Blue, Price: 612 INR"
9609,"United Colors of Benetton Men Lime Green & Navy Blue Solid Thong Flip-Flops, Rubber upper material, Cushioned footbed, Patterned rubber outsole, Primary Color: Blue, Price: 499 INR"
9610,"Rajesh Silk Mills Beige & Black Animal Printed Saree, Design Detail: Printed saree, Blouse Piece, Primary Color: Black, Price: 747 INR"
9611,"Force NXT Mens Blue Track Pants, elasticated waist band Three pockets and drawstring closure, Primary Color: Blue, Price: 614 INR"
9612,"Ed Hardy Men Black Slim Fit Solid Casual Shirt, spread collar, long sleeves, button placket, curved hem, and 2 flap pockets, Primary Color: Black, Price: 1999 INR"
9613,"Cortina Set of 2 Long Door Curtains, Colour: Orange, Pattern: Floral Long Door, Light blocking: Regular, Fitting: Eyelet, Price: 730 INR"
9614,"Reebok Men Black Training Supply Woven Solid Training T-shirt, round neck, short sleeves, Designed for: Versatile performance, Darts at armholes and on back for shape and style, Side zip pocket for essentials, Primary Color: Black, Price: 1739 INR"
9615,"Force NXT Mens Black Track Pants, elasticated waist band Three pockets and drawstring closure, Primary Color: Black, Price: 719 INR"
9616,"The Indian Garage Co Men Olive Green & Beige Regular Fit Printed Casual Shirt, spread collar, long sleeves, button placket, curved hem, one patch pocket, Primary Color: Green, Price: 612 INR"
9617,"fancy mart Pink Artificial Plants Grass Bells with Pot, Plant type: Grass Bells, Plant colour: Pink, Pot colour: Brown, Pot pattern: Solid, Primary Color: Pink, Price: 615 INR"
9618,"Roadster Women Black Sneakers, round-toe black sneakers, zip detail, Synthetic upper, Cushioned footbed, Textured and patterned outsole, Primary Color: Black, Price: 1374 INR"
9619,"Krafted With Happiness Unisex Blue & Orange Veere Rakhi, Material: Fabric, Closure: Drawstring, Primary Color: Blue, Price: 496 INR"
9620,"Peora Silver-Plated Green Dome Shaped Jhumkas, Green Silver-Plated Dome Shaped Earrings, artificial stones, Secured with a post and back, Price: 823 INR"
9621,"Signature Sole Women Green Solid Heels, open toe heels, open back detail, Synthetic upper, Cushioned footbed, Textured and patterned outsole, wedge heel, Primary Color: Green, Price: 1160 INR"
9622,"U.S. Polo Assn. Kids Girls Black Solid Open Front Jacket, spread collar, button closure, long sleeves, straight hem, Primary Color: Black, Price: 1499 INR"
9623,"Signature Sole Women Yellow & Gold-Toned Woven Design Heels, open toe heels, open back detail, Synthetic upper, Cushioned footbed, Textured and patterned outsole, wedge heel, Primary Color: Yellow, Price: 962 INR"
9624,"GNIST Women Pink Solid Heels, open toe heels, open back detail, Suede upper, Cushioned footbed, Textured and patterned outsole, wedge heel, Primary Color: Pink, Price: 849 INR"
9625,"Biba Women Navy Blue & Pink Printed A-Line Kurta with Layer, round neck, sleeveless, flounce hem, Navy Blue and pink printed open front layer, notched lapel collar, three-quarter sleeves, and flared hem, Comes with a necklace, Primary Color: Blue, Price: 1799 INR"
9626,"AND Women Black & White Checked A-Line Mini Dress, woven A-line mini dress with waist tie-ups, round neck, three-quarter sleeves, button closure, and flared hem, Primary Color: Black, Price: 899 INR"
9627,"Roadster Men Navy Blue Self Design Pullover Sweater, round neck, long sleeves, and straight hem, Primary Color: Blue, Price: 1299 INR"
9628,"U.S. Polo Assn. Kids Girls Black & Silver Star Printed Leggings, elasticated waistband with slip-on closure, Primary Color: Black, Price: 779 INR"
9629,"Chhabra 555 Yellow & Golden Solid Handloom Banarasi Saree, woven design border, Blouse Piece, Origin: Banarasi sarees, Fabric: Art silk, Primary Color: Yellow, Price: 1095 INR"
9630,"KAMA AYURVEDA Sustainable Women Essential Skin Care Regime, Price: 2195 INR"
9631,"Biba Women Beige & Navy Blue Printed Kurta with Churidar & Dupatta, straight calf length kurta with threadwork and sequins detail, V-neck, three-quarter sleeves, side slits, two pockets, attached lining, Navy blue solid churidar, elasticated waistband, drawstring closure, Beige and navy blue printed dupatta, printed border, Primary Color: Blue, Price: 1999 INR"
9632,"Peora Oxidised Silver-Plated Classic Drop Earrings, Silver-Plated classic drop earrings, artificial stone detailing, Secured with a post and back, Price: 1004 INR"
9633,"Roadster Women Maroon Regular Fit Solid Cropped Trousers, mid-rise cropped trousers, button closure, zip fly and 2 pockets, Primary Color: Maroon, Price: 539 INR"
9634,"plusS Men Grey Solid Straight-Fit Trackpants, elasticated waistband with a drawstring fastening, three pockets, Primary Color: Grey, Price: 1183 INR"
9635,"Roadster Men Grey & Navy Blue Colourblocked Front-Open Sweater, hood, long sleeves, zip closure, and ribbed hem, Primary Color: Blue, Price: 594 INR"
9636,"GNIST Women Beige Solid Heels, open toe heels, mid-top styling, closed back detail, Synthetic Patent upper, Cushioned footbed, Textured and patterned outsole, stiletto heel, Primary Color: Beige, Price: 949 INR"
9637,"U.s. Polo assn. kids Girls Pink & Blue Floral Print Bell Sleeves A-Line Top, Colour: pink, blue and white regular A-line top, Floral print, Woven, round neck, Three-quarter bell sleeves, Gathered, Lace inserts, Button closure, Flared hem, Primary Color: Blue, Price: 779 INR"
9638,"INCOLOR 9 IN 1 Eyeshadow Makeup Studio Kit, Colour Shade: 3, Price: 316 INR"
9639,"U.S. Polo Assn. Kids Boys Yellow & Navy Blue Striped Polo Collar T-shirt, embroidered detail, polo collar, and short sleeves, Primary Color: Blue, Price: 899 INR"
9640,"GNIST Women Black & White Printed Wedges, open toe sandals, Synthetic upper, Cushioned footbed, Textured and patterned outsole, wedge heel, Primary Color: Black, Price: 849 INR"
9641,"Lady Stark Women Black Floral Printed Maxi Dress, woven maxi, V-neck, three-quarter sleeves, and flared hem, Primary Color: Black, Price: 1742 INR"
9642,"The Indian Garage Co Men Teal Green & Navy Blue Regular Fit Checked Casual Shirt, slim collar, long sleeves, button placket, curved hem, and 1 patch pocket, Primary Color: Blue, Price: 612 INR"
9643,"GNIST Women Brown Solid Sandals, open toe sandals, ankle loop detail, Synthetic Patent upper, Cushioned footbed, Textured and patterned outsole, stiletto heel, Primary Color: Brown, Price: 949 INR"
9644,"U.S. Polo Assn. Kids Boys Olive Green Self Design Pullover Sweater, round neck, long sleeves, and ribbed hem, Primary Color: Green, Price: 1499 INR"
9645,"Signature Sole Women Black Solid Heels, open toe heels, open back detail, Synthetic upper, Cushioned footbed, Textured and patterned outsole, block heel, Primary Color: Black, Price: 1100 INR"
9646,"Roadster Men Olive Green Self Design Sweater, round neck, long sleeves, and ribbed hem, Primary Color: Green, Price: 1299 INR"
9647,"SEIKO Solar Women Blue Analogue watch, Display: Analogue, Movement: Quartz, Power source: Solar, Dial style: Embellished round stainless steel dial, Features: Reset Time, Eco Drive, Strap style: Silver-Toned bracelet style, stainless steel strap with a foldover closure, Water resistance: 30 m, Primary Color: Blue, Price: 29500 INR"
9648,"U.S. Polo Assn. Kids Boys Navy Blue & Red Striped Polo Collar T-shirt, polo collar, and long sleeves, Primary Color: Blue, Price: 959 INR"
9649,"Ed Hardy Men Green Slim Fit Checked Casual Shirt, button-down collar, long sleeves, button placket, curved hem, and 1 patch pocket, Primary Color: Green, Price: 1999 INR"
9650,"United Colors of Benetton Girls Navy Blue Slim Fit Mid-Rise Clean Look Stretchable Jeans, 5-pocket mid-rise jeans, clean look, no fade, button and zip closure, and waistband with belt loops, Comes with a belt, Primary Color: Blue, Price: 839 INR"
9651,"U.S. Polo Assn. Kids Boys Red & White Striped Henley Neck T-shirt, Henley neck, and long roll-up sleeves, Primary Color: Red, Price: 909 INR"
9652,"Cortina Set of 2 Green & White Printed Long Door Curtains, Colour: Green and White, Pattern: Floral Long Door, Light blocking: Regular, Fitting: Eyelet, Primary Color: Green, Price: 713 INR"
9653,"Marks & Spencer Black Solid Underwired Lightly Padded T-shirt Bra, full-coverage T-shirt bra, Lightly padded and underwired seamless cups, Regular straps and back closure, Back style: Regular, Feature: All Day Comfort, Primary Color: Red, Price: 1999 INR"
9654,"GNIST Women Pink Solid Peep Toes, peep toe peep toes, backstrap detail, Synthetic Patent upper, Cushioned footbed, Textured and patterned outsole, wedge heel, Primary Color: Pink, Price: 849 INR"
9655,"Shoetopia Women Peach-Coloured Solid Thong Flip-Flops, Synthetic upper material, Cushioned footbed, Patterned synthetic outsole, Primary Color: Red, Price: 399 INR"
9656,"U.S. Polo Assn. Kids Girls Red & Peach-Coloured Pure Cotton Printed Top, Peter Pan collar with sequinned detail, long sleeves, and button closure, Primary Color: Red, Price: 1299 INR"
9657,"The Indian Garage Co Men Brown & White Slim Fit Striped Casual Shirt, spread collar, long sleeves, button placket, curved hem, and 1 patch pocket, Primary Color: White, Price: 612 INR"
9658,"U.S. Polo Assn. Kids Girls Coral Red Printed Round Neck T-shirt, round neck, and long sleeves, Primary Color: Red, Price: 599 INR"
9659,"Reebok Women Black & Charcoal Grey Woven Design Ever Road DMX 2.0 Walking Shoes, DMX cushioning, Adjustable lacing system, EVA midsole, Main material: Mesh upper / textile lining/ rubber outsole, Primary Color: Black, Price: 4499 INR"
9660,"U.S. Polo Assn. Kids Girls Navy Blue Printed Polo Collar T-shirt, polo collar, and short sleeves, Primary Color: Blue, Price: 999 INR"
9661,"GNIST Women Beige Solid Sandals, open toe sandals, open back detail, Synthetic Patent upper, Cushioned footbed, Textured and patterned outsole, wedge heel, Primary Color: Beige, Price: 849 INR"
9662,"U.S. Polo Assn. Kids Boys Navy Blue Solid Joggers, printed detail, elasticated waistband with drawstring fastening, cuffed hems, three pockets, Primary Color: Blue, Price: 909 INR"
9663,"Moda Rapido Women Navy Blue & Black Empire Dress, woven empire dress, V-neck, short sleeves, and flared hem, Primary Color: Blue, Price: 549 INR"
9664,"Marks & Spencer Boys Grey Regular Fit Printed Casual Shirt, spread collar, short sleeves, button placket, and straight hem, Primary Color: Grey, Price: 584 INR"
9665,"U.S. Polo Assn. Kids Boys Blue Solid Denim Jacket, spread collar, 4 pockets, button closure, long sleeves, straight hem, Primary Color: Blue, Price: 2099 INR"
9666,"U.S. Polo Assn. Kids Girls Blue Printed Top, woven regular top, round neck, long sleeves, and button closure, Primary Color: Blue, Price: 584 INR"
9667,"U.S. Polo Assn. Kids Boys Maroon & Black Reversible Puffer Jacket, Reversible Puffer Jacket, hooded, 2 pockets, zip closure, long sleeves, straight hem, Primary Color: Black, Price: 1749 INR"
9668,"Sergio Tacchini Men Black Sneakers, round-toe black sneakers, lace-up detail, Synthetic upper, Cushioned footbed, Textured and patterned outsole, Primary Color: Black, Price: 5499 INR"
9669,"U.S. Polo Assn. Kids Girls Black & Silver Foil Print A-Line Dress, woven A-line dress with ruffle detail, round neck, short flutter sleeves, button closure, an attached lining, and slightly flared hem, Primary Color: Black, Price: 1149 INR"
9670,"Roadster Women Charcoal Grey Solid Sneakers, round-toe charcoal grey solid sneakers, lace-up detail, Synthetic upper, Cushioned footbed, Textured and patterned outsole, Primary Color: Grey, Price: 1999 INR"
9671,"Peora Green & Gold-Toned Oxidized Silver-Plated Studded Classic Jhumkas, artificial stones, Price: 796 INR"
9672,"U.S. Polo Assn. Kids Girls Black & White Checked Fit and Flare Dress with Belt, woven fit and flare dress, round neck, short cap sleeves, concealed zip closure, an attached lining, flared hem, Comes with a belt, Primary Color: Black, Price: 949 INR"
9673,"Ira Soleil Women Blue Fit and Flare Dress, knitted and woven fit and flare dress with unique embroidared detailing on top, round neck, three-quarter sleeves, flared hem, Primary Color: Blue, Price: 699 INR"
9674,"Ed Hardy Men Navy Blue Slim Fit Mid-Rise Clean Look Stretchable Jeans, medium wash 4-pocket mid-rise jeans, clean look, light fade, and drawstring closure, Primary Color: Blue, Price: 1439 INR"
9675,"Raymond Men Blue Solid Contemporary Fit Formal Blazer, single-breasted formal suit, notched lapel collar, single-breasted with double button closures, long sleeves, three outer pockets, an attached lining with three welt pockets, a double vented back hem, mid-rise woven trousers, four pockets, a button and zip closure, a waistband with belt loops, Comes with an attached lapel pin, Primary Color: Blue, Price: 4049 INR"
9676,"Roadster Men Olive Green & Navy Blue Striped Pullover Sweater, mock collar, long sleeves, zip closure, and ribbed hem, Primary Color: Blue, Price: 1499 INR"
9677,"U.S. Polo Assn. Kids Boys Navy Blue Printed Hooded Sweatshirt, round neck, two pockets, long sleeves, zip closure, straight hem, Primary Color: Blue, Price: 1999 INR"
9678,"AND Women Black Solid Culotte Jumpsuit, V-neck, sleeveless, Primary Color: Black, Price: 874 INR"
9679,"KAMA AYURVEDA Sustainable Rejuvenating & Brightening Ayurvedic Night Cream, Price: 1425 INR"
9680,"U.S. Polo Assn. Kids Girls Navy Blue & Grey Pure Cotton Printed Top, Peter Pan collar with sequinned detail, long sleeves, and button closure, Primary Color: Blue, Price: 1299 INR"
9681,"Sergio Tacchini Men Grey Sneakers, round-toe grey sneakers, lace-up detail, Synthetic upper, Cushioned footbed, Textured and patterned outsole, Primary Color: Grey, Price: 5299 INR"
9682,"GNIST Women Black Solid Heels, open toe sandals, mid-top styling, backstrap detail, Synthetic Patent upper, Cushioned footbed, Textured and patterned outsole, stiletto heel, Primary Color: Black, Price: 949 INR"
9682,Black open toe heels for women from GNIST with synthetic patent upper and stiletto heel.
9683,Silver-plated and gold-toned classic studs for women from Peora.
9684,Peach-coloured and silver checked pure cotton top for girls from U.S. Polo Assn. Kids.
9685,"Green and blue printed night suit for women from Clovia, consisting of a top and pyjamas."
9686,Blue self-design single-breasted blazer for men from Van Heusen Sport.
9687,Blue solid single-breasted slim fit formal blazer for men from Raymond.
9688,Red super stay lip gloss from Daily Life Forever52.
9689,Pink regular fit solid cropped trousers for women from Roadster with hook and bar closure and pockets.
9690,Black skinny fit mid-rise clean look stretchable jeans for boys from Marks & Spencer.
9691,18-In-1 Eyeshadow Kit 01 from INCOLOR for Women.
9692,Black and Navyblue striped pullover sweater for men from Roadster with a round neck and long sleeves.
9693,Red & Red Solid Straight Fit Joggers for boys from U.S. Polo Assn. Kids with an elasticated waistband and drawstring closure.
9694,Mustard Yellow & Navy Blue Colourblocked Pullover Sweater for men from Roadster with a hood and long sleeves.
9695,Navy Blue Regular Fit Self Design Casual Shirt for women from Yaadleen with a spread collar and long sleeves.
9696,Coral red and off-white printed kurta with palazzos and dupatta for women from Biba.
9697,Yellow Printed Round Neck T-shirt for men from Disney by Wear Your Mind.
9698,Artificial Money Plant with Pot from fancy mart for Unisex.
9699,Blue & White Printed Window Curtains(Set of 2) from Cortina for Unisex.
9700,Blue Solid Suede Open Toe Flats for women from GNIST.
9701,Navy Blue & White Solid Tiering Layered A-Line Kurta for women from Biba.
9702,Green & Golden Printed Ready to Wear Lehenga & Blouse with Dupatta from W for women.
9703,Yellow Printed T-shirt Dress for girls from U.S. Polo Assn. Kids with a round neck and long sleeves.
9704,Navy Blue & Golden Printed Kurta with Sharara & Dupatta from W for women.
9705,Blue Woven Design Heels for women from Signature Sole with open toe and wedge heel.
9706,Orange Printed Window Curtains(Set of 2) from Cortina for Unisex.
9707,White Woven Design Mules for women from MSC with open toe and slim heel.
9708,Blue Door Curtains(Set of 2) from Cortina for Unisex with Floral Printed pattern.
9709,Black & Red Comfort Sandals for men from Sparx with velcro closure.
9710,Navy Blue & Peach-Coloured Striped Top with Palazzos from W for women.
9711,Tan Brown Solid Biker Jacket for men from SHOWOFF with a lapel collar and zip closure.
9712,24 In 1 Eyeshadow Palette 03 from INCOLOR for Women.
9713,Pink Solid Sandals for women from GNIST with synthetic patent upper and stiletto heel.
9714,Black 22K Gold-Plated Kundan Stone-Studded Jewellery Set from KARATCART for women.
9715,Green Self Design Henley Neck T-shirt for boys from U.S. Polo Assn. Kids with long sleeves.
9716,Red Solid Reversible Bomber Jacket for boys from U.S. Polo Assn. Kids with a stand collar and zip closure.
9717,Pink Mermaid Sequinned Top for girls from U.S. Polo Assn. Kids with a round neck and long sleeves.
9718,Lime Wired Earphones with Sports Fit Stretch Resistance & IPX4 from boAt for Unisex.
9719,Navy Blue & Off-White Slim Fit Checked Casual Shirt for men from Ed Hardy with a spread collar and long sleeves.
9720,Red & Orange Veere Rakhi from Krafted With Happiness for Unisex.
9721,Blue Distressed Regular Fit Denim Shorts for boys from United Colors of Benetton.
9722,Gold & Green Woven Design Nehru Jacket for men from VASTRAMAY with a mandarin collar and full button placket.
9723,Beige Self Design Contemporary Fit Single Breasted Bandhgala Blazer for men from Raymond with a mandarin collar and maroon piping.
9724,Orange Woven Design Straight Kurta for men from Wintage with a mandarin collar and long sleeves.
9725,Black Solid Open Toe Flats for women from GNIST with synthetic upper.
9726,Yellow & White Printed Round Neck T-shirt for girls from U.S. Polo Assn. Kids with a round neck and long sleeves.
9727,Green & Yellow Regular Fit Checked Casual Shirt for boys from United Colors of Benetton with a spread collar and long sleeves.
9728,Navy Blue & Red Printed Polo Collar T-shirt for boys from U.S. Polo Assn. Kids with a polo collar and short sleeves.
9729,Black Sneakers for men from Roadster with lace-up detail.
9730,White Embellished High-Low Semi-Sheer Top for women from SCOUP with a round neck and short sleeves.
9731,Pink Solid Open Front Jacket for girls from U.S. Polo Assn. Kids with a stand collar and button closure.
9732,Mustard Solid Mules for women from Signature Sole with open toe and stiletto heel.
9733,Grey Melange Solid Slim Fit Single-Breasted Smart Casual Blazer for men from Raymond with a notched lapel collar.
9734,Grey Melagne Track Pants for men from Force NXT with an elasticated waistband and drawstring closure.
9735,Beige Art Silk Woven Design Kanjeevaram Saree from MIMOSA for Women.
9736,Grey Lace Lingerie Set for women from Golden Girl with lightly padded and non-underwired cups.
9737,Yellow Printed Round Neck T-shirt for girls from U.S. Polo Assn. Kids with applique detail.
9738,Blue Single-Breasted Blazer for men from Van Heusen with a peaked lapel and double-button closure.
9739,Black Embellished Round Neck T-shirt for men from Ed Hardy.
9740,18 In 1 Eyeshadow Kit 03 from INCOLOR.
9741,Grey Checked Single-Breasted Blazer for women from Van Heusen Woman with a shawl lapel and hook closure.
9742,White Slim Fit Printed Casual Shirt for men from The Indian Garage Co with a spread collar and long sleeves.
9743,Green Printed Bomber Jacket for men from SHOWOFF with a mandarin collar and zip closure.
9744,Pink Lace Lingerie Set for women from Golden Girl with lightly padded and underwired cups.
9745,Yellow & White Striped A-Line Dress for girls from U.S. Polo Assn. Kids with a round neck and short sleeves.
9745,"U.S. Polo Assn. Kids girls' yellow and white striped A-line dress with a round neck and short sleeves, priced at INR 649."
9746,"Ed Hardy men's navy blue and green slim fit checked casual shirt with a spread collar and long sleeves, priced at INR 1349."
9747,"Moda Rapido women's 'What A Re-LEAF Tassel Dress' maxi dress with leafy print and tassel edges, priced at INR 1999."
9748,"United Colors of Benetton girls' pink and blue printed leggings with an elasticated waistband, priced at INR 359."
9749,"Reebok women's white Y graphic print tank studio top with a crewneck and sleeveless design, priced at INR 1019."
9750,"SWAROVSKI SWA SYMBOL:PE JCKT SMALL DMUL/MIX earring jackets with crystals set in pave, priced at INR 6590."
9751,"Ira Soleil women's pink solid semi-sheer straight skirt with a drawstring and zip closure, priced at INR 479."
9752,"Golden Girl black solid non-wired lightly padded sports bra 3601 with multiway straps, priced at INR 496."
9753,"Roadster men's maroon and navy blue striped pullover sweater with a round neck and long sleeves, priced at INR 699."
9754,"Cortina white & green set of 2 door curtains with a floral pattern and eyelet fitting, priced at INR 629."
9755,"Amante pink lace non-wired non-padded minimizer bra 8903129216371 with full coverage and regular straps, priced at INR 1495."
9756,"Krafted With Happiness red & yellow wraparound rakhi made of plastic with a drawstring closure, priced at INR 496."
9757,"W women's navy blue & white solid patiala salwar with a partially elasticated waistband, priced at INR 799."
9758,"Wintage men's red & black striped straight kurta with a mandarin collar and long sleeves, priced at INR 1499."
9759,"Krafted With Happiness blue wraparound rakhi made of plastic with a drawstring closure, priced at INR 496."
9760,"U.S. Polo Assn. Kids boys' teal blue pure cotton striped sweatshirt with printed detail, priced at INR 1499."
9761,"V Dot grey self-design super slim fit single-breasted formal pure cotton blazer with a notched lapel, priced at INR 2499."
9762,"Wintage men's red & black striped straight kurta with a mandarin collar and long sleeves, priced at INR 1499."
9763,"BuckleUp women's tan brown solid open-toe flats with a synthetic upper, priced at INR 688."
9764,"U.S. Polo Assn. Kids girls' pink & cream coloured printed reversible bomber jacket with a stand collar, priced at INR 1649."
9765,"Cortina brown & beige set of 2 long door curtains with a floral printed pattern and eyelet fitting, priced at INR 730."
9766,"bodha men's silver-plated batman design cufflinks, priced at INR 479."
9767,"Krafted With Happiness multicoloured wooden paisley shaped rakhi with a drawstring closure, priced at INR 496."
9768,"United Colors of Benetton girls' navy blue solid leggings with an elasticated waistband, priced at INR 359."
9769,"U.S. Polo Assn. Kids girls' navy blue & white colourblocked sweatshirt with embroidered detail, priced at INR 649."
9770,"Van Heusen Woman women's black solid pumps with a synthetic upper and kitten heel, priced at INR 1494."
9771,"Cortina maroon & white set of 2 door curtains with a geometric printed pattern and eyelet fitting, priced at INR 629."
9772,"Amante multicoloured printed non-wired lightly padded everyday bra 8903129215565 with full coverage and regular straps, priced at INR 697."
9773,"GNIST women's beige solid sandals with a stiletto heel, priced at INR 949."
9774,"Ed Hardy men's blue printed round neck T-shirt with short sleeves, priced at INR 1299."
9775,"U.S. Polo Assn. Kids boys' blue solid polo collar T-shirt with short sleeves, priced at INR 629."
9776,"Peora blue & gold-toned contemporary jhumkas secured with a post and back, priced at INR 823."
9777,"U.S. Polo Assn. Kids girls' pink & yellow checked A-line top with lace inserts and a keyhole neck, priced at INR 779."
9778,"Reebok Classic women's Gigi Hadid black solid tights with an elastic waist and Gigi Hadid branding, priced at INR 2599."
9779,"United Colors of Benetton girls' pink solid knitted A-line dress with unicorn applique detail and a Peter Pan collar, priced at INR 1299."
9780,"Cortina set of 2 door curtains with a geometric pattern and eyelet fitting, priced at INR 629."
9781,"Roadster women's teal green regular fit solid cropped trousers with studded detail, priced at INR 499."
9782,"U.S. Polo Assn. Kids girls' navy blue & white printed sweatshirt with striped detail and long sleeves, priced at INR 749."
9783,"plusS men's navy blue solid straight-fit trackpants with an elasticated waistband and three pockets, priced at INR 1183."
9784,"United Colors of Benetton girls' navy & white striped knitted top with tie-up detail and a round neck, priced at INR 699."
9785,"Signature Sole women's red & gold-toned woven design open-toe heels with a wedge heel, priced at INR 962."
9786,"United Colors of Benetton boys' grey slim fit mid-rise clean look stretchable jeans with a button and zip closure, priced at INR 1299."
9787,"The Indian Garage Co men's rust red slim fit printed casual shirt with a spread collar and long sleeves, priced at INR 612."
9788,"RUGSMITH blue & grey premium modern pattern rug with anti-skid features, priced at INR 1119."
9789,"Marks & Spencer black solid non-wired lightly padded camisole bra T333050 with lace insert detailing, priced at INR 1379."
9790,"GNIST women's tan brown woven design open toe flats with a synthetic upper, priced at INR 699."
9791,"U.S. Polo Assn. Kids girls' magenta solid hooded sweatshirt with applique and printed detail, priced at INR 1139."
9792,"Respiro men's black loafers with a synthetic upper, priced at INR 791."
9793,"Moda Rapido women's navy blue & white printed pure cotton maxi flared skirt with tie-up detail, priced at INR 629."
9794,"Makeup Revolution London I Heart Makeup Bleeding Heart Highlighter 10g, priced at INR 630."
9795,"SWAROVSKI ATTRACT:NECKLACE SQ CZWH/ROS rose-gold tone plated design features a dazzling square-cut stone, priced at INR 4690."
9796,"GIORDANO black solid shoulder bag with a zip closure and two handles, priced at INR 1785."
9797,"RAISIN women's cream-coloured solid flared fit palazzos with 2 pockets, priced at INR 636."
9798,"United Colors of Benetton men's orange & black colourblocked thong flip-flops with a rubber upper, priced at INR 499."
9799,"Makeup Revolution London Precision Eye Brushes - Set of 3, Pro Precision Round Blending Eye Brush , Pro Precision Eyeliner Brush , Pro Precision Oval Eye Brush, priced at INR 1202."
9800,"Roadster women's black slip-on sneakers with a synthetic upper, priced at INR 1999."
9801,"ADIDAS men's blue printed WINTRD round neck T-shirt with short sleeves, priced at INR 1149."
9802,"Ira Soleil women's white printed knitted A-line kurta with a mandarin collar and long sleeves, priced at INR 1119."
9803,"Force NXT mens grey melange solid track pants, elasticated waist band Three pockets and drawstring closure, priced at INR 719."
9804,"Orange and Orchid Kids Pack of 5 multicoloured printed T-shirts, each has a round neck, and short sleeves, priced at INR 827."
9805,"CAPTAIN AMERICA featured Grey Tshirt for Men, with a round neck, and short sleeves, priced at INR 449."
9806,"U.S. Polo Assn. Kids Boys White & Navy Printed Round Neck T-shirt, has a round neck, and short sleeves, priced at INR 559."
9807,"bodha Gold-Toned Geometric Cufflinks, Comes in a signature bodha case, priced at INR 479."
9808,"United Colors of Benetton Girls Pink Printed Round Neck T-shirt, has a round neck, and long sleeves, priced at INR 359."
9809,"United Colors of Benetton Girls Red Solid Leggings, has an elasticated waistband, priced at INR 359."
9810,"Biba Women Blue & Off-White Printed Straight Kurta, has a boat neck, three-quarter sleeves, straight hem, and side slits, priced at INR 899."
9811,"RUGSMITH Multicoloured Premium Modern Pattern Rug, Fabric: Polyamide nylon Shape: RectangularPattern: Printed Features: Anti-Skid, priced at INR 1799."
9812,"United Colors of Benetton Girls Pack of 2 Tops, Pink printed knitted top, has a round neck, and short sleevesNavy Blue solid knitted top with applique detail, has a round neck, and short sleeves, priced at INR 599."
9813,"U.S. Polo Assn. Kids Boys Olive Green & Navy Blue Colourblocked Jacket, has a hood, 2 pockets, zip closure, long sleeves, straight hem, and polyester lining, priced at INR 2799."
9814,"Free Authority Men Black Batman Printed Round Neck T-Shirt, has a round neck, and short sleeves, priced at INR 449."
9815,"GNIST Women Pink Solid Heels, has mid-top styling, closed back detailSynthetic Patent upperCushioned footbedTextured and patterned outsole, has a stiletto heel, priced at INR 949."
9816,"Roadster Men Grey Solid Pullover Sweater, has a round neck, long sleeves, and ribbed hem, priced at INR 1299."
9817,"RUGSMITH Multicoloured Premium Abstract Pattern Rug, Fabric: Polyamide nylon Shape: RectangularPattern: Printed Features: Anti-Skid, priced at INR 1119."
9818,"SEIKO Men Brown Analogue watch SGEH90P1, Display: AnalogueMovement: Quartz Power source: Battery, priced at INR 19500."
9819,"W Women Blue & Golden Printed Kurta with Salwar & Dupatta, has a round neck, three-quarter sleeves, straight hem Blue and golden printed salwar, has a partially elasticated waistband with drawstring closure, priced at INR 3899."
9820,"Biba Women Green & Pink Floral Printed Straight Kurta, has a round neck, three-quarter sleeves, straight hem, and side slits, priced at INR 1199."
9821,"Marks & Spencer Women Beige Solid Shaper Briefs T336756, has an elasticated waistband, double-layered gusset, priced at INR 792."
9822,"United Colors of Benetton Boys White & Navy Blue Regular Fit Printed Casual Shirt, has a button-down collar, long sleeves, button placket, and curved hem, priced at INR 559."
9823,"fancy mart Lavender Bamboo Grass Wooden Pot, Plant type: Bamboo Plant colour: Lavender Pot colour: Brown Pot pattern: Solid, priced at INR 610."
9824,"HERE&NOW Women Pink Solid Shirt Style Top, has a mandarin collar, three-quarter sleeves, and button closure, priced at INR 699."
9825,"United Colors of Benetton Boys Blue & White Pinstriped Casual Shirt, has a button-down collar, long sleeves, button placket, and curved hem, priced at INR 1299."
9826,"Sergio Tacchini Men Black Sneakers, has regular styling, lace-up detailSynthetic upper Cushioned footbed Textured and patterned outsole, priced at INR 3699."
9827,ADIDAS Men's blue running shoes with mesh upper and Cloudfoam midsole.
9828,Chumbak Unisex blue and yellow printed mobile and tablet pop holder made of Polycarbonate.
9829,SKAGEN DENMARK Women's white dial analogue watch with a steel-toned bracelet strap.
9830,U.S. Polo Assn. Kids Boys navy blue solid hooded sweatshirt with applique detail.
9831,Teakwood Leathers Unisex tan brown solid laptop bag with detachable sling strap.
9832,U.S. Polo Assn. Kids Girls blue solid polo collar T-shirt with embroidered detail and short puff sleeves.
9833,GNIST Women's black open toe sandals with high-top styling and a kitten heel.
9834,Reebok Classic Men's black track pants with printed detail and snap buttons down the legs.
9835,Cation Women's black printed open front longline shrug with sleeveless design and high-low hem.
9836,Ed Hardy Men's navy blue super slim fit mid-rise jeans with a clean look and stretchable fabric.
9837,Cation Women's magenta solid woven shirt style top with a shirt collar and long sleeves.
9838,U.S. Polo Assn. Kids Girls yellow printed polo collar T-shirt with short sleeves.
9839,Cortina Set of 2 window curtains with a geometric pattern.
9840,United Colors of Benetton Men's grey printed thong flip-flops with a rubber upper and cushioned footbed.
9841,Marks & Spencer Women's grey solid mid-rise straight fit formal trousers with a hook and bar closure and 4 pockets.
9842,Daily Life Forever52 Women's pink super stay lip gloss for fuller lips with long-lasting moisture.
9843,"Golden Girl Women's blue floral print lingerie set with non-padded, non-underwired cups and a low waist brief."
9844,U.S. Polo Assn. Kids Boys navy blue and beige printed joggers with an elasticated waistband and cuffed hems.
9845,Metro Women's beige woven design ballerinas with a synthetic upper and cushioned footbed.
9846,U.S. Polo Assn. Kids Girls navy blue printed round neck T-shirt with applique detail and short sleeves.
9847,U.S. Polo Assn. Kids Girls navy blue printed reversible peplum jacket with a hood and cotton lining.
9848,Rajesh Silk Mills White & Black Printed Saree.
9849,HERE&NOW Women Maroon & Golden Quirky Print Straight Kurta.
9850,Kraft Cellar Women Brown Textured Flatforms.
9851,U.S. Polo Assn. Kids Girls Pink Solid Slim-Fit Trackpants.
9852,U.S. Polo Assn. Kids Girls Red & Blue Printed Bomber Jacket.
9853,INCOLOR Women Make Up Studio 9 In 1 Eyeshadow Palette.
9854,Ed Hardy Men Olive Green Solid Polo Collar T-shirt.
9855,The Indian Garage Co Men Orange & Navy Regular Fit Checked Casual Shirt.
9856,Park Avenue Men Blue Solid Super Slim Fit Single-Breasted Formal Blazer.
9857,KARATCART White 22K Gold-Plated Kundan Stone-Studded Jewellery Set.
9858,U.S. Polo Assn. Kids Boys Navy Blue Printed Polo Collar T-shirt.
9859,GNIST Women Beige Solid Heels.
9860,TALES & STORIES Boys Blue Solid Lightweight Denim Jacket.
9861,U.S. Polo Assn. Kids Boys Navy Blue Solid Puffer Jacket.
9862,Daily Life Forever52 Women Red Super Stay Lip Gloss 7ml.
9863,United Colors of Benetton Men Khaki & Navy Blue Printed Thong Flip-Flops.
9864,Cortina Set of 2 Door Curtains.
9865,Biba Women Peach-Coloured & Green Block Print Straight Kurta.
9866,Batman featured Grey Tshirt for Men.
9867,fancy mart Green Dawn Redwood Plant with Pot.
9868,Area RugSMITH Blue & Grey Premium Floral Pattern Area Rug.
9869,W Women Peach-Coloured & Off-White Printed Top with Skirt & Ethnic Jacket.
9870,Ponds Super Light Gel Oil Free Moisturiser 73 g.
9871,Canary London Men Mustard Brown Smart Slim Fit Self Design Formal Shirt.
9872,Z-ZOOM Unisex Oval Sunglasses 55032.
9873,U.S. Polo Assn. Kids Girls Maroon Printed Round Neck T-shirt.
9874,GAP Girls Print Lightweight Hooded Puffer Jacket.
9875,Ahalyaa Women Yellow Printed Straight Kurta.
9876,GAP Girls Solid Puffer Jacket.
9877,Inc 5 Women Blue Textured One Toe Flats.
9878,EK DO DHAI Brown & White Hand-Painted Rectangle Serving Tray.
9879,Newport Men Blue Jean Slim Fit Mid-Rise Clean Look Stretchable Jeans.
9880,Palm Tree Girls Blue Checked Regular Fit Shorts.
9881,Natilene Girls Rust Orange & Green Dyed Regular Fit Shorts.
9882,Inc 5 Women Grey Solid Heels.
9883,Inc 5 Women Tan Brown Solid One Toe Flats.
9884,OBOW Men Orange Solid Polo Collar T-shirt.
9885,Park Avenue Men Off-White & Green Regular Fit Checked Formal Shirt.
9886,Gini and Jony Boys Navy Blue Solid Regular Fit Shorts.
9887,Basics Men Green & Grey Slim Fit Checked Casual Shirt.
9888,Basics Men Navy Blue Slim Fit Solid Casual Shirt.
9889,ESBEDA Black Solid Rectangular Desk Organiser.
9890,Inc 5 Women Gold-Toned Solid One Toe Flats.
9890,Inc 5 Women Gold-Toned Solid One Toe Flats with synthetic upper and patterned outsole.
9891,HERE&NOW Men White & Blue Slim Fit Checked Casual Shirt with a spread collar and curved hem.
9892,TAG EYE Unisex Brown Wayfarer Sunglasses with polarised and UV protected lenses and full rim plastic frame.
9893,Aj DEZInES Boys Cream-Coloured Solid Kurta with Pyjamas and a white solid nehru jacket.
9894,"GAP Women Short puff sleeve T-shirt made from soft, airy slub cotton jersey knit."
9895,Proline Active Men Grey Solid Slim Fit Track Pants with an elasticated waistband and two pockets.
9896,"Basics Men Teal Blue Slim Fit Checked Casual Shirt with a spread collar, curved hem, and 1 patch pocket."
9897,Flying Machine Boys Navy Blue Skinny Fit Mid-Rise Mildly Distressed Stretchable Jeans with a button and zip closure.
9898,Tommy Hilfiger Boys Blue Printed Round Neck T-shirt with long sleeves.
9899,Palm Tree Boys Navy Blue & Off White Striped Round Neck T-shirt with short sleeves.
9900,Tommy Hilfiger Boys Navy Blue Solid Polo Collar T-shirt with short sleeves.
9901,GAP Men's Slim Jeans with GapFlex stretch technology in a deep navy blue wash.
9902,Inc 5 Women Black Solid Peep Toes with a synthetic patent upper and block heel.
9903,Anouk Men Burgundy & Navy Blue Solid Pleated Straight Kurta with Patiala.
9904,"FableStreet Women Blue A-Line Dress with a round neck, short sleeves, and curved hem, comes with a belt."
9905,Inc 5 Women Brown Tassel Detail Open Toe Flats with a synthetic upper.
9906,Flying Machine Boys Red & Navy Blue Regular Fit Checked Casual Shirt with a button-down collar and curved hem.
9907,Tommy Hilfiger Boys Navy Blue Regular Fit Solid Casual Shirt with a spread collar and curved hem.
9908,"Basics Men Green & Off-White Slim Fit Striped Casual Shirt with a spread collar, curved hem, and 1 pocket."
9909,FableStreet Women Black & White Sheath Dress with a boat neck and three-quarter sleeves.
9910,GAP Girls Graphic Raglan Top with long contrast raglan sleeves and cute graphics at chest.
9911,Flying Machine Boys Blue Striped Polo Collar T-shirt with short sleeves.
9912,amraoo Women Blue Solid Dupatta with a woven design border.
9913,Van Heusen Men Khaki Slim Fit Solid Regular Trousers with button closure and 4 pockets.
9914,"Basics Men Green Slim Fit Striped Casual Shirt with a spread collar, curved hem, and 1 patch pocket."
9915,Besiva Women Black Solid V-Neck T-shirt with short sleeves.
9916,Inc 5 Women White & Black Textured Open Toe Flats with a synthetic upper.
9917,Flying Machine Boys Navy Blue & Grey Camouflage Print Hooded Tailored Jacket with 2 insert pockets and zip closure.
9918,"Basics Men Green Slim Fit Checked Casual Shirt with a spread collar, curved hem, and 1 patch pocket."
9919,mf Yellow Woven Design Dupatta with zari and a taping border.
9920,Natilene Girls Coral Orange & White Regular Fit Checked Casual Shirt with a waist tie-up detail and curved hem.
9921,U.S. Polo Assn. Men White & Navy Blue Printed Pure Cotton Boxers with an elasticated waistband and button fly.
9922,Newport Women Black Solid Mid Rise Skinny Fit Tights with an elasticated waistband.
9923,GAP Women V-neck Pullover Sweater with long sleeves and ribbed-knit cuffs.
9924,EK DO DHAI Red Hand-Painted Hath Gadi Dip with Bowls made of wood with a glossy finish.
9925,Sergio Tacchini Men White Sneakers with a synthetic upper and lace-up detail.
9926,Varkala Silk Sarees Coral Red & Green Silk Blend Striped Kanjeevaram Saree with a solid border.
9927,Louis Philippe Men Charcoal Grey & Black Checked Slim Fit Formal Suit made from premium wrinkle-free cotton.
9928,Campus Women Grey Mesh Running Shoes with a mesh upper and cushioned footbed.
9929,LilPicks Girls Pink & Gold-Toned Printed Ready to Wear Lehenga & Blouse with Dupatta.
9930,Gini and Jony Girls Coral Pink & White Solid Playsuit with a round neck and concealed button closure.
9931,Raymond Men Violet Slim Fit Self Checked Formal Shirt with a spread collar and curved hem.
9932,Respiro Men Tan Brown Boat Shoes with a synthetic leather upper and slip-on detail.
9933,Natilene Girls Off-White Regular Fit Semi-Sheer Solid Casual Shirt with embellished and embroidered detail.
9934,Flying Machine Boys Blue & Off-White Regular Fit Striped Casual Shirt with a spread collar and curved hem.
9935,Flying Machine Boys Blue Regular Fit Solid Casual Shirt with a button-down collar and curved hem.
9936,Flying Machine Boys Navy Blue & Yellow Regular Fit Printed Casual Shirt with a button-down collar and curved hem.
9937,"Lacoste Men L'Homme Intense Eau De Toilette with notes of sweet orange, quince, rhubarb, ginger, black pepper, jasmine, almond, vanilla, cedarwood, and vetiver."
9938,amraoo Yellow Printed Dupatta with a printed border.
9939,Style Quotient Women Off-White Solid Top with a boat neck and three-quarter bell sleeves.
9940,Geroo Jaipur Hand Dyed Orange Bandhani Chiffon Sustainable Saree with a woven design border.
9941,"Maniac Men Charcoal Grey Solid Joggers with an elasticated waistband, drawstring fastening, and cuffed hem."
9942,Palm Tree Boys Blue & White Striped Round Neck T-shirt with short sleeves.
9943,"plusS Women Black & White Checked Straight Palazzos with an elasticated waistband, slip-on closure, and side slits."
9944,"Basics Men Brown Slim Fit Checked Casual Shirt with a spread collar, curved hem, and 1 patch pocket."
9945,Basics Men Blue Slim Fit Solid Casual Shirt with a spread collar and curved hem.
9946,Gini and Jony Boys Red Printed Round Neck T-shirt with short sleeves and applique detail.
9947,Flying Machine Boys Blue and Yellow Printed Polo Collar T-shirt with short sleeves.
9948,"Ahalyaa Women Pink Printed Straight Kurta with a round neck, three-quarter sleeves, and side slits."
9949,Newport Women Navy Blue Solid Tights with an elasticated waistband.
9950,Flying Machine Boys Pink Regular Fit Solid Casual Shirt with a button-down collar and curved hem.
9951,Inc 5 Women Bronze-Toned Solid Heels with a synthetic upper and block heel.
9952,AURELIA Women Orange & Golden Printed A-Line Dress with a round neck and flared hem.
9953,GAP Boy's Henley Long Sleeve T-shirt with Henley buttons at crewneck and allover camo print.
9954,Flying Machine Boys Blue Skinny Fit Mid-Rise Clean Look Stretchable Jeans with a button and zip closure.
9955,Park Avenue Men Charcoal Grey Checked Neo Fit Formal Trousers with a flat-front design and 4 pockets.
9956,ESBEDA Black Solid Square Desk Organiser made of synthetic leather with one main compartment.
9957,Soie Women's Pink Printed Sleep Shirts with a round neck and short sleeves.
9958,"FableStreet Women Black Solid A-Line Dress with a round neck, long sleeves, and button closure."
9959,"GAP Men's Checked Lived-In Stretch Poplin Shirt with long sleeves, button cuffs, and a chest patch pocket."
9960,"GAP Baby Girl's Stripe Logo Dress with shirring at shoulders, long sleeves and logo at chest."
9961,Just Wow Women Blue Solid Flared Palazzos with a drawstring closure.
9962,"Purple Feather Women Blue Washed Denim Pencil Skirt with a waistband, five pockets, and frayed hem."
9963,Masculino Latino Men Khaki Printed Round Neck T-shirt with short sleeves.
9964,FableStreet Women Beige Solid Pencil Skirt with a concealed zip closure and back slit.
9965,"Lacoste Men L'Homme Intense Eau De Toilette with notes of Mandarin, Rhubarb Accord, Black Pepper, Ginger, Cedar Wood, Vetiver."
9966,Basics Men Multicoloured Checked Casual Shirt with a spread collar and curved hem.
9967,Louis Philippe Men Olive Green Slim Fit Solid Formal Trousers with button closure and 4 pockets.
9968,FURO by Red Chief Men Blue Sports Sandals with velcro closures and a synthetic upper.
9968,"FURO by Red Chief Men's Blue Sports Sandals with velcro closures, synthetic upper, cushioned footbed and textured outsole."
9969,"Flying Machine Boys' Navy Blue & Green Regular Fit Checked Casual Shirt with a cutaway collar, long sleeves, button placket, curved hem, and 1 patch pocket."
9970,"Campus Men's Blue Mesh TIMOR Running Shoes with lace-up detail, mesh upper, cushioned footbed and textured outsole."
9971,"Flying Machine Boys' Black knitted joggers with side stripe and print details, elasticated waistband, drawstring closure, three pockets and cuffed hem."
9972,"GAP Girls Graphic Short Sleeve T-Shirt with Soft jersey knit, Short sleeves, Crewneck and Assorted graphics at front."
9973,"Flying Machine Boys' Blue & Red Regular Fit Checked Casual Shirt with a spread collar, long sleeves, button placket, straight hem, and 1 patch pocket."
9974,Marks & Spencers Women Waterlily & Blossom Eau de Toilette 100ml
9975,"WESTCLO Women's Turquoise-blue & Red Printed Straight Kurti with a round neck, three-quarter sleeves, straight hem, side slits."
9976,Free Authority Men's Grey Punisher Printed Round Neck T-Shirt with short sleeves.
9977,Louis Philippe Sport Men's Blue Slim Fit Solid Regular Trousers with button closure and 4 pockets.
9978,"Campus Women's Blue Mesh Running Shoes with slip-on detail, mesh upper, cushioned footbed and textured outsole."
9979,"Inc 5 Women's Tan Brown Solid Open Toe Flats with slip-on detail, synthetic upper, cushioned footbed and textured outsole."
9980,"Flying Machine Boys' Blue Skinny Fit Mid-Rise Clean Look Jeans with Applique Detail, 5-pocket mid-rise jeans, clean look, light fade, button and zip closure, and waistband with belt loops."
9981,"Titan Octane Hyper Lume Men's Black Analogue watch with Quartz movement, Battery power, Multi Function, Reset Time, silicon strap and Water resistance: 100 m"
9982,Flying Machine Boys' Lime Green & Blue Printed Round Neck T-shirt with short sleeves.
9983,"plusS Men's Blue Regular Fit Solid Casual Shirt with a mandarin collar, long sleeves, button placket, curved hem, and 1 patch pocket."
9984,amraoo Women's Black & Maroon Printed Dupatta with a woven design border.
9985,Park Avenue Men's Green Slim Fit Solid Chinos with button closure and 4 pockets.
9986,"HERE&NOW Women's Blue & Brown Printed Kurta with Palazzos & Dupatta, straight calf length kurta, elasticated waistband, drawstring closure."
9987,People Men's Navy Blue Solid Polo Collar T-shirt with short sleeves.
9988,amraoo Women's Magenta Solid Dupatta with a tasselled border.
9989,"FOREVER 21 Women's Black Embellished Open Toe Flats with no back strap detail, synthetic upper, cushioned footbed and textured outsole."
9990,COVER STORY Women's Multicoloured Printed Round Neck T-shirt with short sleeves.
9991,"Titan Octane Hyper Lume Men's Black Analogue watch with Quartz movement, Battery power, Multi Function, Reset Time, leather strap and Water resistance: 100 m"
9992,"GAP Girls Graphic Long Sleeve T-shirt with Soft jersey knit, Long sleeves, Crewneck and Assorted graphics at front."
9993,"Barbie by Many Frocks & Girls Pink & White Fit and Flare Dress with shoulder straps, sleeveless, zip closure, an attached lining, and flared hem"
9994,Marks & Spencer Boys' Navy Blue Solid Pullover Sweater with a round neck and straight hem.
9995,"Van Heusen Men's Grey Super Slim Fit Suit with a notched lapel, single breasted with double button closures, long sleeves, one welt pocket and two flap pockets, zip fly with a button and a hook-and-bar closure, four pockets, a waistband with belt loops"
9996,Gap Women Mandarin Collar Print Flutter Sleeve Top with Short flutter sleeves and All over print
9997,"Park Avenue Men's Purple & White Slim Fit Self Design Formal Shirt with a spread collar, long sleeves, button placket, curved hem, and 1 patch pocket."
9998,"Inc 5 Women's Blue Solid Open Toe Flats with no back strap detail, synthetic upper, cushioned footbed and textured patterned outsole."
9999,Varkala Silk Sarees Peach-Coloured Silk Blend Striped Kanjeevaram Saree and has a zari border
10000,"Basics Men's White Slim Fit Solid Casual Shirt with a button-down collar, long sleeves, button placket, curved hem, and 1 patch pocket."
10001,"GAP Men's Checked Lived-In Stretch Poplin Shirt with Long sleeves with button cuffs, Button collar, button front and Chest patch pocket"
10002,"GAP Girls Graphic Sweatshirt with Soft knitDropped shoulders, shirring at volume sleeves with banded cuffsCrewneckGraphic at frontBanded hem"
10003,"Moda Rapido Men's White & Black Regular Fit Printed Casual Shirt with a slim collar, short sleeves, button placket, curved hem"
10004,Flying Machine Boys' Orange & Navy Blue Printed Sweatshirt with long sleeves.
10005,Basics Men's Coffee Brown Tapered Fit Solid Regular Trousers with button closure and 4 pockets.
10006,"Flying Machine Boys' Navy Blue knitted joggers with lime green side stripe details, elasticated waistband and drawstring closure, three pockets and cuffed hem."
10007,Basics Men's Black Slim Fit Solid Regular Trousers with button closure and 4 pockets.
10008,Marks & Spencers Men Pour Homme Eau de Toilette 100ml
10009,Basics Men's Beige Slim Fit Solid Regular Trousers with button closure and 4 pockets.
10010,"Khushal K Women's Grey & Orange Printed Top with Palazzos with a V-neck, three-quarter bell sleeves and slip-on closure"
10011,Ecko Unltd Men's Navy Blue & Orange Striped Slim Fit Polo Collar T-shirt with short sleeves.
10012,"Louis Philippe Sport Men's Red Self-Design Super Slim Fit Single-Breasted Pure Cotton Blazer with three pockets, an attached lining with two pockets"
10013,"Ahalyaa Women's Pink Printed Straight Kurta with a round neck, three-quarter sleeves, straight hem, and side slits."
10014,"FableStreet Women's Navy Blue Solid Sheath Dress with a round neck, short sleeves, button closure, and straight hem."
10015,Varkala Silk Sarees Pink & Peach Silk Blend Woven Design Kanjeevaram Saree and has a zari border
10016,"Maniac Men's Navy Blue solid Joggers, has an elasticated waistband with drawstring fastening, 2 pockets, cuffed hem"
10017,"Lacoste Men L'Homme Eau De Toilette 150 ml with Mandarin and Rhubarb Accord, Black Pepper and Ginger, Cedar Wood"
10018,Tommy Hilfiger Boys' Olive Green & Maroon Colourblocked Polo Collar T-shirt with short sleeves.
10019,Tommy Hilfiger Boys' Navy Blue Solid Henley Neck T-shirt with short sleeves.
10020,"Sergio Tacchini Men's Grey Colourblocked Sneakers with lace-up detail, synthetic upper, cushioned footbed and textured patterned outsole"
10021,"Flying Machine Boys' Navy Blue Regular Fit Mid-Rise Clean Look Stretchable Jeans, five-pocket mid-rise jeans, clean look, light fade, button and zip closure, and waistband with belt loops."
10022,"Inc 5 Women's Tan Brown Solid Sandals with open back detail, synthetic upper, cushioned footbed and textured patterned outsole, has a block heel"
10023,"Park Avenue Men's Blue & White Regular Fit Striped Formal Shirt with a spread collar, short sleeves, button placket, curved hem, and 1 patch pocket."
10024,"Rangoli Jaipur Women's Green & White Striped Straight Kurta with a tie-up neck, three-quarter sleeves, straight hem, and side slits."
10025,"GAP Women's Olive Green Skinny Fit Mid-Rise Clean Look Stretchable Jeans, five-pocket mid-rise jeans, clean look, no fade, button and zip closure, and waistband with belt loops."
10026,"Inc 5 Women's Gunmetal-Toned Woven Design One Toe Flats with slip-on detail, synthetic upper, cushioned footbed and textured patterned outsole"
10027,"Basics Men's Beige & Black Slim Fit Checked Casual Shirt with a spread collar, long sleeves, button placket, curved hem, and 1 patch pocket."
10028,Gini and Jony Girls' Blue & White Floral Print Regular Fit Shorts with elasticated waistband with slip-on closure
10029,Louis Philippe Sport Men's Blue Slim Fit Solid Regular Trousers with button closure and 4 pockets.
10030,Flying Machine Boys' Blue Solid Polo Collar T-shirt with short sleeves.
10031,"Basics Men's Brown Slim Fit Checked Casual Shirt with a mandarin collar, button placket, and curved hem"
10032,Gini and Jony Boys' Red Printed Round Neck T-shirt with short sleeves.
10033,"GAP Girls Logo Long Sleeves T-shirt with Soft jersey knit, Long sleeves, Crewneck and Glitter logo graphic at chestAllover print"
10034,"Louis Philippe Sport Men's Grey & Black Self-Checked Slim Fit Single-Breasted Casual Pure Cotton Blazer with a notched lapel, single-breasted, button closure two pockets, on the front, long sleeves, and a double-vented back hem."
10035,"AURELIA Women's Orange & Grey Self Design Shirt Dress with a shirt collar, short sleeves, button closure, and flared hemComes with a fabric belt"
10036,"Inc 5 Women's Beige Solid Sandals with ankle loop detail, synthetic upper, cushioned footbed and textured patterned outsole, has a block heel"
10037,"FabAlley Women's Blue Floral Printed Tiered Top with a tie-up neck, and button closure"
10038,amraoo Women's Blue Printed Dupatta with a tasselled border.
10039,"plusS Women's Blue Solid Accordion Pleat Bardot Top with ruffles, has an off-shoulder neck, and three-quarter sleeves"
10040,Newport Men's Yellow Printed Round Neck T-shirt with short sleeves.
10041,"Palm Tree Boys' Navy Blue solid pullover with applique detail, has a mock collar, zip closure, long sleeves, and ribbed hem"
10042,"Basics Men's Orange & Blue Slim Fit Checked Casual Shirt with a spread collar, long sleeves, button placket, curved hem, and 2 flap pockets"
10043,Flying Machine Boys' Red Striped Polo Collar T-shirt with short sleeves.
10044,"Inc 5 Women's Navy Blue Solid T-Strap Flats with no back strap detail, synthetic upper, cushioned footbed and textured patterned outsole"
10045,"Basics Men's Red & Black Slim Fit Checked Casual Shirt with a spread collar, long sleeves, button placket, curved hem, and 1 patch pocket."
10046,"EK DO DHAI Black & Brown Iron BBQ Serving Platter, Type: BBQ serving platter Colour: Black and brown Pattern: Solid Material: Metal"
10047,"Flying Machine Boys' Magenta & White Regular Fit Printed Casual Shirt with a button-down collar, long sleeves, button placket, and straight hem"
10048,"Flying Machine Boys' Blue Skinny Fit Mid-Rise Clean Look Stretchable Jeans, five-pocket mid-rise jeans with side stripes, clean look, light fade, button and zip closure, and waistband with belt loops."
10049,"Raymond Men's Blue & White Regular Fit Checked Formal Shirt with a spread collar, short sleeves, button placket, curved hem, and 1 patch pocket."
10050,"GAP Boy's Pocket Short Sleeve T-shirt with Soft knit, Short sleeves, Crewneck, Patch pocket at chest and Assorted prints and graphics at chest"
10051,Basics Men's Brown Tapered Fit Solid Regular Trousers with button closure and 4 pockets.
10052,Respiro Men's Brown Sandals with Synthetic Leather upper with velcro closureCushioned footbedPatterned rubber outsole
10052,"Men's brown Respiro sandals with velcro closure, priced at INR 782."
10053,"Men's navy blue Park Avenue NEO Fit solid regular trousers, priced at INR 874."
10054,"GAP Baby Boy graphic raglan sweatshirt, priced at INR 1999."
10055,"Women's olive green and white striped FableStreet top with a boat neck, priced at INR 1516."
10056,"Men's maroon and black Basics slim fit checked casual shirt with a hood, priced at INR 1609."
10057,"Women's brown Inc 5 embellished sandals with a wedge heel, priced at INR 696."
10058,"Women's green woven design mf dupatta with zari and a woven design border, priced at INR 539."
10059,"Men's blue Newport jean slim fit mid-rise clean look stretchable jeans, priced at INR 799."
10060,"Women's rust red and black polka dot print plusS wrap top with a V-neck, priced at INR 543."
10061,"Boys' black Flying Machine printed sweatshirt with a round neck, priced at INR 519."
10062,"Women's olive green and blue printed Rangoli Jaipur A-line kurta with a mandarin collar, priced at INR 719."
10063,"Boys' red Flying Machine quilted bomber jacket with a stand collar, priced at INR 1499."
10064,"Women's navy blue and off-white floral print AURELIA A-line dress with tie-up detail, priced at INR 879."
10065,"Boys' navy blue and red Flying Machine regular fit checked casual reversible shirt with a spread collar, priced at INR 979."
10066,"Boys' peach-coloured and navy blue Flying Machine solid polo collar T-shirt, priced at INR 399."
10067,"Girls' blue and yellow floral print Natilene off-shoulder playsuit with ruffle detail, priced at INR 558."
10068,"Women's red and off-white checked I AM FOR YOU shirt style top with a shirt collar, priced at INR 662."
10069,"Men's white Sergio Tacchini sneakers with lace-up detail, priced at INR 5499."
10070,"Women's beige Inc 5 solid open-toe flats with a backstrap detail, priced at INR 696."
10071,"Girls' mustard yellow Marks & Spencer printed round neck T-shirt, priced at INR 699."
10072,"Women's grey GAP printed round neck T-shirt, priced at INR 749."
10073,"Women's GAP utility jacket with long sleeves and utility pockets, priced at INR 1999."
10074,"Girls' white and blue Gini and Jony printed T-shirt with skirt set, priced at INR 599."
10075,"Women's brown & gold-toned Inc 5 colourblocked heels, priced at INR 696."
10076,"Boys' black and yellow Flying Machine printed polo collar T-shirt, priced at INR 299."
10077,"Boys' red and black Flying Machine regular fit checked casual shirt with a button-down collar, priced at INR 909."
10078,"Women's peach-coloured Soie printed lounge t-shirts with a round neck, priced at INR 560."
10079,"Men's grey Campus mesh running shoes with lace-up detail, priced at INR 799."
10080,"Women's black HERE&NOW floral printed straight kurta with a mandarin collar, priced at INR 539."
10081,"Women's white and black checked GAP signature skinny fit cropped regular trousers, priced at INR 1499."
10082,"Men's red and navy blue HERE&NOW slim fit checked casual shirt with a spread collar, priced at INR 1499."
10083,"Boys' black Flying Machine skinny fit mid-rise clean look stretchable jeans, priced at INR 999."
10084,"Women's navy blue Global Desi solid blouson top with a tie-up neck, priced at INR 474."
10085,"Men's beige Basics tapered fit self design regular trousers, priced at INR 1469."
10086,"Women's grey Oxolloxo solid capri jumpsuit with shoulder straps, priced at INR 569."
10087,"Women's beige FableStreet regular fit solid cigarette linen trousers, priced at INR 2795."
10088,"Unisex Soulflower Best Herbal Onion Hair Growth Oil with Amla For Hairfall Control Greying 220 ml, priced at INR 422."
10089,"Boys' grey melange & navy Marks & Spencer printed round neck T-shirt, priced at INR 519."
10090,"Girls' mustard yellow Marks & Spencer solid trackpants with speckled effect, priced at INR 1299."
10091,"Boys' yellow & white Flying Machine regular fit checked casual shirt, priced at INR 909."
10092,"Women's black & grey Global Desi regular fit printed culottes, priced at INR 479."
10093,"Unisex EK DO DHAI mustard yellow & black hand-painted rectangle serving tray, priced at INR 999."
10094,"Men's navy blue Sergio Tacchini sneakers with lace-up detail, priced at INR 4699."
10095,"Men's beige Basics tapered fit self design regular trousers, priced at INR 1609."
10096,"Men's olive green Van Heusen slim fit solid regular trousers, priced at INR 2499."
10097,"Men's blue Park Avenue slim fit self-design formal shirt with a spread collar, priced at INR 1169."
10098,"Women's navy blue & green printed AURELIA maxi dress with tie-up detail, priced at INR 1119."
10099,"Women's green & blue amraoo printed dupatta with a fringed border, priced at INR 799."
10100,"Women's mustard yellow & black polka dot print plusS cinched waist top with a tie-up neck, priced at INR 447."
10101,"Men's blue Basics slim fit printed casual shirt with a button-down collar, priced at INR 1329."
10102,"Men's black & red OFF LIMITS mesh training or gym shoes with lace-up detail, priced at INR 1443."
10103,"Boys' red & navy blue Flying Machine printed sweatshirt with a round neck, priced at INR 599."
10104,"Men's beige Basics tapered fit solid regular trousers, priced at INR 1399."
10105,"Women's peach-coloured Inc 5 solid sandals with an ankle loop detail, priced at INR 836."
10106,"Boys' blue Flying Machine regular fit mid-rise low distress stretchable jeans, priced at INR 749."
10107,"Boys' GAP jersey-lined windbuster with a hooded neckline, priced at INR 1499."
10108,"Women's navy blue AURELIA self-design denim A-line dress with a round neck, priced at INR 799."
10109,"Men's navy blue Park Avenue active regular fit self-design regular trousers, priced at INR 2699."
10110,"Women's grey Soie printed lounge t-shirts with a round neck, priced at INR 560."
10111,"Women's Lacoste L.12.12 French Panache Pour Elle Eau de Toilette 90 ml, priced at INR 4250."
10112,"Boys' yellow Flying Machine regular fit solid casual shirt with a button-down collar, priced at INR 699."
10113,"Women's blue Zivame printed underwired lightly padded T-shirt bra, priced at INR 499."
10114,"Boys' green GAP graphic polo shirt with short sleeves, priced at INR 1299."
10115,"Baby Girl's GAP ColdControl Puffer with a zip front and elasticized trim at the hood, priced at INR 1649."
10116,"Women's fuchsia pink & white Varanga yoke design kurta with palazzos, priced at INR 1290."
10117,Men's Lacoste LHomme Intense Eau De Toilette 150 ml
10118,"Men's olive green Basics slim fit checked casual shirt with a spread collar, priced at INR 1539."
10119,"Women's white & black plusS checked straight palazzos, priced at INR 699."
10120,"Women's GAP classic LOGO zip hoodie with long sleeves and kanga pockets, priced at INR 1499."
10121,"Boys' red Flying Machine solid polo collar T-shirt, priced at INR 419."
10122,"Girls' pink & white Allen Solly Junior regular fit printed regular trousers, priced at INR 699."
10123,Men's GAP Vintage Wash Pocket T-Shirt
10124,"Boys' navy blue Gini and Jony washed regular fit denim shorts with applique and distressed detail, priced at INR 734."
10125,"Women's white Besiva solid round neck T-shirt with printed detail, priced at INR 602."
10126,"Men's orange & black Louis Philippe Jeans slim fit checked casual shirt with a spread collar, priced at INR 1124."
10127,"Girls' GAP flippy sequin graphic long sleeve T-shirt with a crewneck, priced at INR 899."
10128,Men's Marks & Spencers Men Vetiver Eau de Toilette 100ml
10129,"Men's blue Louis Philippe Sport self-design super slim fit single-breasted pure cotton blazer, priced at INR 2999."
10130,"Boys' mustard yellow & navy blue Marks & Spencer ape print joggers, priced at INR 519."
10131,"Women's Pink GIORDANO Analogue Watch GD-4015-22, priced at INR 1980."
10132,"Women's navy blue Hubberholme slim fit high-rise clean look stretchable jeans, priced at INR 674."
10133,"Boys' green & black Flying Machine regular fit printed casual shirt with a spread collar, priced at INR 599."
10134,"Women's cream-coloured Ahalyaa printed straight kurta with a round neck, priced at INR 762."
10135,"Girls' blue Gini and Jony washed denim mini straight skirt, priced at INR 844."
10135,Gini and Jony girls blue washed denim mini straight skirt.
10136,Tommy Hilfiger girls navy blue printed fit and flare dress.
10137,Oxolloxo women red solid high-low tunic.
10138,Basics men brown & navy blue slim fit checked casual shirt.
10139,Flying Machine boys white & blue micro ditsy printed shirt.
10140,FableStreet women blue solid top.
10141,Sergio Tacchini men navy blue sneakers.
10142,AURELIA women pink solid maxi dress.
10143,Flying Machine boys olive green regular fit camouflage printed casual shirt.
10144,"Lacoste Men L'Homme Eau De Toilette 100 ml, the fragrance for audacious and tenacious men."
10145,Rangoli Jaipur women white & magenta printed A-Line kurta.
10146,GAP Girls Graphic Long Sleeve T-shirt in soft jersey knit with assorted graphics at front.
10147,GAP Girls Heart Print Leggings in Stretch Jersey.
10148,Basics Men Brown Tapered Fit Solid Regular Trousers with button closure and 4 pockets.
10149,GAP Boys Logo Pull-On Pants with drawstring ties at elasticized waist.
10150,Ecko Unltd men navy blue & yellow slim fit checked casual shirt with a mandarin collar.
10151,"Lacoste Women L.12.12 Pour Elle Elegant Eau de Toilette 90 ml with notes of Mimosa, Jasmin Sambac, White flowers and Vetiver."
10152,Louis Philippe Jeans men blue tight slim fit printed casual shirt.
10153,Basics men red & black slim fit striped casual shirt.
10154,Flying Machine boys red printed polo collar T-shirt.
10155,FableStreet women blue A-Line dress with a fabric belt.
10156,Basics men navy blue tapered fit solid regular trousers.
10157,The Kaftan Company women coral pink & green printed night suit.
10158,AURELIA women navy blue & golden printed A-Line dress with sequins.
10159,Soie women blue printed lounge T-shirt.
10160,Inc 5 women tan brown solid heels.
10161,GAP Boy's Poplin Plaid Long Sleeve Shirt with button cuffs and pocket at chest.
10162,Inc 5 women tan brown solid sandals.
10163,FableStreet women red sheath dress.
10164,Tommy Hilfiger boys blue tapered fit mid-rise clean look stretchable jeans.
10165,Barbie by Many Frocks & Girls pink & blue fit and flare dress.
10166,Newport men blue slim fit jeans.
10167,Alena women blue solid straight kurta.
10168,Newport women black solid knitted tights.
10169,Anouk men white & black printed straight kurta.
10170,Newport women peach-coloured printed round neck T-shirt.
10171,Lacoste Men L.12.12 Eau Fraiche Pour Lui Eau De Toilette 100 ml.
10172,Newport men blue slim fit mid-rise clean look stretchable jeans.
10173,Louis Philippe men grey slim fit self design formal trousers.
10174,Tommy Hilfiger boys blue slim fit mid-rise clean look stretchable jeans.
10175,WROGN men olive green slim fit solid chinos.
10176,Basics men grey slim fit solid casual shirt.
10177,Natilene girls blue striped pure cotton bardot top.
10178,Basics men black tapered fit solid regular trousers.
10179,Hubberholme women black slim fit high-rise clean look stretchable jeans with side stripes.
10180,Soie women red printed lounge T-shirts.
10181,Ponds Super Light Gel Oil Free Moisturiser with Hyaluronic Acid + Vitamin E 147 g.
10182,Fablestreet women white solid mini skirt.
10183,Flying Machine boys blue & white regular fit striped casual shirt.
10184,EthnoVogue yellow & pink organza made to measure solid saree with blouse.
10185,Kvsfab women black fit and flare dress.
10186,BOLLYGLOW 9 Shade Eyeshadow Palette - Behind The Scenes 5 gm.
10187,Tommy Hilfiger boys navy blue regular fit solid cotton casual shirt.
10188,Flying Machine boys olive green & black camouflage print knitted cotton joggers.
10189,Ecko Unltd men blue colourblocked slim fit round neck T-shirt.
10190,Basics men yellow & blue slim fit checked casual shirt.
10191,Sergio Tacchini men black solid sneakers.
10192,WROGN men olive green slim fit solid regular trousers.
10193,CALFNERO men black solid genuine leather laptop bag.
10194,Soie women blue printed lounge T-shirts.
10195,Inc 5 women black solid sandals.
10196,Mitera red & gold-coloured silk blend woven design Banarasi saree.
10197,Marks & Spencer men Autograph Intense Eau de Toilette 100 ml.
10198,Gini and Jony boys blue printed regular fit shorts.
10199,GAP Men's Vintage Soft Gap Logo Graphic Hoodie.
10200,Louis Philippe Jeans men orange & black skinny fit checked casual shirt.
10201,Hubberholme women charcoal grey slim fit high-rise clean look stretchable jeans with side stripes.
10202,Tommy Hilfiger girls blue regular fit mid-rise clean look stretchable jeans.
10203,Calfnero unisex black textured genuine leather toiletry pouch.
10204,GAP Girl's Navy Blue Floral Ankle Jeggings with Fantastiflex.
10205,GAP Boys Logo Raglan T-Shirt.
10206,Basics Men Brown Slim Fit Self Design Regular Trousers.
10207,Flying Machine Boys Black & White Printed Sweatshirt.
10208,Global Desi Women Mustard Yellow Solid Top.
10209,AURELIA Women Blue & White Live Printed Maxi Dress.
10210,Park Avenue Men Cream Slim Fit Self Design Formal Shirt.
10211,WROGN Men Grey Solid Slim Fit Chinos.
10212,Inc 5 Women Black Embellished Open Toe Flats.
10213,AURELIA Women Green & Silver Printed Midi Empire Dress.
10214,Soie Women Cream-Coloured Printed Lounge T-shirt NT-120APRICOT.
10215,AURELIA Women Black & Golden Printed A-Line Dress.
10216,Inc 5 Women Brown Solid Open Toe Flats.
10216,Inc 5 women's brown solid open-toe flats with synthetic upper and cushioned footbed.
10217,Soie women's cream-colored solid knitted sleep shirt with a round neck and short sleeves.
10218,"BOLLYGLOW 9 Shade Eyeshadow Palette - Award Night 5 gm features 9 vibrant eyeshadow shades in matte, sparkly, and metallic finishes."
10219,Flying Machine boys pink & white pinstriped casual shirt with a mandarin collar and long sleeves.
10220,Flying Machine boys mustard yellow & navy skateboard print pullover with a round neck and long sleeves.
10221,Braun SE 810 2-in-1 Facial Epilator & Cleansing System - White.
10222,Newport men blue slim fit jeans with a button and zip closure.
10223,Flying Machine boys black & brown camo printed hooded sweatshirt with a zip closure.
10224,Style Quotient women olive green solid top with lace insert detail and three-quarter bell sleeves.
10225,BOLLYGLOW Women Multicoloured ON SET 9 Shades Eyeshadow Pallete features 9 vividly-pigmented shades from a metallic lavender and shimmery pink champagne to matte plum and warm orange.
10226,AURELIA women green & golden printed A-line dress with a mandarin collar and three-quarter sleeves.
10227,Marks & Spencer girls coral pink & white block print bardot top with long sleeves.
10228,Yuuki men blue training shoes with a mesh upper and Pro bounce 6.0 technology.
10229,FableStreet women mint green solid blazer with a collarless design and two pockets.
10230,Flying Machine boys green solid sweatshirt with a mock collar and two pockets.
10231,Gini and Jony boys white & navy blue striped polo collar t-shirt with short sleeves and 1 pocket.
10232,FableStreet women black solid sheath dress with a round neck and three-quarter sleeves.
10233,Flying Machine boys blue skinny fit mid-rise clean look stretchable jeans.
10234,Basics men blue slim fit solid casual shirt with a mandarin collar and button placket.
10235,Louis Philippe men grey solid slim fit single-breasted formal suit.
10236,plusS men grey regular fit self-design casual shirt with a spread collar and button placket.
10237,plusS women yellow & white floral print layered A-line top with a round neck and three-quarter sleeves.
10238,Basics Men Beige Tapered Fit Self Design Regular Trousers.
10239,Basics Men Black Tapered Fit Checked Regular Trousers.
10240,Rangoli Jaipur women olive green & off-white printed A-line kurta with a round neck and three-quarter sleeves.
10241,Z-ZOOM women round sunglasses with purple lenses and a metal full rim frame.
10242,GAP boys pull-on joggers with a drawcord at the elasticized waist.
10243,GAP boys logo sweatshirt with long raglan sleeves and a logo graphic at the chest.
10244,Inc 5 women navy blue solid open-toe flats with a synthetic upper and cushioned footbed.
10245,WESTCLO women turquoise-blue embroidered A-line kurti with a mandarin collar and three-quarter sleeves.
10246,Flying Machine boys charcoal grey mid-rise clean look stretchable jogger jeans.
10247,Gini and Jony boys yellow solid hooded sweatshirt with a zip closure.
10248,FableStreet women black sheath dress with a shirt collar and three-quarter sleeves.
10249,Proline Active men blue & white printed slim fit sports shorts with 3 pockets.
10250,Flying Machine boys blue jogger mid-rise clean look stretchable jeans.
10251,Besiva women black solid round neck t-shirt with short sleeves.
10252,Gini and Jony boys navy blue washed classic fit denim shorts with distressing and patch-work.
10253,Inc 5 women beige embellished open-toe flats with a synthetic upper and cushioned footbed.
10254,Soie women's blue printed sleep shirts with a round neck and short sleeves.
10255,Braun pink bikini styler silk epilator FG1100.
10256,Lacoste men green solid polo collar t-shirt.
10257,Gini and Jony boys navy blue regular fit solid casual shirt with a spread collar and long sleeves.
10258,Campus men grey mesh running shoes with a lace-up detail.
10259,Flying Machine boys navy blue skinny fit mid-rise clean look stretchable jeans.
10260,AURELIA women beige & golden printed maxi dress with a round neck and three-quarter sleeves.
10261,Ahalyaa women yellow & pink printed straight kurta with a boat neck and three-quarter sleeves.
10262,"DUGRISTYLE women gold-toned, white & green kundan embellished handcrafted cocktail ring."
10263,HUNTER 1114 Hair Styling Fiber Gum 86 ml for texture and fullness.
10264,Basics men khaki & black slim fit checked casual shirt with a spread collar and button placket.
10265,Tommy Hilfiger girls navy blue solid denim basic jumpsuit with shoulder straps and button closures.
10266,FOSH women black loose fit solid culottes with a slip-on closure.
10267,Respiro men brown driving shoes with a synthetic leather upper.
10268,FILA men brown solid sports sandals with a velcro closure.
10269,Palm Tree girls yellow printed body suit with a round neck.
10270,Vastraa Fusion women grey solid casual shirt with a mandarin collar and three-quarter roll-up sleeves.
10271,Basics Men Khaki Tapered Fit Solid Regular Trousers.
10272,Lacoste women L.12.12 Pour Elle Natural Eau De Toilette 90 ml.
10273,Campus women black mesh running shoes with a velcro detail.
10274,Soie women black printed lounge t-shirts with a round neck and short sleeves.
10275,Flying Machine boys yellow & navy blue regular fit checked casual shirt with a cutaway collar and long sleeves.
10276,FableStreet women black solid sheath dress with a round neck and short sleeves.
10277,Soie women red printed lounge t-shirts with a round neck and short sleeves.
10278,Soie women turquoise blue printed lounge t-shirts with a round neck and short sleeves.
10279,GAP baby girls print leggings with an elasticized waist.
10280,GAP baby girls logo stripe long sleeve bodysuit with snaps at the inseam.
10281,Flying Machine boys blue solid pullover sweater with printed detailing on the sleeves.
10282,Flying Machine boys black solid front-open sweater with a mock collar and zip closure.
10283,Park Avenue men blue & peach-colored regular fit checked formal shirt with a spread collar and long sleeves.
10284,Basics men maroon slim fit printed casual shirt with a spread collar and button placket.
10285,Inc 5 women blue solid open-toe flats with a synthetic upper and cushioned footbed.
10286,Inc 5 women silver-toned solid sandals with an open toe and block heel.
10287,VASTRAMAY men white printed woven pure cotton nehru jacket with a mandarin collar.
10288,Park Avenue men lavender solid formal shirt with a spread collar and short sleeves.
10289,Renka burgundy sweater with a turtle neck.
10290,Proline Active men olive green printed round neck t-shirt.
10291,Natilene girls yellow solid regular fit shorts with 4 pockets.
10292,Flying Machine boys navy blue printed polo collar t-shirt.
10293,Flying Machine boys maroon & navy blue colorblocked knitted sweatshirt with printed detail.
10294,Van Heusen men grey & brown solid single-breasted two-piece suit.
10295,Ponds men daily defence SPF 30 face creme 55 g.
10296,Campus men grey mesh running shoes with a lace-up detail.
10296,"Campus Men's grey mesh running shoes with lace-up detail, priced at INR 974."
10297,"Louis Philippe Men's beige woven design slim fit Nehru jacket with a mandarin collar, priced at INR 2449."
10298,"Basics Men's green & navy blue slim fit checked casual shirt with a spread collar, priced at INR 1399."
10299,"Ahalyaa Women's mauve printed straight kurta with a round neck, priced at INR 736."
10300,"Inc 5 Women's rose gold solid open toe flats with no back strap detail, priced at INR 591."
10301,"U.S. Polo Assn. Women's navy blue & white printed polo T-shirt with a polo collar, priced at INR 1529."
10302,"Natilene Girls' red solid pleated layered A-line top with a round neck, priced at INR 580."
10303,"GAP Men's grey solid round neck T-shirt with a pocket, priced at INR 499."
10304,"Inc 5 Women's navy blue textured open toe flats with no back strap detail, priced at INR 661."
10305,"ESBEDA black solid rectangular foldable desk organiser, priced at INR 990."
10306,"Tommy Hilfiger Boys' blue & white regular fit striped casual shirt with a spread collar, priced at INR 1999."
10307,"GAP Boys' pull-on joggers with drawcord ties at the elasticized waist, priced at INR 1999."
10308,"Gini and Jony Boys' brick red printed round neck T-shirt, priced at INR 559."
10309,"Antheaa Women's white self-design A-line top with embroidered detail and a high neck, priced at INR 989."
10310,"Tikhi Imli fuchsia pink & golden embroidered net saree with a woven design border, priced at INR 1510."
10311,"Basics Men's brown & navy blue slim fit checked casual shirt with a spread collar, priced at INR 1469."
10312,"AURELIA Women's pink & golden printed A-line dress with sequinned detail and a round neck, priced at INR 1319."
10313,"Braun Women's black Satin-Hair 3 hair straightener ST310, priced at INR 2655."
10314,"SOIE Women's white printed lounge T-shirt NT-120BRIGHT with a round neck, priced at INR 616."
10315,"Flying Machine Boys' yellow & blue printed round neck T-shirt, priced at INR 299."
10316,"Basics Men's brown & off-white slim fit striped casual shirt with a spread collar, priced at INR 1469."
10317,"Flying Machine Boys' red & black colourblocked hooded tailored jacket with side taping, priced at INR 1499."
10318,"Global Desi Women's pink & green printed round neck A-line kurta with tie-up detailing, priced at INR 449."
10319,"Soie Women's pink printed sleep shirts NT-98 with a round neck, priced at INR 936."
10320,"Basics Men's orange & white slim fit checked casual shirt with a spread collar, priced at INR 1329."
10321,"Park Avenue Men's brown solid chinos with a button closure, priced at INR 999."
10322,"amraoo Women's pink solid dupatta with a fringed border, priced at INR 599."
10323,"Basics Men's red & blue slim fit checked casual shirt with a spread collar, priced at INR 1399."
10324,"Monrow Women's pink solid block heels with ankle loop detail, priced at INR 1299."
10325,"Wear Your Mind Men's orange printed round neck T-shirt, priced at INR 558."
10326,"Marks & Spencers Women's Nectar & Jasmine Eau de Toilette 100ml, priced at INR 1299."
10327,"U.S. Polo Assn. Men's navy blue solid trunks with an outer elasticated waist band, priced at INR 327."
10328,"Besiva Women's black printed detail round neck T-shirt, priced at INR 548."
10329,"GAP Men's all-day pique polo shirt with moisture-wicking properties, priced at INR 1799."
10330,"Inc 5 Women's white solid one toe flats with no back strap detail, priced at INR 626."
10331,"Soie Women's brown printed lounge T-shirts with a round neck, priced at INR 616."
10332,"FabAlley Women's maroon & black striped A-line top with a round neck, priced at INR 800."
10333,"Ecko Unltd Men's green & navy blue slim fit checked casual shirt with a spread collar, priced at INR 540."
10334,"plusS Women's rust red & black polka dot printed cinched waist top with a tie-up neck, priced at INR 447."
10335,"Mitera brown & black Bagru hand block printed pure cotton saree with a solid border, priced at INR 2249."
10336,"Soie Women's lime green printed lounge T-shirts NT-120 with a round neck, priced at INR 616."
10337,"EK DO DHAI off-white & black hand-painted rectangle serving tray, priced at INR 700."
10338,"Gini and Jony Boys' navy blue embroidered shorts with 4 pockets, priced at INR 1399."
10339,"HUNTER 1114 Men's black diamond 2-in-1 shampoo and body wash 250 ml, priced at INR 1020."
10340,"Ecko Unltd Men's navy blue striped polo collar T-shirt, priced at INR 699."
10341,"Raymond Men's mustard yellow regular fit solid formal shirt with a mandarin collar, priced at INR 1169."
10342,"Louis Philippe Men's black slim fit solid regular trousers with a button closure, priced at INR 1224."
10343,"Flying Machine Boys' yellow and colourblocked polo collar T-shirt, priced at INR 399."
10344,"GAP Girl graphic long sleeves T-shirt, priced at INR 499."
10345,"Campus Women's navy blue mesh running shoes with lace-up detail, priced at INR 524."
10346,"Gini and Jony Girls' yellow printed playsuit with a round neck, priced at INR 629."
10347,"GAP Boy's white & maroon colorblock logo polo T-shirt, priced at INR 1299."
10348,"FableStreet Women's black & pink sheath dress with a boat neck, priced at INR 2995."
10349,"GAP Girl's ColdControl puffer jacket, priced at INR 1899."
10350,"GAP Boys logo short sleeve T-shirt, priced at INR 1299."
10351,"Titan Octane Hyper Lume Men blue analogue watch 90114KP03, priced at INR 6956."
10352,"Flying Machine Boys' red & black colourblocked varsity jacket with a stand neck collar, priced at INR 1379."
10353,"Moda Rapido Women's black & yellow printed styled back top with a boat neck, priced at INR 699."
10354,"Palm Tree Girls' pink & yellow regular fit floral print culottes, priced at INR 649."
10355,"Flying Machine Boys' blue printed polo collar T-shirt, priced at INR 299."
10356,"GAP Baby Boys printed long sleeve bodysuit, priced at INR 699."
10357,"BEARDO Men De-Tan Peel-Off Mask 100 g, priced at INR 311."
10358,"Campus Women's navy blue mesh running shoes with lace-up detail, priced at INR 589."
10359,"Tommy Hilfiger Boys' white & peach-coloured regular fit striped pure cotton casual shirt with a button-down collar, priced at INR 1499."
10360,"Basics Men's green & brown slim fit checked casual shirt with a spread collar, priced at INR 1399."
10361,"Inc 5 Women's gunmetal-toned solid peep toes with open back detail, priced at INR 801."
10362,"Flying Machine Boys' navy blue regular fit solid casual shirt with a button-down collar, priced at INR 699."
10363,"Besiva Women's black solid round neck T-shirt, priced at INR 496."
10364,"Lacoste Men's maroon solid polo collar T-shirt, priced at INR 5350."
10365,"Janasya Women's mustard yellow cotton kurta with palazzos, priced at INR 1565."
10366,"GAP Men's checked lived-in stretch poplin shirt, priced at INR 1999."
10367,"GAP Women V-neck floral print flutter sleeve top, priced at INR 1149."
10368,"Raymond Men's blue slim fit solid formal shirt with a spread collar, priced at INR 989."
10369,"Z-ZOOM Women's cateye sunglasses 55122, priced at INR 997."
10370,"Flying Machine Boys' black solid polo collar T-shirt, priced at INR 699."
10371,"Palm Tree Girls' sea green & pink star & dot print round neck T-shirt, priced at INR 324."
10372,"Titan Men white analogue watch 1696QC04, priced at INR 23395."
10373,"Just Wow Women's black solid wide leg palazzos, priced at INR 999."
10374,"ESBEDA black solid rectangular desk organiser, priced at INR 740."
10375,"Flying Machine Boys' white & black regular fit checked casual shirt with a button-down collar, priced at INR 839."
10376,"Gini and Jony Girls' peach coloured semi-sheer printed net flared skirt, priced at INR 974."
10377,"Newport Men's grey printed slim fit T-shirt, priced at INR 399."
10378,"CALFNERO Unisex black leather travell pouch, priced at INR 1259."
10379,"Flying Machine Boys' teal blue & off-white regular fit checked casual shirt with a spread collar, priced at INR 649."
10380,"Flying Machine Boys' grey melange & red printed round neck T-shirt, priced at INR 359."
10381,"Gini and Jony Boys' red printed polo collar T-shirt, priced at INR 489."
10382,"EK DO DHAI yellow hand-painted Hath Gadi with glass bowls, priced at INR 999."
10383,"BOLLYGLOW Women concealer cocoa corrector masala 5g, priced at INR 285."
10384,"Oxolloxo Women's blue solid sleeveless top with a round neck, priced at INR 1299."
10385,"SOLES Women's green open-toe flats with synthetic upper and cushioned footbed, priced at INR 986."
10386,"Marks & Spencer Boys' teal green self-striped mid-rise joggers with an elasticated waistband, priced at INR 649."
10387,"Natilene Girls' white printed round neck T-shirt with embellished detail, priced at INR 635."
10388,"GAP Women's short puff sleeve T-shirt in soft, airy slub cotton jersey knit, priced at INR 749."
10389,"Basics Men's maroon solid mid-rise tapered fit trousers with button closure and 4 pockets, priced at INR 1609."
10390,"AURELIA Women's purple and golden printed woven maxi dress with tie-up detail, round neck, and three-quarter sleeves, priced at INR 1319."
10391,"Inc 5 Women's black open-toed flats with synthetic upper and cushioned footbed, priced at INR 976."
10392,"Flying Machine Boys' red and navy blue colourblocked T-shirt with a polo collar, priced at INR 479."
10393,"GAP Girls' solid puffer jacket with water-resistant feature and recycled fill, priced at INR 1999."
10394,"Home Sparkle brown 4-piece MDF basic wall shelf set, priced at INR 816."
10395,"Tikhi Imli black & red printed saree with a blouse piece, priced at INR 846."
10396,"Respiro Men's black driving shoes with synthetic leather upper and cushioned footbed, priced at INR 1949."
10397,"SOIE Women's peach-coloured printed lounge T-shirt with a round neck, priced at INR 616."
10398,"Yuuki Men's charcoal grey and teal blue training shoes with mesh upper and Pro bounce 6.0 technology, priced at INR 811."
10399,"WESTCLO Women's red printed straight kurti with a round neck and three-quarter sleeves, priced at INR 1299."
10400,"Natilene Girls' black solid mid-rise culottes with metallic detail, priced at INR 741."
10401,"Basics Men's charcoal solid casual shirt with a mandarin collar and curved hem, priced at INR 1399."
10402,"amraoo Women's blue printed Dupatta with a tasselled border, priced at INR 799."
10403,"AURELIA Women's blue & golden printed woven maxi dress with tie-up detail, keyhole neck, and three-quarter sleeves, priced at INR 1119."
10404,"Newport Women's black solid high-waist skinny fit yoga pants, priced at INR 799."
10405,"Basics Men's navy blue & beige checked casual shirt with a spread collar, priced at INR 1469."
10406,"Flying Machine Boys' red & navy blue checked casual shirt with a button-down collar, priced at INR 909."
10407,"GAP Girls' graphic sweatshirt with soft knit and dropped shoulders, priced at INR 1249."
10408,"amraoo White solid Dupatta with printed dupatta, priced at INR 599."
10409,"Inc 5 Women's pink open-toed flats with synthetic upper and cushioned footbed, priced at INR 2390."
10410,"Tommy Hilfiger Girls' navy blue printed fit and flare dress with an attached white t-shirt, priced at INR 2959."
10411,"Moon Dust Women's silver-plated charm bracelet made of brass with crystals, priced at INR 699."
10412,"Inc 5 Women's black open toe heels with ankle loop detail and stiletto heel, priced at INR 906."
10413,"Inc 5 Women's gold-toned & black open-toed flats with synthetic upper and cushioned footbed, priced at INR 766."
10414,"Flying Machine Boys' navy blue solid casual shirt with a button-down collar, priced at INR 979."
10415,"Natilene Girls' navy blue schiffli embroidered woven bardot top with an off-shoulder neck, priced at INR 692."
10416,"Gini and Jony Boys' blue printed T-shirt with a polo collar, priced at INR 1049."
10417,"Flying Machine Boys' grey melange solid knitted mid-rise joggers with printed detail, priced at INR 779."
10418,"ESBEDA Black Solid Round Desk Organiser, priced at INR 840."
10419,"Louis Philippe Sport Men's navy blue & black self-design slim fit single-breasted pure cotton blazer, priced at INR 2999."
10420,"Soie Women's grey printed lounge t-shirts with a round neck, priced at INR 616."
10421,"GAP Girl's Logo Hoodie Sweatshirt with soft fleece, priced at INR 1999."
10422,"Newport Men's blue slim fit jeans with a button and zip closure, priced at INR 1039."
10423,"amraoo Orange printed Dupatta and has a printed border, priced at INR 799."
10424,"FableStreet Women's mustard checked woven sheath dress with a square neck, priced at INR 2316."
10425,"amraoo Women's brown art silk printed Dupatta and has a printed border, priced at INR 799."
10426,"amraoo Women's orange solid Dupatta with a tasselled border, priced at INR 599."
10427,"Flying Machine Boys' solid casual shirt with a spread collar, priced at INR 979."
10428,"Newport Men's blue jean slim fit mid-rise clean look stretchable jeans, priced at INR 959."
10429,"Antheaa Women's black self-design woven A-line top with embroidered detail, priced at INR 1299."
10430,"Newport Women's black printed T-shirt and has a round neck, priced at INR 559."
10431,"Basics Men's red solid casual shirt with a spread collar, priced at INR 1399."
10432,"Gini and Jony Boys' blue checked mid-rise regular fit shorts, priced at INR 699."
10433,"Style Quotient Women's peach-coloured solid woven regular top with lace insert detail, priced at INR 644."
10434,"FableStreet Women's green solid woven shirt style top with a shirt collar, priced at INR 1356."
10435,"Van Heusen Men's grey & brown checked slim-fit single-breasted formal suit, priced at INR 3499."
10436,"Tommy Hilfiger Boys' grey printed T-shirt with a round neck, priced at INR 1119."
10437,"amraoo Women's beige solid Dupatta and has a solid border, priced at INR 599."
10438,"Duke Men's purple printed polo collar slim-fit T-shirt, priced at INR 507."
10439,"FableStreet Women's black solid mid-rise straight fit formal trousers, priced at INR 1956."
10440,"Saint G Women's black & gold-toned leather sneakers, priced at INR 5760."
10441,"GAP Baby Girls Print Hoodie Jacket with soft knit, priced at INR 1649."
10442,"Soie Women's cream-coloured printed lounge t-shirts with a round neck, priced at INR 616."
10443,"Tommy Hilfiger Girls' orange & navy blue striped round neck T-shirt, priced at INR 1079."
10444,"GAP Women's V-neck Pullover Sweater with soft, textured, featherweight knit, priced at INR 2499."
10445,"Inc 5 Women's gold-toned solid one toe flats with synthetic upper and cushioned footbed, priced at INR 591."
10446,"Tikhi Imli Blue Solid Ruffle Saree, priced at INR 1482."
10447,"Basics Men's Yellow Slim Fit Printed Casual Shirt, priced at INR 1329."
10448,"Barbie by Many Frocks & Blue Ready to Wear Lehenga & Blouse with Dupatta, priced at INR 1899."
10449,"Global Desi Women Navy Blue & Gold-Coloured Printed Tunic, priced at INR 539."
10450,"Inc 5 Women Gold-Toned Solid Heeled Mules, priced at INR 801."
10451,"Hubberholme Women Navy Blue Slim Fit High-Rise Clean Look Stretchable Jeans, priced at INR 674."
10452,"Flying Machine Boys Red & Black Printed Hooded Sweatshirt, priced at INR 749."
10453,"Moon Dust Women Silver-Plated Pink & Black Link Bracelet, priced at INR 699."
10454,"Basics Men Green Slim Fit Checked Casual Shirt, priced at INR 1469."
10455,"Louis Philippe Navy Blue Self-Design Slim Fit Formal Suit, priced at INR 10499."
10456,"Tommy Hilfiger Boys Blue & White Cotton Striped Polo Collar T-shirt, priced at INR 959."
10457,"Marks & Spencer Boys Navy Blue Regular Fit Solid Trousers, priced at INR 1299."
10458,"Natilene Girls Navy & White Regular Fit Striped Trousers, priced at INR 764."
10459,"Inc 5 Women Gold-Toned Solid Open Toe Flats, priced at INR 626."
10460,"Inc 5 Women Black Solid T-Strap Flats, priced at INR 591."
10461,"Louis Philippe Men Grey Checked Slim Fit Formal Suit, priced at INR 4899."
10462,"GAP Boys Graphic Short Sleeve T-shirt, priced at INR 1299."
10463,"FabAlley Women Black & White Checked Top, priced at INR 750."
10464,"Moda Rapido Women Peach & Black Printed Playsuit, priced at INR 479."
10465,"Flying Machine Boys Blue Skinny Fit Mid-Rise Clean Look Stretchable Jeans, priced at INR 1299."
10466,"plusS Women Grey Floral Printed A-Line Top, priced at INR 575."
10467,"Campus Men Black Mesh Running Shoes, priced at INR 809."
10468,"GAP Men's Icon Denim Jacket, priced at INR 2499."
10469,"amraoo Blue Solid Dupatta, priced at INR 599."
10470,"Ahalyaa Women Pink Printed Straight Kurta, priced at INR 757."
10471,"Maniac Men Grey Melange Solid Round Neck T-shirt, priced at INR 399."
10471,"Maniac Men Grey Melange Solid Round Neck T-shirt, priced at INR 399."
10472,"Flying Machine Boys Green Solid Pure Cotton Cardigan, priced at INR 1529."
10473,"AURELIA Women Brown & Gold Printed Maxi Dress, priced at INR 2999."
10474,"GAP Men's Vintage Soft Gap Logo Graphic Hoodie, priced at INR 3499."
10475,"Kappa Women Olive Green Solid Round Neck T-shirt, priced at INR 249."
10476,"Marks & Spencers Men Bergamot Eau de Toilette 100ml, priced at INR 2299."
10477,"Ecko Unltd Men Navy Blue & White Colourblocked Slim Fit Polo Collar T-shirt, priced at INR 699."
10478,"GAP Boys Graphic Raglan T-Shirt, priced at INR 899."
10479,"Sergio Tacchini Men Grey Sneakers, priced at INR 5499."
10480,"Tommy Hilfiger Boys Orange Regular Fit Solid Casual Shirt, priced at INR 1799."
10481,"Inc 5 Women Black Solid Sandals, priced at INR 2590."
10482,"Z-ZOOM Women Oversized Sunglasses 55143, priced at INR 1247."
10483,"GAP Baby Girl ColdControl Puffer, priced at INR 1649."
10484,"The Kaftan Company Women White & Blue Printed Night suit, priced at INR 1999."
10485,"Basics Men Grey Slim Fit Checked Casual Shirt, priced at INR 1469."
10486,"GAP Men's Gap Logo Fleece Hoodie, priced at INR 3499."
10487,"Basics Men Red Slim Fit Striped Casual Shirt, priced at INR 1469."
10488,"GAP Women Logo Short Sleeve T-Shirt, priced at INR 749."
10489,"GAP Men's Logo Fleece Zip Hoodie, priced at INR 2999."
10490,"SG YUVRAJ Boys Blue & Black Self-Design Regular-Fit Tuxedo Blazer, priced at INR 1619."
10491,"Louis Philippe Men Grey Slim Fit Solid Formal Trousers, priced at INR 1224."
10492,"Park Avenue Men Grey Smart Fit Solid Formal Trousers, priced at INR 1214."
10493,"GAP Baby Girls Print Leggings, priced at INR 699."
10494,"Inc 5 Women Black Solid One Toe Flats, priced at INR 591."
10495,"Barbie by Many Frocks & Girls Pink & Blue Colourblocked A-Line Dress, priced at INR 2499."
10496,"Park Avenue Men White Slim Fit Self Design Formal Shirt, priced at INR 1079."
10497,"Tikhi Imli Beige & Brown Animal Print Saree, priced at INR 1098."
10498,"GAP Baby Girls Print Pull-On Joggers, priced at INR 799."
10499,"AURELIA Women Yellow & Golden Embellished Maxi Dress, priced at INR 3299."
10500,"Ecko Unltd Men Black & Mustard Yellow Colourblocked Round Neck T-shirt, priced at INR 263."
10501,"Basics Men Grey & White Slim Fit Checked Casual Shirt, priced at INR 1469."
10502,"Global Desi Women Red Printed Regular Top, priced at INR 374."
10503,"amraoo Yellow Solid Dupatta, priced at INR 599."
10504,"V Dot Men Brown Printed Single-Breasted Bandh Gala Suit, priced at INR 6499."
10505,"Inc 5 Women Grey & Black Textured Sandals, priced at INR 731."
10506,"Style Quotient Women Green Solid A-Line Top, priced at INR 644."
10507,"Ecko Unltd Men Olive Green & Navy Blue Colourblocked Slim Fit Polo Collar T-shirt, priced at INR 699."
10508,"EK DO DHAI Yellow & Red Hand-Painted Rectangle Serving Tray, priced at INR 700."
10509,"Basics Men Grey Slim Fit Solid Casual Shirt, priced at INR 1399."
10510,"Flying Machine Boys Maroon & Blue Printed Pullover, priced at INR 1299."
10511,"Gini and Jony Girls Blue Regular Fit Washed Denim Trousers, priced at INR 629."
10512,"Basics Men Brown Slim Fit Self Design Casual Shirt, priced at INR 1259."
10513,"Ecko Unltd Men Navy Blue & White Colourblocked Slim Fit Round Neck T-shirt, priced at INR 275."
10514,"Global Desi Women Mustard Yellow & Turquoise Blue Printed Tunic, priced at INR 509."
10515,"FableStreet Women White Printed Sheath Dress, priced at INR 2236."
10516,"Louis Philippe Jeans Men Navy Blue Tight Skinny Fit Printed Casual Shirt, priced at INR 2499."
10517,"Jack & Jones Men Grey Lion King Printed Round Neck T-shirt, priced at INR 1699."
10518,"Philips BHH880/10 Heated Straightening Brush with ThermoProtect Technology - Black, priced at INR 3140."
10519,"Louis Philippe Men Black Slim Fit Solid Formal Trousers, priced at INR 2124."
10520,"Flying Machine Boys Red Solid Polo Collar T-shirt, priced at INR 699."
10521,"FILA Men Grey Sports Sandals, priced at INR 649."
10522,"Varanga Women White & Blue Floral Print A-Line Dress, priced at INR 791."
10523,"Lacoste Men L.12.12 French Panache Pour Lui Eau De Toilette 100 ml, priced at INR 4420."
10524,"Global Desi Women Red & Pink Printed Tunic, priced at INR 539."
10525,"Globus Women Blue Printed Flared Maxi Skirt, priced at INR 499."
10526,"Basics Men Pink & Blue Slim Fit Checked Casual Shirt, priced at INR 1469."
10527,"Lacoste Women L.12.12 Pour Elle Sparkling Eau De Toilette 90 ml, priced at INR 4000."
10528,"Tommy Hilfiger Boys Olive Green & Maroon Colourblocked Polo Collar T-shirt, priced at INR 959."
10529,"Basics Men Blue Slim Fit Checked Casual Shirt, priced at INR 1399."
10530,"Gini and Jony Boys Beige Slim Fit Solid Trousers, priced at INR 599."
10531,"amraoo Black Solid Dupatta, priced at INR 599."
10532,"Style Quotient Women Mustard Yellow Solid Top, priced at INR 644."
10533,"Newport Women Black Printed Round Neck T-shirt, priced at INR 559."
10534,"Flying Machine Boys Blue & Yellow Colourblocked Jacket, priced at INR 999."
10535,"FableStreet Women Beige Loose Fit Solid Peg Linen Trousers, priced at INR 1886."
10536,"GAP Girl Graphic Long Sleeves T-shirt, priced at INR 499."
10537,"Louis Philippe Men Brown Slim Fit Self Design Formal Trousers, priced at INR 1949."
10538,"Flying Machine Boys Colourblocked Polo Collar T-shirt, priced at INR 399."
10539,"Braun HD130 Satin Hair Dryer - Black, priced at INR 1476."
10540,"Global Desi Women Black Solid A-Line Top, priced at INR 539."
10541,"Ecko Unltd Men Black Solid Hooded Puffer Jacket, priced at INR 1007."
10542,"U.S. Polo Assn. Women Women Blue & White Striped Top, priced at INR 849."
10543,"Hubberholme Women Black Slim Fit High-Rise Clean Look Stretchable Jeans, priced at INR 674."
10544,"SOIE Women Blue Solid Lounge T-shirt, priced at INR 616."
10545,"Flying Machine Boys Red Printed Sweatshirt, priced at INR 749."
10546,"Varkala Silk Sarees Mustard Yellow Cotton Blend Solid Banarasi Saree, priced at INR 1178."
10547,"Titan Octane Hyper Lume Men Blue Analogue watch, priced at INR 8396."
10548,"Tommy Hilfiger Girls Navy Blue Printed Knitted Sweatshirt Dress, priced at INR 2399."
10549,"Basics Men Blue Slim Fit Printed Casual Shirt, priced at INR 1539."
10550,"Antheaa Women Black Solid A-Line Top, priced at INR 1299."
10551,"AWW HUNNIE Girls Rust Red & White Solid Top with Skirt, priced at INR 999."
10552,"Newport Women Black Solid Skinny Fit Yoga Tights, priced at INR 719."
10553,"GAP Men's Logo Fleece Zip Hoodie, priced at INR 2999."
10554,"Yuuki Men Blue & Charcoal Grey Training Shoes, priced at INR 1259."
10555,"Ecko Unltd Men Navy Blue & Turquoise Blue Colourblocked Slim Fit Polo Collar T-shirt, priced at INR 699."
10556,"Basics Men Maroon Slim Fit Solid Casual Shirt, priced at INR 1329."
10557,"Sergio Tacchini Men Navy Blue Sneakers, priced at INR 3054."
10558,"Global Desi Women Rust & Teal Blue Printed Top, priced at INR 349."
10558,"Global Desi Women's rust and teal blue printed top with a keyhole neck and three-quarter sleeves, priced at INR 349."
10559,"Inc 5 Women's beige solid one toe flats, priced at INR 626, featuring a synthetic upper, cushioned footbed, and textured outsole."
10560,"Flying Machine Boys' orange and navy typography self-design pullover with a round neck and long sleeves, priced at INR 899."
10561,"Inc 5 Women's blue solid one toe flats, priced at INR 591, with a synthetic upper, cushioned footbed, and textured outsole."
10562,"Barbie by Many Frocks & Girls' blue and peach-colored fit and flare dress with a round neck and short sleeves, priced at INR 2611."
10563,"Flying Machine Boys' black and grey colorblocked joggers with a slip-on closure and three pockets, priced at INR 584."
10564,"GAP Men's All Day Pique Polo Shirt, priced at INR 899, featuring soft, stretch pique knit with moisture-wicking properties, short sleeves, and side vents."
10565,"Barbie by Many Frocks & Girls' green and orange fit and flare dress with a round neck and short sleeves, priced at INR 2611."
10566,"Newport Women's navy blue solid skinny fit yoga tights with an elasticated waistband, priced at INR 799."
10567,"Basics Men's olive green tapered fit solid regular trousers with a button closure and 4 pockets, priced at INR 1399."
10568,"Basics Men's blue slim fit printed casual shirt with a spread collar and long sleeves, priced at INR 1399."
10569,"Basics Men's black & grey slim fit striped casual shirt with a spread collar and long sleeves, priced at INR 1469."
10570,"Flying Machine Boys' maroon & white regular fit checked casual shirt with a button-down collar and long sleeves, priced at INR 909."
10571,"EthnoVogue Mustard Yellow & Beige Art Silk Customised Digital Print Saree With Blouse, priced at INR 4081."
10572,"Newport Men's grey printed round neck T-shirt with short sleeves, priced at INR 399."
10573,"Flying Machine Boys' grey melange solid joggers with side taping, elasticated waistband, and three pockets, priced at INR 599."
10574,"Varkala Silk Sarees Magenta Cotton Blend Solid Banarasi Saree, priced at INR 1364."
10575,"Basics Men's peach-colored slim fit solid casual shirt with a spread collar and long sleeves, priced at INR 1469."
10576,"Global Desi Women's pink & gold-toned round neck maxi dress, priced at INR 1289."
10577,"Gini and Jony Boys' black printed round neck T-shirt with short sleeves, priced at INR 699."
10578,"Hubberholme Women's charcoal grey slim fit high-rise cropped jeans, priced at INR 674."
10579,"Flying Machine Boys' grey melange & navy blue printed sweatshirt with a round neck and long sleeves, priced at INR 599."
10580,"FableStreet Women's olive brown & black sheath dress with a boat neck and three-quarter sleeves, priced at INR 2316."
10581,"Gini and Jony Boys' navy regular fit solid trousers with a button and zip closure, priced at INR 844."
10582,"Global Desi Women's rust brown printed maxi dress with a V-neck and three-quarter sleeves, priced at INR 2999."
10583,"TAG EYE Unisex brown square sunglasses with polarized and UV protected lenses, priced at INR 630."
10584,"Marks & Spencer Boys' charcoal grey regular fit solid trousers with a snap button and drawstring closure, priced at INR 1299."
10585,"GAP Women's Favourite Graphic T-shirt, priced at INR 499, featuring soft knit and short sleeves."
10586,"Titan Octane Hyper Lume Men's blue analogue watch 90113KP01, priced at INR 8396."
10587,"Basics Men's white slim fit solid casual shirt with a spread collar and long sleeves, priced at INR 1424."
10588,"Tommy Hilfiger Boys' navy blue printed round neck T-shirt with long sleeves, priced at INR 959."
10589,"Global Desi Women's navy blue & white regular fit printed culottes, priced at INR 479."
10590,"Louis Philippe Men's brown solid slim fit formal suit, priced at INR 7839."
10591,"Inc 5 Women's brown solid open toe flats, priced at INR 731, with a synthetic upper, cushioned footbed, and textured outsole."
10592,"Ahalyaa Women's pink & off-white printed straight kurta with a round neck and three-quarter sleeves, priced at INR 756."
10593,"Purple State Women's yellow printed basic jumpsuit with a square neck and short sleeves, priced at INR 749."
10594,"United Colors of Benetton Navy Checked Trousers, priced at INR 2849."
10595,"Gini and Jony Girls' grey self-design embellished fit and flare dress, priced at INR 1399."
10596,"Van Heusen Men Navy Blue Super Slim Fit Two-Piece Suit, priced at INR 5389."
10597,"Lacoste Women L.12.12 Pour Elle Eau Fraiche Eau De Toilette 90 ml, priced at INR 3325."
10598,"Basics Men's orange & pink slim fit checked casual shirt with a spread collar and long sleeves, priced at INR 1469."
10599,"Gini and Jony Girls' green & golden printed fringed top, priced at INR 349."
10600,"GAP Men Gap Logo Pocket T-Shirt, priced at INR 749."
10601,"Newport Men's blue slim fit mid-rise clean look stretchable jeans, priced at INR 959."
10602,"Flying Machine Boys' navy blue skinny fit mid-rise clean look stretchable jeans, priced at INR 749."
10603,"Louis Philippe Jeans Men's blue tight skinny fit faded casual denim shirt, priced at INR 1439."
10604,"Basics Men's beige tapered fit solid regular trousers with a button closure and 4 pockets, priced at INR 1329."
10605,"Saint G Women's black woven design leather mules, priced at INR 3770."
10606,"Campus Men's grey mesh running shoes, priced at INR 674."
10607,"GAP Women Skinny Ankle Pants, priced at INR 1499."
10608,"Inc 5 Women's black solid open toe flats, priced at INR 626, with a synthetic upper, cushioned footbed, and textured outsole."
10609,"Park Avenue Men's white slim fit solid formal shirt with a spread collar and long sleeves, priced at INR 1169."
10610,"Natilene Girls' white & pink printed off-shoulder playsuit, priced at INR 879."
10611,"Louis Philippe Men's black slim fit solid formal trousers, priced at INR 2166."
10612,"ESBEDA Black Solid Square Desk Organiser, priced at INR 990."
10613,"GAP Boy's Logo Long Sleeves T-shirt, priced at INR 1299."
10614,"Flying Machine Boys' red & white regular fit striped casual shirt with a spread collar and long sleeves, priced at INR 699."
10615,"Louis Philippe Sport Men's Olive Green Self-Design Super Slim Fit Single-Breasted Pure Cotton Blazer, priced at INR 2999."
10616,"U.S. Polo Assn. Women Women White & Navy Blue Striped Round Neck T-shirt, priced at INR 599."
10617,"Masculino Latino Men's green printed round neck T-shirt with short sleeves, priced at INR 441."
10618,"Proline Active Men's navy blue solid crew fit sports shorts, priced at INR 849."
10619,"plusS Women's blue solid shirt style top, priced at INR 511."
10620,"Marks & Spencers Men Earl Grey & Sandalwood Eau de Toilette 100ml, priced at INR 2299."
10621,"Flying Machine Boys' charcoal grey printed round neck T-shirt with short sleeves, priced at INR 224."
10622,"Lacoste Men L'Homme Eau De Toilette 50 ml, priced at INR 3112."
10623,"Inc 5 Women's tan brown solid heels, priced at INR 766, with a synthetic upper, cushioned footbed, and textured outsole."
10624,"Marks & Spencer Boys' multicoloured printed casual shirt with a cuban collar and short sleeves, priced at INR 699."
10625,"Louis Philippe Sport Men's Navy Blue Self Design Slim Fit Single-Breasted Casual Pure Cotton Blazer, priced at INR 3429."
10626,"GAP Baby Girls Logo Hoodie One-Piece, priced at INR 1249."
10627,"Inc 5 Women's rose gold solid one toe flats, priced at INR 556, with a synthetic upper, cushioned footbed, and textured outsole."
10628,"Ecko Unltd Men's blue slim tapered fit mid-rise clean look stretchable ankle-length jeans, priced at INR 1499."
10629,"Newport Men's blue slim fit jeans, priced at INR 799."
10630,"Inc 5 Women's pink solid sandals, priced at INR 766, with a synthetic upper, cushioned footbed, and textured outsole."
10631,"GAP Boys Toddler Slim Jeans with Fantastiflex, priced at INR 1999."
10632,"Barbie by Many Frocks & Girls' pink fit and flare dress with a round neck and short sleeves, priced at INR 1899."
10633,"Flying Machine Boys' orange & blue striped polo collar T-shirt, priced at INR 559."
10634,"SOIE Women's white printed round neck lounge T-shirt NT-120BRIGHT, priced at INR 560."
10635,"Natilene Girls' blue & white striped top, priced at INR 659."
10636,"Rangoli Jaipur Women's blue & white printed A-Line Kurta, priced at INR 719."
10637,"Newport Women's grey melange solid skinny-fit Track Pants, priced at INR 719."
10638,"Louis Philippe Men's blue slim fit self design formal trousers, priced at INR 1724."
10638,"Louis Philippe Men Blue Slim Fit Self Design Formal Trousers, featuring a button closure."
10639,"Braun Silk Corded Epilator 1170 - White & Pink, ideal for legs, with a 2-year guarantee."
10640,Flying Machine Boys Olive Green Regular Fit Solid Casual Shirt with a spread collar and flap pockets.
10641,Hubberholme Women Navy Blue Slim Fit High-Rise Clean Look Stretchable Jeans with side striped detail.
10642,Flying Machine Boys Blue Solid Bomber jacket with a hood and zip closure.
10643,Flying Machine Boys Red Solid Pullover Sweater with printed detailing and a V-neck.
10644,Ahalyaa Women Black & Cream-Coloured Printed Straight Kurta with a round neck and side slits.
10645,"TAG EYE Unisex Brown Wayfarer Sunglasses T1308TAG236a with polarized and UV protected lenses, suitable for square face shapes."
10646,Soie Women's Blue Printed Sleep Shirts NT-98 with a round neck and short sleeves.
10647,Inc 5 Women Black Solid Sandals with a block heel and ankle loop detail.
10648,"WESTCLO Women Grey Solid Straight Kurti with embroidered detail, a V-neck, and a high-low hem."
10649,GAP Girls Pink & Silver Printed A-Line Dress with a round neck and flared hem.
10650,Flying Machine Boys Blue Skinny Fit Mid-Rise Mildly Distressed Stretchable Jeans.
10651,Ahalyaa Women Yellow Printed Straight Kurta with a round neck and side slits.
10652,Basics Men Red & Blue Slim Fit Checked Casual Shirt with a spread collar and a patch pocket.
10653,Flying Machine Boys Pink & White Striped Casual Shirt with a button-down collar and a patch pocket.
10654,Vastraa Fusion Women Black Regular Fit Solid Casual Shirt with a mandarin collar and roll-up sleeves.
10655,Rangoli Jaipur Women White & Blue Printed Straight Kurta with a mandarin collar and multiple slits.
10656,"Louis Philippe Men Blue Solid Slim Fit Formal Suit with a blazer, waistcoat, and trousers, including a lapel pin."
10657,Basics Men Red Slim Fit Checked Casual Shirt with a spread collar and a patch pocket.
10658,Inc 5 Women Tan Brown Embellished Sandals with a wedge heel.
10659,Flying Machine Boys Navy Blue Faded Casual Shirt with a spread collar and flap pockets.
10660,Basics Men Multicoloured Slim Fit Checked Casual Shirt with a spread collar.
10661,Flying Machine Boys Red and Black Printed Polo Collar T-shirt.
10662,"Marks & Spencers Women Rose & Amber Eau de Toilette 100ml, a contemporary fragrance."
10663,Flying Machine Boys Black Mid-Rise Clean Look Stretchable Jogger Jeans with a slip-on closure.
10664,Gini and Jony Boys Blue Washed Regular Fit Denim Shorts with distressing.
10665,Kvsfab Women Cream-Coloured A-Line Dress with a round neck and flared hem.
10666,Flying Machine Boys Navy Blue & Yellow Printed Sweatshirt with a round neck.
10667,Basics Men Beige Tapered Fit Solid Regular Trousers with a button closure.
10668,Flying Machine Boys Green Solid Joggers with an elasticated waistband and cuffed hems.
10669,GAP Women V-neck Pullover Sweater with ribbed-knit cuffs and hem.
10670,Tommy Hilfiger Girls Orange Solid Top with a round neck.
10671,GAP Men's Logo Fleece Crewneck Sweatshirt with a crewneck and graphic at the chest.
10672,GAP Mid Rise Favorite Jeggings with premium stretch denim and five-pocket styling.
10673,"GAP Women Girlfriend Twill Stripe Chinos with Raw Hem, featuring a stretch twill weave."
10674,Rangoli Jaipur Women Mustard Yellow & Off-White Printed Straight Kurta with a round neck and side slits.
10675,AURELIA Women Off-White & Golden Checked A-Line Dress with sequinned detail.
10676,Gini and Jony Boys Navy Blue Printed Polo Collar T-shirt.
10677,Inc 5 Women Black Tassel Detail T-Strap Flats with buckle detail.
10678,Inc 5 Women Grey Solid Open Toe Flats with no back strap detail.
10679,Gini and Jony Girls Red & White Dungree with a boat neck.
10680,Tommy Hilfiger Girls Multicoloured Striped Round Neck T-shirt.
10681,FableStreet Women Green Printed Sheath Dress with a boat neck and concealed zip closure.
10682,Braun Women SE3270 Silk Epilator - Pink/White
10683,Inc 5 Women Gunmetal-Toned Solid Heels with a slim heel
10684,Basics Men Navy Blue & Black Slim Fit Striped Casual Shirt with a spread collar.
10685,"Titan Octane Hyper Lume Men White Analogue watch 90114KP02 featuring chronograph and a leather strap, water resistance 100m."
10686,Marks & Spencer Girls Mustard Yellow & Off-White Printed Bardot Top.
10687,Vastraa Fusion Women Yellow Regular Fit Solid Casual Shirt with a mandarin collar and roll-up sleeves.
10688,OBOW Men Olive Green Solid Polo Collar T-shirt.
10689,Ahalyaa Women Navy Blue Printed Straight Kurta with a round neck and side slits.
10690,Kappa Women Black Solid Round Neck T-shirt.
10691,Rangoli Jaipur Women Coffee Brown & Off-White Printed A-Line Kurta with a round neck and flared hem.
10692,Inc 5 Women Gold-Toned Solid Open Toe Flats.
10693,Ecko Unltd Men Red & Black Colourblocked Slim Fit Polo Collar T-shirt.
10694,amraoo Women Peach-Coloured Art Silk Solid Dupatta with zari and a tasselled border.
10695,OFF LIMITS Men Charcoal Grey Mesh Training Shoes with lace-up detail and pro bounce 6.0 technology.
10696,Park Avenue Men Black Slim Fit Printed Casual Shirt with a spread collar.
10697,Newport Women Navy Blue Self-Design Skinny-Fit Track Pants with an elasticated waistband.
10698,Global Desi Women Navy Blue & Teal Printed Smocked Blouson Top with a tie-up neck.
10699,plusS Women Mauve Solid Shirt Style Top with ruffles and a full button placket.
10700,Flying Machine Boys Green Regular Fit Solid Pure Cotton Casual Shirt with a button-down collar and a welt pocket.
10701,Tommy Hilfiger Boys Blue & Orange Regular Fit Checked Casual Shirt with a spread collar.
10702,Style Quotient Women Red Solid Top with lace insert detail and bell sleeves.
10703,SOIE Women Yellow Printed Sleep Shirt with a round neck.
10704,"BOLLYGLOW Women Concealer Wheat Corrector Masala 5g, a weightless liquid corrector and concealer to banish imperfections and neutralize under eye discoloration for fresh and rejuvenated eyes."
10705,Rangoli Jaipur Women Beige Embroidered Straight Kurta with mirror work and a mandarin collar.
10706,Basics Men Blue Tapered Fit Checked Regular Trousers with a button closure.
10707,Flying Machine Boys Blue Printed Pullover with a V-neck.
10708,"GAP Boy's Poplin Plaid Long Sleeve Shirt with button cuffs, button-down collar and patch pocket at chest."
10709,Soie Women's Lime Green Printed Sleep Shirts NT-98 with a round neck.
10710,Flying Machine Boys Red & Navy Blue Striped Polo Collar T-shirt with printed detail.
10711,AURELIA Women Olive Green & Yellow Striped A-Line Dress with printed detail.
10712,Tommy Hilfiger Boys Navy Blue & Orange Colourblocked Polo Collar T-shirt.
10713,GAP Women Plain Skinny Ankle Pants with bi-stretch twill weave and front slant-welt pockets with hidden zip closure.
10714,Ahalyaa Women Green Printed Straight Kurta with a round neck and side slits.
10715,Flying Machine Boys Blue Skinny Fit Mid-Rise Low Distress Stretchable Jeans with applique detail.
10716,SOLES Women Pink Solid Open Toe Flats.
10717,GAP Mid Rise Favorite Jeggings with super fitted and super comfortable premium stretch denim.
10718,Basics Men White Slim Fit Striped Casual Shirt with a spread collar.
10719,Basics Men Blue Slim Fit Solid Casual Shirt with a spread collar and a patch pocket.
10720,Basics Men Maroon & Green Slim Fit Checked Casual Shirt with a spread collar and a patch pocket.
10721,Flying Machine Boys Blue Skinny Fit Mid-Rise Mildly Distressed Printed Jeans.
10722,OFF LIMITS Men Navy Blue Training Shoes with slip-on detail.
10722,"OFF LIMITS Men Navy Blue Training Shoes, Price: 949 INR, Primary Color: Blue"
10723,"Basics Men Orange Slim Fit Printed Casual Shirt, Price: 1399 INR, Primary Color: Orange"
10724,"Palm Tree Boys Navy Blue & Off White Striped Henley Neck T-shirt, Price: 489 INR, Primary Color: Blue"
10725,"Varanga Women Pink & White Printed Straight Kurta, Price: 719 INR, Primary Color: White"
10726,"FableStreet Women Orange Printed A-Line Dress, Price: 2316 INR, Primary Color: Orange"
10727,"Campus Women Red Mesh Running Shoes, Price: 629 INR, Primary Color: Red"
10728,"Basics Men Navy Blue Slim Fit Striped Casual Shirt, Price: 1469 INR, Primary Color: Blue"
10729,"Louis Philippe Jeans Men Navy Blue & Olive Green Skinny Fit Checked Casual Shirt, Price: 1322 INR, Primary Color: Blue"
10730,"Louis Philippe Jeans Men Blue Tight Skinny Fit Printed Casual Shirt, Price: 2039 INR, Primary Color: Blue"
10731,"Louis Philippe Jeans Men Blue Tight Slim Fit Printed Casual Shirt, Price: 1249 INR, Primary Color: Blue"
10732,"GAP Men's Lived-In Stretch Poplin Shirt, Price: 1999 INR"
10733,"AURELIA Women Blue & Charcoal Grey Printed Layered Maxi Dress, Price: 999 INR, Primary Color: Blue"
10734,"GAP Girls Graphic Raglan T-Shirt, Price: 899 INR"
10735,"Louis Philippe Jeans Men Navy Blue & Olive Green Tight Slim Fit Checked Casual Shirt, Price: 1374 INR, Primary Color: Blue"
10736,"Ecko Unltd Men Cream-Coloured & Navy Blue Colourblocked Polo Collar T-shirt, Price: 699 INR, Primary Color: Blue"
10737,"Global Desi Women Mustard Yellow Solid A-Line Kurta, Price: 1199 INR, Primary Color: Yellow"
10738,"Inc 5 Women Navy Blue Solid Open Toe Flats, Price: 696 INR, Primary Color: Blue"
10739,"Flying Machine Boys Blue Printed Sweatshirt, Price: 749 INR, Primary Color: Blue"
10740,"Basics Men Brown & Navy Blue Slim Fit Checked Casual Shirt, Price: 1749 INR, Primary Color: Blue"
10741,"Gini and Jony Girls Navy Blue Washed Denim Jacket, Price: 1469 INR, Primary Color: Blue"
10742,"AURELIA Women Purple & Golden Printed Detail Layered Maxi Dress, Price: 999 INR, Primary Color: Red"
10743,"Inc 5 Women Brown Embellished Heels, Price: 871 INR, Primary Color: Brown"
10744,"Titan Octane Hyper Lume Men Navy Blue Analogue watch 90112NP02, Price: 7756 INR, Primary Color: Blue"
10745,"Global Desi Women Maroon & Gold-Coloured Printed Tunic, Price: 539 INR, Primary Color: Red"
10746,"Proline Active Men Printed Slim Fit Sports Track Pants, Price: 1799 INR"
10747,"Tommy Hilfiger Boys Blue Regular Fit Checked Casual Shirt, Price: 1679 INR, Primary Color: Blue"
10748,"AURELIA Women Navy Blue & White Self Design A-Line Dress, Price: 759 INR, Primary Color: Blue"
10749,"GAP Women Long Sleeve Boxy T-shirt, Price: 1499 INR"
10750,"Flying Machine Boys Navy Blue Printed Polo Collar T-shirt, Price: 629 INR, Primary Color: Blue"
10751,"Varanga Women Maroon & Golden Yoke Design A-Line Kurta, Price: 799 INR, Primary Color: Maroon"
10752,"Varkala Silk Sarees Grey & Pink Dual-Toned Silk Blend Woven Design Saree, Price: 1750 INR, Primary Color: Pink"
10753,"Style Quotient Women Charcoal Grey Solid Top, Price: 644 INR"
10754,"FableStreet Women Blue Solid Top, Price: 1046 INR, Primary Color: Blue"
10755,"Basics Men Olive Green Tapered Fit Solid Regular Trousers, Price: 1469 INR, Primary Color: Green"
10756,"Ecko Unltd Men Black & White Colourblocked Slim Fit Hood T-shirt, Price: 699 INR, Primary Color: Black"
10757,"Campus Women Navy Blue Mesh Running Shoes, Price: 719 INR, Primary Color: Blue"
10758,"Flying Machine Boys Navy Blue & Green Typography Self Design Pullover, Price: 899 INR, Primary Color: Blue"
10759,"BOLLYGLOW Women Concealer Chai Corrector Masala 5g, Price: 285 INR"
10760,"Smiley World Men White Printed Round Neck T-shirt, Price: 399 INR, Primary Color: White"
10761,"Newport Women Yellow Printed Round Neck T-shirt, Price: 479 INR, Primary Color: Yellow"
10762,"Basics Men Blue Slim Fit Checked Casual Shirt, Price: 1609 INR, Primary Color: Blue"
10763,"Titan Octane Hyper Lume Men Black Analogue watch 90112NP01, Price: 7756 INR, Primary Color: Black"
10764,"Flying Machine Boys Maroon Printed Detail Knitted Joggers, Price: 499 INR, Primary Color: Maroon"
10765,"beevee Men Brown & Black Straight Fit Camouflage Printed Cargos, Price: 900 INR, Primary Color: Black"
10766,"Khushal K Women Green & Blue Solid Kurta with Palazzos, Price: 824 INR, Primary Color: Blue"
10767,"FableStreet Women Teal Blue Solid Top, Price: 1356 INR, Primary Color: Blue"
10768,"WROGN Men Black Slim Fit Solid Chinos, Price: 1999 INR, Primary Color: Black"
10769,"FableStreet Women Lavender Polka Dot Top, Price: 1895 INR"
10770,"U.S. Polo Assn. Women Women Black Regular Fit Solid Parallel Trousers, Price: 1999 INR, Primary Color: Black"
10771,"TREEMODA Men Beige & Black Solid Kurta with Pyjamas, Price: 2364 INR, Primary Color: Black"
10772,"GAP Girl's Grey Sequinned Short Sleeve T-Shirt, Price: 1299 INR, Primary Color: Grey"
10773,"GAP Men Poplin Shirt, Price: 1999 INR"
10774,"GAP Girl's Logo Hoodie Sweatshirt, Price: 1999 INR"
10775,"Soie Women Turquoise Blue Printed Lounge T-shirts, Price: 560 INR, Primary Color: Blue"
10776,"Campus Women Navy Blue Mesh Running Shoes, Price: 589 INR, Primary Color: Blue"
10777,"612 league Boys Blue Solid Polo Collar T-shirt, Price: 382 INR, Primary Color: Blue"
10778,"GAP Girls Pink Ruffle Dress, Price: 1999 INR, Primary Color: Pink"
10779,"Renka Women Maroon Solid Sweater, Price: 990 INR, Primary Color: Maroon"
10780,"Respiro Men Brown Slip-On Sneakers, Price: 2799 INR, Primary Color: Brown"
10781,"Ecko Unltd Men Navy Blue & Red Slim Fit Checked Casual Shirt, Price: 540 INR, Primary Color: Blue"
10782,"AURELIA Women Blue Printed Detail Liva Maxi Dress, Price: 759 INR, Primary Color: Blue"
10783,"AURELIA Women Navy Blue Solid Chambray Maxi Dress, Price: 999 INR, Primary Color: Blue"
10784,"GAP Girls Baby Apple Crewneck Sweater, Price: 1999 INR"
10785,"GAP Baby Girls Lace-Trim Leggings, Price: 699 INR"
10786,"WESTCLO Women Pink Solid Straight Kurti, Price: 519 INR, Primary Color: Pink"
10787,"Tommy Hilfiger Boys Navy Blue Solid Polo Collar T-shirt, Price: 1079 INR, Primary Color: Blue"
10788,"Flying Machine Boys Pink Solid Polo Collar T-shirt, Price: 404 INR, Primary Color: Pink"
10789,"Global Desi Women Red & White Regular Fit Printed Parallel Trousers, Price: 399 INR, Primary Color: Red"
10790,"GAP Girls Flippy Sequin Graphic T-shirt, Price: 899 INR"
10791,"Tommy Hilfiger Girls Blue Regular Fit Mid-Rise Clean Look Stretchable Jeans, Price: 2399 INR, Primary Color: Blue"
10792,"amraoo Red Solid Dupatta, Price: 599 INR, Primary Color: Red"
10793,"Tikhi Imli Navy Blue & Beige Striped Saree, Price: 894 INR, Primary Color: Blue"
10794,"Ahalyaa Women Blue & Black Printed Straight Kurta, Price: 750 INR, Primary Color: Blue"
10795,"FableStreet Women Black Printed Top, Price: 1516 INR, Primary Color: Black"
10796,"Louis Philippe Jeans Men Blue Tight Slim Fit Printed Casual Shirt, Price: 1249 INR, Primary Color: Blue"
10797,"FableStreet Women Maroon Slim Fit Solid Formal Trousers, Price: 1996 INR, Primary Color: Maroon"
10798,"Soie Women Blue Printed Lounge T-shirts, Price: 616 INR, Primary Color: Blue"
10799,"U.S. Polo Assn. Women Women Maroon & White Striped Top, Price: 849 INR, Primary Color: White"
10800,"Ecko Unltd Men Charcoal Grey & Black Colourblocked Slim Fit Round Neck T-shirt, Price: 264 INR, Primary Color: Black"
10801,"Newport Men Grey Jean Slim Fit Mid-Rise Clean Look Stretchable Jeans, Price: 999 INR, Primary Color: Grey"
10802,"Gini and Jony Boys White Regular Fit Solid Casual Shirt, Price: 629 INR, Primary Color: White"
10803,"Tommy Hilfiger Girls Black Skinny Fit Light Fade Stretchable Jeans, Price: 2399 INR, Primary Color: Black"
10804,"Z-ZOOM Women Round Sunglasses 55131, Price: 1497 INR"
10805,"Just Wow Women Blue Printed Basic Jumpsuit, Price: 2998 INR, Primary Color: Blue"
10806,"Inc 5 Women Gold-Toned Solid Open Toe Flats, Price: 591 INR, Primary Color: Gold"
10807,"Vastraa Fusion Women Beige Regular Fit Solid Casual Shirt, Price: 584 INR"
10808,"Newport Men Grey Printed Round Neck T-shirt, Price: 479 INR, Primary Color: Grey"
10808,Newport Men's grey printed round neck T-shirt.
10809,Kidling Boys brown solid kurta with pyjamas.
10810,Basics Men's black slim fit solid casual shirt with spread collar and one pocket.
10811,Marks & Spencers Women's Aqua Eau de Toilette 25ml.
10812,Inc 5 Women's gold-toned woven design open toe heels.
10813,Basics Men's teal blue slim fit solid casual shirt with spread collar and one pocket.
10814,Flying Machine Boys' navy blue solid hooded sweatshirt with pockets and zip closure.
10815,Inc 5 Women's tan brown & black textured open-toed flats.
10816,Gini and Jony Boys' red & black solid sweatshirt with a hood and zip closure.
10817,Varkala Silk Sarees Mustard Yellow & Red Cotton Blend Solid Banarasi Saree with zari border.
10818,Gini and Jony Boys' black printed waistcoat with a V-neck and button closures.
10819,AURELIA Women's green self-design maxi dress with three-quarter sleeves.
10820,Flying Machine Boys' mustard yellow & navy blue regular fit checked casual shirt with spread collar.
10821,Lacoste Women L.12.12 French Panache Pour Elle Eau de Toilette 50 ml.
10822,Tommy Hilfiger Boys' blue printed round neck T-shirt with long sleeves.
10823,Flying Machine Boys' blue regular fit printed casual shirt with spread collar.
10824,Global Desi Women's beige printed A-line dress with a round neck and sleeveless design.
10825,Inc 5 Women's black solid open toe flats.
10826,Global Desi Women's mustard yellow & maroon printed regular top with a tie-up neck.
10827,Inc 5 Women's black solid one toe flats with backstrap.
10828,U.S. Polo Assn. Women's blue striped semi-sheer top with a V-neck and long sleeves.
10829,Flying Machine Boys' white solid hooded sweatshirt with pockets and zip closure.
10830,Basics Men's navy blue slim fit self-design casual shirt with a mandarin collar.
10831,Yuuki Men's maroon & black training shoes with lace-up detail and Pro bounce 6.0 technology.
10832,Wear Your Mind Men's white printed round neck T-shirt.
10833,Red Tape Men's navy blue printed casual shirt with a slim collar.
10834,Louis Philippe Men's brown slim fit solid formal trousers with button closure and four pockets.
10835,Saint G Women's multicoloured woven design leather sandals with a block heel.
10836,Inc 5 Women's navy blue solid open toe flats.
10837,FableStreet Women's pink slim fit solid formal linen trousers with hook and bar closure.
10838,Alena Women's pink floral embroidered straight kurta with a mandarin collar.
10839,Gini and Jony Girls' navy blue & off-white semi-sheer striped printed top with long slit sleeves.
10840,Varanga Women's mauve sequinned pure cotton gathered keyhole neck kurta with zari work.
10841,Gini and Jony Boys' navy blue printed regular fit chino shorts with four pockets.
10842,Rangoli Jaipur Women's navy blue & grey checked A-line kurta with tie-up detail.
10843,Flying Machine Boys' black & yellow printed hooded sweatshirt with zip closure.
10844,Louis Philippe Burgundy Self-Design Slim Fit Formal Suit with lapel pin.
10845,Flying Machine Boys' grey melange printed round neck T-shirt.
10846,WROGN Men's navy blue solid slim fit chinos with snap button closure.
10847,Tommy Hilfiger Boys' olive green regular fit solid chinos with button closure.
10848,Campus Women's blue mesh running shoes with lace-up detail and memory foam insole.
10849,V Dot Men's beige self-design super slim fit single-breasted Bandhgala suit.
10850,AURELIA Women's orange & silver printed maxi dress with sequinned and tie-ups detail.
10851,Soie Women's black printed lounge t-shirts with a round neck.
10852,Tommy Hilfiger Boys' grey printed round neck T-shirt with long sleeves.
10853,Mitera Grey & Pink Silk Blend Woven Design Banarasi Saree with woven design border.
10854,Newport Men's blue slim fit jeans with button and zip closure.
10855,Gini and Jony Boys' red solid polo collar T-shirt with button closure.
10856,GAP Men's Poplin Shirt with button cuffs and chest patch pocket.
10857,Lacoste Men L.12.12 Eau Fraiche Pour Lui Eau De Toilette 175ml.
10858,"DUGRISTYLE Women Gold-Toned, White & Green Kundan & Pearl Embellished Handcrafted Cocktail Ring."
10859,Inc 5 Women's black solid open toe sandals with a wedge heel.
10860,AURELIA Women's peach-coloured A-line dress with tie-up detail.
10861,Flying Machine Boys' green checked padded hooded jacket with zip closure.
10862,Barbie by Many Frocks & Girls Orange & Pink Fit and Flare Dress with zip closure.
10863,U.S. Polo Assn. Men's black printed pure cotton boxers with button fly.
10864,Lavie Coral textured purse with a detachable wrist loop.
10865,U.S. Polo Assn. Men's red printed pure cotton boxers with button fly.
10866,WROGN Men's brown solid slim fit round neck T-shirt.
10867,OddCroft Beige & Green Cone Topiary Desk Plant.
10868,WROGN Men's white & navy blue slim fit printed casual shirt with spread collar.
10869,Louis Philippe Sport Men's white printed polo collar T-shirt.
10870,Puma Men's black mesh regular Meteor Nu Idp running shoes with lace-up detail.
10871,Twisha Boys Gold-Toned & Maroon Solid Kurta with Pyjamas & Nehru Jacket.
10872,Puma Women Black Adela X Sneakers with velcro detail.
10873,Peter England Casuals Men Black Printed Straight Kurta with a mandarin collar.
10874,SG YUVRAJ Boys Blue Solid Kurta with Pyjamas.
10875,Genius18 Women Pink Solid Classic Regular Fit Track Pants with drawstring fastening.
10876,Pepe Jeans Boys Blue Slim Fit Mid-Rise Clean Look Stretchable Jeans with button and zip closure.
10877,Raymond Men Pink Slim Fit Solid Formal Shirt with a spread collar.
10878,Pepe Jeans Boys Navy Blue Regular Fit Mid-Rise Clean Look Jeans with button and zip closure.
10879,Pepe Jeans Boys Blue Slim Fit Stretchable Jeans.
10880,Puma Men Grey Acrux IDP Sneakers with lace-up detail.
10881,Plum RTF Sale Limited Kit.
10882,"OddCroft Unisex White Resin Nymeria Wolf Showpiece, priced at INR 1915."
10883,"Puma Unisex Navy Blue NRGY Star Slip-On Walking Shoes, priced at INR 3299."
10884,"Pepe Jeans Boys Green & Blue Regular Fit Checked Casual Shirt, priced at INR 849."
10885,"Puma Unisex Navy Blue Dare Walking Shoes, priced at INR 1999."
10886,"FabSeasons Unisex Green Camouflage Printed Beanie, priced at INR 334."
10887,"Instacrush Women White Self Design Top, priced at INR 1259."
10888,"Pepe Jeans Boys Navy Blue & White Regular Fit Printed Casual Shirt, priced at INR 649."
10889,"U.S. Polo Assn. Men White Pack of 2 Innerwear Vests, priced at INR 278."
10890,"Pepe Jeans Boys Blue & Black Regular Fit Printed Casual Shirt, priced at INR 699."
10891,"Genius18 Men White & Black Printed Round Neck T-shirt, priced at INR 499."
10892,"Pepe Jeans Boys Blue JAZZ-C Slim Fit Striped Stretchable Jeans, priced at INR 849."
10893,"Puma Unisex Navy Blue Puma Smash v2 Buck Sneakers, priced at INR 1924."
10894,"Genius18 Women Navy Blue Solid Classic Regular Fit Joggers, priced at INR 704."
10895,"Pepe Jeans Boys Blue Straight Fit Mid-Rise Clean Look Stretchable Jeans, priced at INR 749."
10896,"Puma Men Black Ontario Idp Running Shoes, priced at INR 2249."
10897,"Puma Men Black Vigor Prime Idp Running Shoes, priced at INR 2699."
10898,"Puma Unisex Black Drift Cat 7S Ultra SoftFoam+ Sneakers, priced at INR 2749."
10899,"Pepe Jeans Boys Yellow Printed Detail Round Neck T-shirt, priced at INR 559."
10900,"Lapis O Lupo Women Turquoise Blue Textured Handheld Bag, priced at INR 1049."
10901,"Pepe Jeans Boys Red Printed Sweatshirt, priced at INR 799."
10902,"Carlton London Gold-Plated CZ Stone Studded Contemporary Drop Earrings, priced at INR 354."
10903,"Pepe Jeans Boys Red & Navy Blue Placement Striped Pullover Sweater, priced at INR 999."
10904,"Pepe Jeans Boys Red Printed Polo Collar T-shirt, priced at INR 499."
10905,"Pepe Jeans Boys Red Solid Padded Jacket, priced at INR 1749."
10906,"SG YUVRAJ Boys Black Solid Kurta with Pyjamas, priced at INR 879."
10907,"Pepe Jeans Boys Navy Blue & White Regular Fit Printed Casual Shirt, priced at INR 699."
10908,"Puma Men Blue & Black Croatia IDP Sports Sandals, priced at INR 1249."
10909,"Pepe Jeans Boys Red Printed Polo Collar T-shirt, priced at INR 524."
10910,"Twisha Boys Red & Yellow Solid Kurta with Pyjamas & Waistcoat, priced at INR 974."
10911,"Flying Machine Men Navy Blue Printed Round Neck T-shirt, priced at INR 399."
10912,"Puma Unisex Maroon Auxius V2 IDP Printed Slip-On Sneakers, priced at INR 2799."
10913,"Pepe Jeans Boys Yellow & Blue Striped Round Neck T-shirt, priced at INR 499."
10914,"Alcis Women Grey Solid Cropped Track Pants, priced at INR 599."
10915,"Alcis Women Grey Solid Running Jacket, priced at INR 1759."
10916,"DressBerry Women Gold-Toned Embellished Open Toe Flats, priced at INR 1599."
10917,"Pepe Jeans Boys Blue Slim Fit Mid-Rise Low Distress Stretchable Jeans, priced at INR 849."
10918,"Pepe Jeans Boys Navy Blue Slim Fit Clean Look Stretchable Jeans, priced at INR 749."
10919,"SHINGORA Women Orange Woven Design Antimicrobial Dupatta, priced at INR 2995."
10920,"Genius18 Men White & Yellow Colourblocked Round Neck T-shirt, priced at INR 491."
10921,"Pepe Jeans Boys Navy Blue Printed Round Neck T-shirt, priced at INR 449."
10922,"Pepe Jeans Boys Mustard Yellow & Grey Striped Polo Collar T-shirt, priced at INR 649."
10923,"Pepe Jeans Boys Blue & White Regular Fit Striped Casual Shirt, priced at INR 649."
10924,"OddCroft Unisex Black Acrylic Reindeer Book Ends, priced at INR 1923."
10925,"Pepe Jeans Boys Black Solid Mid Rise Stretchable Jeans, priced at INR 1999."
10926,"Puma Men Blue Drish IDP Sneakers, priced at INR 2469."
10927,"U.S. Polo Assn. Men Blue Solid Briefs, priced at INR 233."
10928,"FabSeasons Unisex Olive Green Solid Beanie, priced at INR 349."
10929,"Puma Men Fluoroscent Green Future 4.1 Netfit Football Shoes, priced at INR 9749."
10930,"SEIKO White Round Solid Analogue Wall Clock, priced at INR 5200."
10931,"Pepe Jeans Boys Black Solid Bomber Jacket, priced at INR 1649."
10932,"Lino Perros Beige Textured Handheld Bag, priced at INR 1757."
10933,"Puma Men Navy Blue Pacer X Graphicster Idp Running Shoes, priced at INR 2599."
10934,"Puma Unisex Black & White Escaper Pro Core Running Shoes, priced at INR 2799."
10935,"Pepe Jeans Boys Navy Blue Polo Collar T-shirt, priced at INR 499."
10936,"Pepe Jeans Boys Navy Blue Regular Fit Mid-Rise Low Distressed Jeans, priced at INR 849."
10937,"Puma Unisex Navy Blue St Runner V2 Nl Sneakers, priced at INR 2024."
10938,"Puma Unisex Grey Escaper Pro Core SoftFoam + Running Shoes, priced at INR 2799."
10939,"Alcis Men Navy Blue & White Slim Fit Self Design Polo Collar T-shirt, priced at INR 599."
10940,"Pepe Jeans Boys Coral Orange & Navy Blue Checked Casual Shirt, priced at INR 749."
10941,"Twisha Girls Green & Pink Jacquard Top with Dhoti Pants, priced at INR 1259."
10942,"Puma Men White Solid Carve Mid-Top Sneakers, priced at INR 3999."
10943,"Puma Unisex White Solid Axis Sneakers, priced at INR 3199."
10944,"Revlon Super Lustrous Matte Lipstick - Seductive Sienna 015, priced at INR 524."
10945,"Puma Men Black Enzo Running Shoes, priced at INR 2749."
10946,"Lapis O Lupo Navy Blue Solid Sling Bag, priced at INR 549."
10947,"MomToBe Women Black Printed Straight Maternity Kurta, priced at INR 996."
10947,"MomToBe Women Black Printed Straight Maternity Kurta with mandarin collar and three-quarter sleeves, priced at INR 996."
10948,"Genius18 Men Navy Blue & White Colourblocked Polo Collar T-shirt, priced at INR 577."
10949,"Pepe Jeans Boys Off White & Blue Brand Logo Printed T-shirt, priced at INR 499."
10950,"DEYANN Men Orange & White Printed Kurta with Churidar, priced at INR 1377."
10951,"Woodland Men Brown Textured Leather Belt with a tang closure, priced at INR 1100."
10952,"Pepe Jeans Girls Blue Skinny Fit Low Distress Light Fade Stretchable Jeans with a button fly closure, priced at INR 899."
10953,"Pepe Jeans Boys Blue Washed Mid-Rise Denim Shorts with an elasticated waistband, priced at INR 1189."
10954,"Puma Women Off-White & Purple Vertex Pro Running Shoes with SOFTFOAM comfort insert, priced at INR 2999."
10955,"MISH Women Yellow Solid Accordian Pleated Maxi Dress with a round neck and short sleeves, priced at INR 1799."
10956,"Nauti Nati Boys White & Yellow Striped T-shirt with Shorts, priced at INR 587."
10957,"Alcis Men Grey Slim Fit Self Design Round Neck T-shirt with printed detail on the back, priced at INR 599."
10958,"Puma Unisex Black Flyer Runner Running Shoes with SoftFoam+ sockliner, priced at INR 3999."
10959,"ZUSH Plus Size Women Blue Washed Regular Fit Denim Shorts with 5 pockets, priced at INR 849."
10960,"Pepe Jeans Boys Olive Green Camouflage Printed Pullover Sweater with a round neck, priced at INR 999."
10961,"Pepe Jeans Boys Navy Blue Printed Hooded Sweatshirt with a zip closure, priced at INR 749."
10962,"Pepe Jeans Boys White Striped Round Neck T-shirt, priced at INR 399."
10963,"Pepe Jeans Boys Navy Blue & White Rivet Straight Fit Striped Mid-Rise Jeans with a button and zip closure, priced at INR 849."
10964,"Puma Men Beige Stance X2 IDP Sports Sandals with a Velcro closure, priced at INR 1079."
10965,"Puma Unisex Grey Hybrid Runner V2 Running Shoes, priced at INR 4249."
10966,"Wish Karo Girls Pink & Black Printed Fit and Flare Dress with shoulder straps, priced at INR 849."
10967,"Pepe Jeans Boys Olive Green Camouflage Printed Sweatshirt with a high neck, priced at INR 749."
10968,"Pepe Jeans Girls Pink Self Design Round Neck T-shirt, priced at INR 399."
10969,"Saree mall Off-White & Maroon Woven Design Kasavu Saree with foil print work, priced at INR 986."
10970,"Pepe Jeans Pink Peplum Top with a round neck and short sleeves, priced at INR 749."
10971,"Puma Men Black Force IDP Sports Sandals with a Velcro closure, priced at INR 1754."
10972,"FLAVIDO Women Green & Pink Floral Printed Straight Kurta with a mandarin collar and three-quarter sleeves, priced at INR 859."
10973,"Flying Machine Men Blue Slim Fit Printed Casual Shirt with a spread collar and long sleeves, priced at INR 1999."
10974,"PUMA Motorsport Unisex White SF Drift Cat 5 Ultra II Sneakers with a synthetic leather perforated upper, priced at INR 3149."
10975,"Pepe Jeans Boys Blue Slim Fit Heavy Fade Striped Stretchable Jeans with 5 pockets, priced at INR 849."
10976,"MomToBe Women Blue Printed Straight Maternity Kurta with a mandarin collar and three-quarter sleeves, priced at INR 996."
10977,"Plum Pack of 2 Beauty Set, priced at INR 1016."
10978,"Puma Unisex Blue Speed Sutamina Running Shoes with ProFoam technology, priced at INR 5099."
10979,"QUIERO Women Dusty Pink Pleated Yoke Jumpsuit with a keyhole neck and sleeveless design, priced at INR 1262."
10980,"Pepe Jeans Boys Grey & Black Solid Sweater with a round neck, priced at INR 899."
10981,"Carlton London Stone-Studded Rhodium-Plated CZ Stone-Studded Wraparound Bracelet with lobster closure, priced at INR 382."
10982,"Pepe Jeans Boys Red Printed Pullover Sweater with a round neck, priced at INR 899."
10983,"Pepe Jeans Boys Yellow Printed Round Neck T-shirt, priced at INR 799."
10984,"Puma Unisex Grey 365 Concrete Lite Football Shoes with a mesh upper, priced at INR 3249."
10985,"Pepe Jeans Boys Red Solid Mandarin Collar T-shirt, priced at INR 499."
10986,"Lapis O Lupo Women Off-White Embellished Backpack with a zip closure, priced at INR 791."
10987,"Alcis Men Red Solid Round Neck Sports T-shirt with Anti Stat and neudri technologies, priced at INR 449."
10988,"Pepe Jeans Boys Blue Cashed Slim Fit Mid-Rise Low Distress Jeans with a button and zip closure, priced at INR 949."
10989,"Puma Men Navy Blue Enzo Sport Mid-Top Running Shoes with IMEVA and SoftFoam technology, priced at INR 2749."
10990,"Tommy Hilfiger Men Tan Textured Genuine Leather Two Fold Wallet with 8 card holders, priced at INR 1349."
10991,"Inddus Women Maroon Solid Maxi Dress with a round neck and long sleeves, priced at INR 2687."
10992,"Pepe Jeans Boys Grey Melange Printed Sweater with a hood, priced at INR 1099."
10993,"Puma Women White Adelina Sparkle Slip-On Sneakers with SoftFoam+sockliner, priced at INR 2279."
10994,"Alcis Women Grey & Black Printed V-Neck T-shirt with Antistatix, Drytech+ and stretch X technologies, priced at INR 449."
10995,"Puma Unisex Navy Blue Hybrid Runner V2 Running Shoes with a textile upper, priced at INR 4249."
10996,"Puma Men Black Monarch IT Football Shoes with a synthetic upper, priced at INR 2699."
10997,"Pepe Jeans Boys Orange & Black Typography Printed Cotton T-shirt with a round neck and long sleeves, priced at INR 449."
10998,"QUIERO Women Navy Blue Solid Basic Jumpsuit with pleats and embellished detail, priced at INR 1262."
10999,"Pepe Jeans Boys Olive Brown WALES Regular Fit Solid Corduroy Trousers with a button & zip closure, priced at INR 1099."
11000,"Genius18 Men Navy Blue solid straight fit joggers with an elasticated waistband, priced at INR 704."
11001,"Ginger by Lifestyle Women Off-White Printed Round Neck T-shirt, priced at INR 249."
11002,"Puma Women Black Flyer Runner Engineer Knit Running Shoes with SoftFoam+ technology, priced at INR 2699."
11003,"Puma Unisex Black Pure Jogger Pro Running Shoes with SOFTFOAM+ insole, priced at INR 3249."
11004,"Pepe Jeans Boys White Printed Round Neck T-shirt, priced at INR 449."
11005,"Louis Philippe Sport Men Blue & Grey Slim Fit Printed Casual Shirt with a spread collar and long sleeves, priced at INR 1209."
11006,"Mast & Harbour Men Pink & White Printed Round Neck T-shirt, priced at INR 699."
11007,"Puma Women Black Smash V2 Leather Sneakers with SoftFoam+ technology, priced at INR 2624."
11009,"NEUDIS Men's black woven design Nehru jacket with a mandarin collar, sleeveless, button placket, and three pockets, including a pocket square."
11010,Saree mall Women's Mauve & Blue Printed Saree with woven design border and unstitched blouse piece.
11011,Pepe Jeans Boys' blue slim fit heavy fade jeans with five pockets.
11012,"DEYANN Men's navy blue printed Dupion silk straight kurta with a mandarin collar, long sleeves, straight hem, and multiple slits."
11013,"Pepe Jeans Boys' olive green & brown regular fit camouflage printed casual shirt with a spread collar, long sleeves, button placket, curved hem, and two flap pockets."
11014,"Pepe Jeans Boys' red printed sweater with a round neck, long sleeves, and ribbed hem."
11015,"Pepe Jeans Girls' white & pink solid pure cotton round neck T-shirt with striped detail, short regular sleeves and knitted cotton fabric."
11016,"Wild Stone Men's set of 2 Code Chrome & Ttitanium Perfumes, offering full body long-lasting fragrance with fresh and fruity notes."
11017,"Lapis O Lupo Women's black solid backpack with a zip closure, one main compartment, and non-padded shoulder straps."
11018,"Lapis O Lupo Women's yellow solid satchel with a push lock closure, one main compartment, one external and one inner pocket, and a non-detachable sling strap."
11019,"Revlon Super Lustrous Matte Retro Red lipstick with a silky-smooth, creamy texture."
11020,"HERE&NOW Women's black and white checked casual shirt with a spread collar, short sleeves, button placket, and curved hem."
11021,"Pepe Jeans Boys' red tartan checks checked casual shirt with a spread collar, button placket, one patch pocket, long regular sleeves, and curved hem."
11022,"Pepe Jeans Boys' grey & green printed casual shirt with a spread collar, long sleeves, button placket, curved hem, and one patch pocket."
11023,Eske Women's black embellished leather open toe flats with a leather upper and cushioned footbed.
11024,"Puma Men's grey Concave V2 Idp running shoes with a mesh upper, cushioned footbed and textured outsole."
11025,Plum Unisex Olive & Macadamia Mega Moisturizing Sustainable Hair Mask & Kajal with Sharpener.
11026,"Puma Unisex grey Rigel IDP sneakers with a canvas upper, cushioned footbed, and textured outsole."
11027,"DEYANN Men's off-white solid Dupion silk straight kurta with a mandarin collar, long sleeves, straight hem, and multiple slits."
11028,"Genius18 Men's grey melange & black colourblocked sweatshirt with a mandarin collar, two pockets, long sleeves, zip closure, and curved hem."
11029,The Vanca Women's white & black striped woven high-low top with shoulder straps and long sleeves.
11030,"Pepe Jeans Boys' olive green solid bomber jacket with a stand collar, two pockets, zip closure, long sleeves, straight hem, and polyester lining."
11031,"Lapis O Lupo Women's blue textured shoulder bag with a zip closure, two main compartments, one external and one inner pocket, and a detachable sling strap."
11032,"Puma Unisex blue Escaper Pro Core running shoes with a mesh upper, cushioned footbed, and textured outsole."
11033,"Pepe Jeans Boys' yellow printed sweatshirt with a round neck, long sleeves and ribbed hem."
11034,"Lapis O Lupo Women's black solid backpack with a zip closure, one main compartment, and non-padded shoulder straps."
11035,Puma Unisex black 365 Concrete Lite football shoes with a lightweight mesh upper and EVA outsole.
11036,Pepe Jeans Boys' white & red printed T-shirt with a round neck and short regular sleeves.
11037,"Pepe Jeans Boys' navy blue regular fit printed casual shirt with a spread collar, long sleeves, button placket, curved hem, and one patch pocket."
11038,U.S. Polo Assn. Men's navy blue solid pure cotton boxers with an elasticated waistband and two pockets.
11039,Levis Men's brown solid leather belt with a tang closure.
11040,Puma Women's black & pink Smash BFF sneakers with a suede heart detail and velcro closure.
11041,"Puma Unisex navy blue solid Tishatsu SoftFoam +running shoes with a mesh upper, cushioned footbed, and textured outsole."
11042,"Puma Unisex grey Cappela IDP slip-on sneakers with a synthetic upper, cushioned footbed, and textured outsole."
11043,"Tommy Hilfiger Men's navy blue & red solid leather two fold wallet with striped detail, multiple card holders and slip pockets."
11044,Genius18 Men's navy blue printed polo collar T-shirt with short sleeves.
11045,Alcis Men's green solid round neck yoga T-shirt with printed detail and short sleeves.
11046,Puma Women's black & grey solid Force IDP sports sandals with Velcro closures and a synthetic upper.
11047,"SG YUVRAJ Boys' navy blue solid kurta with pyjamas, featuring a shirt collar and drawstring closure."
11048,Laceandme Women's nude-coloured solid high-rise shaper brief with an elasticated waistband.
11049,"Marks & Spencer Girls' charcoal grey, peach-coloured and blue printed T-shirt with a round neck and short sleeves."
11050,Pepe Jeans Boys' black slim fit jeans with five pockets.
11051,"Flying Machine Men's rust orange solid casual shirt with a spread collar, long sleeves, button placket, curved hem, and one patch pocket."
11052,"Louis Philippe Men's red & black checked casual shirt with a button-down collar, long sleeves, button placket, curved hem, and one patch pocket."
11053,Carlton London Gold-plated beaded contemporary studs with a post and back closure.
11054,U.S. Polo Assn. Men's assorted printed boxers with an elasticated waistband and button fly.
11055,"Puma Unisex grey Flyer running shoes with a mesh upper, cushioned footbed, and textured outsole."
11056,Maybelline New York Fit Me Matte + Poreless Liquid Foundation - Classic Ivory 120.
11057,Pepe Jeans Boys' blue slim fit mid-rise clean look stretchable jeans with a button and zip closure.
11058,"Puma Unisex grey Pacer Next FS Knit 2.0 sneakers with a knitted upper, EVA midsole, and rubber outsole."
11059,Carlton London Silver-Toned Rhodium-Plated CZ Stone-Studded Link Bracelet.
11060,"Pepe Jeans Boys' black printed bomber jacket with a stand collar, two pockets, zip closure, long sleeves, straight hem, and polyester lining."
11061,"Alcis Women's blue solid sporty jacket with a mock collar, two pockets, zip closure, long sleeves."
11062,Pepe Jeans Girls' blue regular fit light fade frayed hem stretchable jeans with five pockets.
11063,Puma Unisex black Roma 68 Gum sneakers with a synthetic leather upper and gum rubber outsole.
11064,"Jompers Men's maroon woven design straight kurta with a mandarin collar, long sleeves, and straight hem."
11065,"Louis Philippe Sport Men's beige & brown checked smart casual shirt with a spread collar, long sleeves, button placket, curved hem, and one patch pocket."
11066,Flying Machine Men's black tapered fit mid-rise clean look stretchable cropped jeans with a button and zip closure.
11067,"SG YUVRAJ Boys' beige solid kurta with pyjamas, featuring a shirt collar and drawstring closure."
11068,"Alcis Women's grey solid sporty jacket with a mock collar, two pockets, zip closure, long sleeves."
11069,"Pepe Jeans Boys' blue regular fit solid casual shirt with a spread collar, long sleeves, button placket, curved hem, and two flap pockets."
11070,"SG YUVRAJ Boys' beige solid kurta with pyjamas, featuring a shirt collar and drawstring closure."
11071,"SG YUVRAJ Boys' coffee brown solid kurta with pyjamas, featuring a shirt collar and drawstring closure."
11072,"Pepe Jeans Boys' blue checked casual reversible shirt with a spread collar, long sleeves, and button placket."
11073,Inddus Women's beige & golden woven design Anarkali kurta with a keyhole neck and a blue and golden woven design dupatta.
11074,"Woodland Men's black leather two fold wallet with multiple card holders, slip pockets, and a flap coin pocket."
11074,"Woodland Men's Black Leather Two Fold Wallet with 7 images, priced at INR 1095."
11075,"Pepe Jeans Boys Green & Blue Colourblocked Polo Collar T-shirt with 4 images, priced at INR 649."
11076,"MISH Women's Grey Solid Wrap Maxi Dress with 5 images, priced at INR 2999."
11077,"Revlon Photoready Powder Compact 030 with SPF 14 for Women, priced at INR 1100 with 2 images."
11078,"Saree mall Women's Green & Navy Blue Solid Saree with 6 images, priced at INR 1484."
11079,"Puma Men's Green Ontario Idp Running Shoes with 7 images, priced at INR 2249."
11080,"Louis Philippe Sport Men's Blue & Yellow Slim Fit Checked Casual Shirt with 5 images, priced at INR 1229."
11081,"STREET 9 Women's Mustard Yellow & Red Floral Print A-Line Top with 5 images, priced at INR 419."
11082,"Pepe Jeans Boys Navy Blue & Orange Striped Sweater with 4 images, priced at INR 799."
11083,"Pepe Jeans Boys Teal Blue Printed Pullover Sweater with 4 images, priced at INR 799."
11084,"Alcis Men's White Solid Round Neck T-shirt with 5 images, priced at INR 899."
11085,"Pepe Jeans Boys Navy Blue & White Striped Polo Collar T-shirt with 5 images, priced at INR 524."
11086,"Killer Men's White & Brown Slim Fit Checked Casual Shirt with 5 images, priced at INR 2199."
11087,"Louis Philippe Jeans Men's Yellow Slim Fit Solid Casual Shirt with 5 images, priced at INR 1274."
11088,"Twisha Boys Blue Self Design Top with Dhoti Pants with 6 images, priced at INR 799."
11089,"Genius18 Women's Black Solid Classic Regular Fit Joggers with 5 images, priced at INR 704."
11090,"Lapis O Lupo Women's Blue Solid Backpack with 5 images, priced at INR 917."
11091,"Genius18 Women's Navy Blue Solid Classic Regular Fit Track Pants with 5 images, priced at INR 704."
11092,"Pepe Jeans Boys Red Printed Round Neck T-shirt with 4 images, priced at INR 399."
11093,"Pepe Jeans Boys Black & Maroon Regular Fit Striped Casual Shirt with 4 images, priced at INR 699."
11094,"Alcis Women's White & Black Printed Detail Hooded Sweatshirt with 5 images, priced at INR 1359."
11095,"Puma Men's Charcoal Grey Pebble II IDP Sports Sandals with 5 images, priced at INR 1299."
11096,"Lino Perros Beige Solid Handheld Bag with 6 images, priced at INR 1712."
11097,"Pepe Jeans Boys Red Printed Sweater with 4 images, priced at INR 999."
11098,"SEIKO White Round Solid Analogue Wall Clock with 4 images, priced at INR 5200."
11099,"Pepe Jeans Boys Black & Grey Camouflage Printed Polo Collar T-shirt with 4 images, priced at INR 524."
11100,"OddCroft Black & Green Hedgetopia Desk Plant With Pot, priced at INR 1460 with 3 images."
11101,"Puma Unisex White & Black Colourblocked Cappela IDP Slip-On Sneakers with 6 images, priced at INR 1814."
11102,"Pepe Jeans Girls Yellow Printed NINNO IP Round Neck T-shirt with 4 images, priced at INR 399."
11103,"Pepe Jeans Boys Blue & Red Regular Fit Striped Casual Shirt with 4 images, priced at INR 699."
11104,"Alcis Women Red & Off-White Solid Polo Collar T-shirt with 5 images, priced at INR 499."
11105,"Woodland Men Black Leather Solid Belt with 3 images, priced at INR 995."
11106,"Puma Unisex Navy Blue Pure Jogger Pro Running Shoes with 7 images, priced at INR 3249."
11107,"Pepe Jeans Boys Black Self Design Chinos with 4 images, priced at INR 999."
11108,"Carlton London Gold-Plated Stone-Studded Link Bracelet with 5 images, priced at INR 645."
11109,"Tommy Hilfiger Men Navy Blue Textured Genuine Leather Two Fold Wallet with 5 images, priced at INR 1919."
11110,"Puma Unisex Navy Blue Cappela IDP Slip-On Sneakers with 7 images, priced at INR 2144."
11111,"Lino Perros Beige Solid Handheld Bag with 6 images, priced at INR 1537."
11112,"Pepe Jeans Boys Navy Blue & White Colourblocked Cotton T-shirt with Side Taping Detail with 3 images, priced at INR 599."
11113,"Pepe Jeans Boys Navy Blue Printed Round Neck T-shirt with 4 images, priced at INR 499."
11114,"Puma Men Black Solid Rebound BBX Perf IDP Mid-Top Sneakers with 7 images, priced at INR 2499."
11115,"Pepe Jeans Girls Black Skinny Fit Mid-Rise Clean Look Stretchable Jeans with 4 images, priced at INR 949."
11116,"U.S. Polo Assn. Men Assorted Solid Briefs I666-615-P1 with 4 images, priced at INR 194."
11117,"Pepe Jeans Boys Blue Slim Fit Mid-Rise Mildly Distressed Jeans with 4 images, priced at INR 849."
11118,"Pepe Jeans Boys Blue Regular Fit Checked Casual Shirt with 4 images, priced at INR 799."
11119,"Pepe Jeans Girls White Printed Round Neck T-shirt with 3 images, priced at INR 649."
11120,"Louis Philippe Sport Men White Tight Slim Fit Self Design Casual Shirt with 5 images, priced at INR 2299."
11121,"Louis Philippe Sport Men Maroon Tight Slim Fit Checked Casual Shirt with 5 images, priced at INR 1192."
11122,"Pepe Jeans Girls White Printed Hooded Sweatshirt with 5 images, priced at INR 749."
11123,"Pepe Jeans Boys White & Blue Cotton Typography Printed Polo Collar T-shirt with 6 images, priced at INR 599."
11124,"Pepe Jeans Boys Olive Green Self-Design Sweater with 4 images, priced at INR 899."
11125,"Tommy Hilfiger Men Navy Blue & Red Solid Two Fold Wallet with 5 images, priced at INR 1739."
11126,"Lapis O Lupo Women Yellow Solid Satchel Bag with 5 images, priced at INR 1149."
11127,"Pepe Jeans Boys Blue Cashed Slim Fit Mid-Rise Clean Look Stretchable Jeans with 5 images, priced at INR 1249."
11128,"Wild stone Men Set Of 2 Code Body Perfumes with 3 images, priced at INR 400."
11129,"Puma Unisex Black Cell Venom Alert Sneakers with 7 images, priced at INR 4999."
11130,"Alcis Women Navy Blue Solid Sporty Jacket with 5 images, priced at INR 1999."
11131,"Puma Unisex Maroon Astro Kick Suede SoftFoam+ Sneakers with 7 images, priced at INR 3374."
11132,"Moda Rapido Women Beige Regular Fit Solid Cargos with 5 images, priced at INR 1999."
11133,"Pepe Jeans Boys Blue Printed Pullover Sweater with 4 images, priced at INR 1999."
11134,"Pepe Jeans Boys Navy Blue Solid Round Neck T-shirt with 5 images, priced at INR 449."
11135,"Pepe Jeans Boys Black Slim Fit Mid-Rise Clean Look Stretchable Jeans with 4 images, priced at INR 1499."
11136,"Pepe Jeans Girls Black Skinny Fit Mid-Rise Clean Look Stretchable Jeans with 4 images, priced at INR 1099."
11137,"Woodland Men Brown Corc-Textured Leather Passport Holder with 6 images, priced at INR 1195."
11138,"Alcis Women Charcoal Grey Solid Sporty Jacket with 5 images, priced at INR 1999."
11139,"Pepe Jeans Girls Blue Skinny Fit Mid-Rise Low Distress Stretchable Embellished Jeans with 4 images, priced at INR 949."
11140,"Alcis Women Teal Blue Solid Hooded Sporty Jacket with 5 images, priced at INR 1519."
11141,"Puma Unisex Black King Hero It Leather Football Shoes with 6 images, priced at INR 2699."
11142,"Lino Perros Beige Textured Shoulder Bag with 6 images, priced at INR 1757."
11143,"Alcis Women Maroon Solid Hooded Running Jacket with 5 images, priced at INR 1519."
11144,"Pepe Jeans Boys White Regular Fit Solid Casual Shirt with 5 images, priced at INR 649."
11145,"Puma Men Navy Blue IGNITE Limitless Lean Modern Sneakers with 7 images, priced at INR 3999."
11146,"Tommy Hilfiger Men Navy Blue Textured Two Fold Leather Wallet with 5 images, priced at INR 1819."
11147,"PUMA Motorsport Unisex White Solid MAPM Kart Cat X Sneakers with 7 images, priced at INR 3199."
11148,"Pepe Jeans Boys White & Blue Regular Fit Printed Casual Shirt with 4 images, priced at INR 699."
11148,"Pepe Jeans Boys white and blue regular fit printed casual shirt with a spread collar, long sleeves, and one pocket."
11149,Lapis O Lupo yellow solid sling bag with a zip closure and one inner pocket.
11150,Puma Men green & black Vigor X running shoes with SoftFoam+ technology and lace-up detail.
11151,Flying Machine Men white printed round neck T-shirt with short sleeves.
11152,Genius18 Men grey & white colourblocked round neck T-shirt with short sleeves.
11153,Puma Unisex grey Drive Essential Mu Idp slip-on walking shoes with SoftFoam+ insole.
11154,"Lapis O Lupo blue & brown colourblocked handheld bag with a zip closure, three compartments, and a detachable sling strap."
11155,Louis Philippe Jeans Men rust orange printed round neck T-shirt with short sleeves.
11156,Louis Philippe Sport Men navy blue & rust orange checked super slim fit smart casual shirt with a spread collar and one pocket.
11157,Genius18 Men navy blue solid straight fit joggers with an elasticated waistband and three pockets.
11158,"hummel Men black solid bomber jacket with a hood, two pockets and a zip closure."
11159,Raymond Men blue slim fit checked formal trousers with a zip closure and four pockets.
11160,Pepe Jeans Boys teal-blue printed polo collar T-shirt with short sleeves.
11161,U.S. Polo Assn. Men dark white solid pure cotton boxers with an elasticated waistband and button fly.
11162,U.S. Polo Assn. Men assorted printed mid-rise briefs with an elasticated waistband.
11163,OddCroft Black Geo Floating Table-Top Photo Frame made of metal and glass.
11164,Pepe Jeans Boys grey solid joggers with a drawstring closure and three pockets.
11165,Moda Rapido Women olive green slim fit solid casual chinos with a snap button closure and five pockets.
11166,"Lapis O Lupo Women peach-coloured checked handheld bag with a zip closure, four compartments, and a detachable sling strap."
11167,Rain & Rainbow Women orange printed tiering A-line kurta with a notched round neck and three-quarter sleeves.
11168,Cation Blue floral printed top with a round neck and sleeveless design.
11169,Pepe Jeans Boys Navy Blue Tropical Printed Polo Collar Tropical T-shirt with short sleeves and button closure.
11170,Flying Machine Men black colourblocked round neck T-shirt with long sleeves.
11171,Jompers Men white & blue woven design straight kurta with a mandarin collar and long sleeves.
11172,Louis Philippe Sport Men green & navy blue self-design slim fit smart casual shirt with a spread collar and short sleeves.
11173,Pepe Jeans Boys blue slim fit mid-rise highly distressed jeans with a button and zip closure.
11174,STREET 9 Women sea green & white regular fit printed casual crop shirt with waist tie-ups and a spread collar.
11175,Pepe Jeans Boys orange & blue abstract print pure cotton polo collar T-shirt with short sleeves and button closure.
11176,"Campana Boys navy blue & white printed kurta with pyjamas, featuring a mandarin collar and elasticated waistband."
11177,"Wild stone Men Set of 2 Code Body Perfumes, including Platinum and Gold variants with distinct notes and long-lasting fragrance."
11178,The Vanca Women black printed high-low top with shoulder straps and long sleeves.
11179,"Wild stone Men Set of 2 Code Body Perfumes, including Copper and Platinum variants with distinct notes and long-lasting fragrance."
11180,Puma Men black & orange Spirit II FG football shoes with a synthetic leather upper and lace-up detail.
11181,Pepe Jeans Boys blue cashed slim fit mid-rise clean look jeans with striped detail and a button and zip closure.
11182,"Wild stone Men Set of 2 Code Titanium Body Perfume with citrus, amber, and musk notes."
11183,Puma Unisex white & black Future Runner Premium sneakers with SoftFoam+ sockliner and lace-up detail.
11184,Alcis Men blue self-design polo collar T-shirt with short sleeves.
11185,Louis Philippe Sport Men navy blue & mustard yellow super slim fit checked casual shirt with a spread collar and one pocket.
11186,Puma Men grey Kenora Idp running shoes with a mesh upper and lace-up detail.
11187,hummel Men black printed hooded sweatshirt with long sleeves and a zip closure.
11188,Pantaloons Junior Boys grey printed mandarin collar T-shirt with long sleeves.
11189,Puma Unisex navy blue Astro Kick sneakers with SoftFoam+ sockliner and lace-up detail.
11190,"Lapis O Lupo beige & black solid handheld bag with a zip closure, three compartments and a detachable sling strap."
11191,Puma Men black & orange evoKNIT FTB II football shoes with a knitted collar upper and lace-up detail.
11192,STREET 9 Women maroon & off-white printed A-Line top with a round neck and long sleeves.
11193,Flying Machine Men blue skinny Jackson fit mid-rise clean look stretchable jeans with a button and zip closure.
11194,Genius18 Men white & navy blue printed hooded sweatshirt with two pockets and a zip closure.
11195,Alcis Men navy blue solid polo collar T-shirt with short sleeves.
11196,Pepe Jeans Boys navy blue & red regular fit pure cotton checked casual shirt with a spread collar and one pocket.
11197,U.S. Polo Assn. Men Pack Of 2 Solid Trunks with an inner elasticated waist band.
11198,ToniQ Gold-Toned & White Layered Necklace with Alloy and Artificial Beads.
11199,Puma Men white & black IGNITE Contender Knit running shoes with IGNITE technology and a textile upper.
11200,Genius18 Men grey melange solid regular fit regular shorts with three pockets and a drawstring closure.
11201,Puma Men grey & orange FUTURE 4.4 FG/AG football shoes with a synthetic upper and multiple lacing options.
11202,"Wild stone Men Set of 2 Body Perfume, including Titanium and Gold variants with distinct notes."
11203,Carlton London Silver-Toned Rhodium-Plated CZ Studded Multistrand Bracelet made of Brass with cubic zirconia.
11203,"Carlton London silver-toned rhodium-plated multistrand bracelet for women, adorned with CZ stones and a lobster closure."
11204,Pepe Jeans navy blue solid Henley neck T-shirt for boys.
11205,"Plum set of 3 beauty kit for women containing NaturStudio All-Day-Wear Kohl Kajal, Plum Green Tea Skin Clarifying Concentrate and Plum Olive & Macadamia Mega Moisturizing Hair Mask."
11206,OSHKOSH Bgosh olive green tie & dye round neck T-shirt for boys with camouflage print raglan sleeves and a pocket.
11207,Puma black Cayden Wn's IDP sneakers for women with lace-up detail and synthetic upper.
11208,Pepe Jeans black printed round neck T-shirt for boys.
11209,Woodland coffee brown solid leather belt for men with a tang closure.
11210,Puma black Adela Core sneakers for women with SoftFoam+ insole and mesh upper.
11211,Pepe Jeans navy blue printed polo collar T-shirt for boys.
11212,FabSeasons black self-design Ascot cap for unisex with a visor.
11213,DEYANN grey & blue printed straight kurta for men with a mandarin collar and three-quarter sleeves.
11214,Pepe Jeans red typography printed T-shirt for boys with long regular sleeves in knitted cotton fabric.
11215,Trend Arrest maroon solid one-shoulder velvet finish knitted fitted crop top for women with one long sleeve.
11216,Genius18 navy blue solid round neck T-shirt for men.
11217,Puma grey leather running shoes for unisex with lace-up detail and leather upper.
11218,DressBerry white solid open toe flats for women with slip-on detail and synthetic upper.
11219,The Vanca black printed woven high-low top for women with a round neck and three-quarter sleeves.
11220,Pepe Jeans white & blue printed round neck T-shirt for boys.
11221,"Aj DEZInES maroon solid party shirt for boys with a spread collar and long sleeves, comes with black checked waistband."
11222,Lino Perros rose gold-toned solid purse clutch for women with a detachable sling strap.
11223,Twisha yellow & red printed kurta with pyjamas & Nehru jacket set for boys.
11224,Puma black Prego IDP sports sandals for men with a Velcro closure and synthetic upper.
11225,Puma navy blue & red Acrux IDP sneakers for men with lace-up detail and canvas upper.
11226,STREET 9 black and white striped woven wrap layered dress for women with a V-neck and short sleeves.
11227,Puma blue & red FUTURE 4.4 IT football shoes for men with lace-up detail and synthetic upper.
11228,Alcis blue solid polo collar T-shirt for men.
11229,Pepe Jeans blue washed mid-rise denim shorts for boys with 5 pockets and an elasticated waistband.
11230,Saree mall navy blue & red linen blend printed saree for women with a woven design border.
11231,Pepe Jeans orange & white brand logo print pure cotton T-shirt for boys.
11232,Pepe Jeans white regular fit stretchable jeans for girls with a clean look and 5 pockets.
11233,"Lino Perros brown solid handheld bag for women with a zip closure, multiple compartments, and a detachable sling strap."
11234,OddCroft purple & gold-toned cow face yoga figurine for unisex.
11235,Tommy Hilfiger black solid two fold wallet for men with multiple compartments and card holders.
11236,Pepe Jeans navy blue faded casual chambray shirt for boys with a spread collar and button placket.
11237,SG YUVRAJ maroon solid kurta with pyjamas for boys with a shirt collar and long sleeves.
11238,Wild stone set of 2 body perfumes for men.
11239,U.S. Polo Assn. white solid boxers for men with an elasticated waistband and button fly.
11240,"Alcis charcoal grey printed round neck sports T-shirt for men with Antistatix, Drytech+ and stretch X technologies."
11241,Pepe Jeans teal blue & brown pure cotton tartan checks checked casual shirt for boys with a spread collar and button placket.
11242,OddCroft purple & gold-toned bow yoga figurine for unisex.
11243,Puma black Vertex Pro Nu Idp running shoes for men with SoftFoam technology and mesh upper.
11244,Pepe Jeans orange tropical print cotton polo collar T-shirt for boys with a button closure.
11245,Louis Philippe Jeans navy blue slim fit solid casual shirt for men with a spread collar and long sleeves.
11246,Pepe Jeans navy blue striped round neck T-shirt for boys.
11247,Twisha black & pink floral printed top with palazzos set for girls with a mandarin collar and sleeveless top.
11248,Pepe Jeans grey cashed slim fit mid-rise low distress stretchable jeans for boys with a button and zip closure.
11249,Puma blue & black Outrager X IDP sneakers for men with lace-up detail and synthetic upper.
11250,Qurvii plus size maroon and white striped casual shirt for women with a spread collar and three-quarter sleeves.
11251,Puma fluorescent green Vigor X Mu Idp SoftFoam+ running shoes for men with mesh upper.
11252,Puma ONE 5.4 TT football shoes for men with soft synthetic upper and multi-studded rubber outsole.
11253,Pepe Jeans blue slim fit mid-rise clean look stretchable jeans for boys with a button and zip closure.
11254,Pepe Jeans off-white applique hooded sweatshirt for boys with a zip closure.
11255,Aj DEZInES white solid party shirt with waistcoat & bow tie for boys with a spread collar and long roll-up sleeves.
11256,Puma white Smash Vulc SoftFoam+ sneakers for unisex with synthetic leather upper and cushioned footbed.
11257,Puma grey Pacer X Graphicster Idp running shoes for men with mesh upper.
11258,"Louis Philippe Jeans maroon slim fit solid casual shirt for men, featuring a spread collar, long sleeves, and a patch pocket, priced at INR 1249."
11259,"Plum pack of 3 beauty kits for women, including All-Day-Wear Kohl Kajal, Bright Years Restorative Overnight Creme, and Green Tea Revitalizing Face Mist, priced at INR 1584."
11260,"DEYANN men's white & blue printed straight kurta with a mandarin collar and three-quarter sleeves, priced at INR 1197."
11261,"Pepe Jeans boys' navy blue self-design polo collar T-shirt with short sleeves, priced at INR 524."
11262,"Pepe Jeans boys' olive green printed hooded sweatshirt with long sleeves and two pockets, priced at INR 899."
11263,"Pepe Jeans boys' off-white & black printed round neck T-shirt with long sleeves, priced at INR 499."
11264,"Lapis O Lupo blue solid sling bag with a button closure and one inner pocket, priced at INR 614."
11265,"Eske women's beige solid leather sling bag with a push lock closure and two inner pockets, priced at INR 4499."
11266,"Wild Stone men's set of 2 Code Gold body perfumes with fresh spicy notes of moss and musk, designed by master perfumers in France, priced at INR 410."
11267,"Pepe Jeans boys' red printed round neck T-shirt with short sleeves, priced at INR 449."
11268,"Alcis men's green solid round neck T-shirt with slub effect and printed detail, priced at INR 599."
11269,"Pepe Jeans boys' blue colourblocked round neck T-shirt with short sleeves, priced at INR 449."
11270,"Daily Life Forever52 women's pink Super Stay Lip Gloss 7ml, a lip gloss that creates the appearance of fuller lips and provides long lasting moisture, priced at INR 629."
11271,"Puma women's grey & pink colourblocked Force IDP sports sandals with Velcro closures, priced at INR 1754."
11272,"Puma unisex black Pacer Next 2.0 sneakers with Soft Foam + technology, textile upper, and lace-up detail, priced at INR 2749."
11273,"FabSeasons unisex green & black self-design beanie, priced at INR 496."
11274,"hummel men's blue solid hooded sweatshirt made of soft cotton material, featuring the iconic chevron tape sleeves, priced at INR 1199."
11275,"Flying Machine men's blue & white colourblock polo collar T-shirt with short sleeves, priced at INR 599."
11276,"Louis Philippe Jeans men's beige & brown slim fit printed casual shirt with a button-down collar and long sleeves, priced at INR 1511."
11277,"DEYANN men's purple printed kurta with churidar, featuring a mandarin collar and three-quarter sleeves, priced at INR 1377."
11278,"Saree mall off-white & red solid Kasavu saree with a printed border, comes with an unstitched blouse piece, priced at INR 859."
11279,"Pepe Jeans boys' red & blue regular fit checked casual shirt with a spread collar and long sleeves, priced at INR 749."
11280,"Pepe Jeans boys' grey melange printed round neck T-shirt with short sleeves, priced at INR 449."
11281,"Flying Machine men's navy blue slim fit checked casual shirt with a spread collar and long sleeves, priced at INR 1044."
11282,"Wild Stone men's set of 2 Code Body Perfumes, including Code Gold and Code Chrome, with zero gas and long-lasting fragrance, priced at INR 410."
11283,"Pepe Jeans boys' burgundy printed round neck T-shirt with long sleeves, priced at INR 349."
11284,"DEYANN men's blue & grey printed straight kurta with a mandarin collar and three-quarter sleeves, priced at INR 1197."
11285,"Pepe Jeans boys' teal blue solid MIKEY 1 SS IP polo collar T-shirt with design detail on shoulders, priced at INR 524."
11286,"Pepe Jeans boys' navy blue & white checked casual shirt with a spread collar and long sleeves, priced at INR 749."
11287,"Alcis men's black solid hooded tracksuit with a zip closure and two pockets, priced at INR 2799."
11288,"Puma men's blue Stance X2 IDP sports sandals with a Velcro closure, priced at INR 2159."
11289,"Jack & Jones grey printed casual shirt with a spread collar and long sleeves, priced at INR 1048."
11290,"Puma men's red & black Styron Idp running shoes with SoftFoam + technology, textile upper, and lace-up detail, priced at INR 2599."
11291,"Alcis women's charcoal grey solid sporty jacket with a mock collar, two pockets, and fleece lined, priced at INR 1439."
11292,"Woodland men's coffee brown solid leather belt with a tang closure, priced at INR 1345."
11293,"Puma men's black NRGY Neko Retro running shoes with NRGY Midsole and PU SOFTFOAM+ Comfort, priced at INR 2399."
11294,"Pepe Jeans boys' grey solid sweater with a round neck and long sleeves, priced at INR 899."
11295,"Alcis men's blue & black slim fit self-design polo collar T-shirt with short sleeves, priced at INR 599."
11296,"MISH women's black accordian pleated wide leg cropped palazzos with a partially elasticated waistband and slip-on closure, priced at INR 1499."
11297,"Alcis women's navy blue printed detail hooded sweatshirt with long sleeves and fleece lined, engineered with antimicrobial technology, priced at INR 1359."
11298,"Pepe Jeans boys' blue straight fit mid-rise clean look stretchable jeans with a button and zip closure, priced at INR 749."
11299,"Alcis men's yellow solid polo collar T-shirt with applique, priced at INR 699."
11300,"Puma women's rust Muse 2 Metallic sneakers with synthetic upper, cushioned footbed and textured outsole, priced at INR 3899."
11301,"Puma men's navy blue & white colourblocked Carve SL IDP mid-top sneakers with synthetic upper, cushioned footbed and textured outsole, priced at INR 2399."
11302,"Raymond men's white contemporary regular fit self-design formal shirt with a spread collar and long sleeves, priced at INR 2399."
11303,"Pepe Jeans girls' black skinny fit high-rise clean look jeans with a button and zip closure, priced at INR 1299."
11304,"Lapis O Lupo yellow solid sling bag with a zip closure and one inner pocket, priced at INR 692."
11305,"OddCroft purple & gold-toned resin Sukhasana yoga showpiece, medium size, priced at INR 3640."
11306,"U.S. Polo Assn. men's assorted solid tunks with an inner elasticated waistband, priced at INR 201."
11307,"Pepe Jeans boys' red solid sweatshirt with applique detail, priced at INR 649."
11308,"Lino Perros pink solid shoulder bag with a zip closure and multiple pockets, priced at INR 1293."
11309,"Genius18 men's navy blue solid sweatshirt with a V-neck, two pockets, and zip closure, priced at INR 674."
11310,"Puma men's blue Jordy IDP sports sandals with a Velcro closure, priced at INR 1609."
11311,"MISH women's navy blue solid top with accordian sleeves, priced at INR 839."
11312,"Raymond men's white & grey contemporary fit checked formal shirt with a spread collar and short sleeves, priced at INR 1199."
11313,"Woodland men's coffee brown solid leather passport holder with one main compartment and four card holders, priced at INR 956."
11314,"FabSeasons unisex brown self-design ascot cap with a visor, priced at INR 349."
11315,"U.S. Polo Assn. men's assorted printed trunks with an outer elasticated waistband, priced at INR 220."
11316,"Pepe Jeans boys' green & navy blue striped pullover sweater with a mock collar, priced at INR 999."
11317,"Pepe Jeans boys' navy blue regular fit solid chambray casual shirt with a spread collar and long sleeves, priced at INR 849."
11318,"Puma men's black & orange leather One 5.1 Fg/Ag football shoes with evoKNIT upper and RAPIDSPRINT outsole, priced at INR 10499."
11319,"Pepe Jeans boys' brown solid slim fit stretchable jeans with a clean look, priced at INR 849."
11320,"Twisha boys' green & black self design top with dhoti pants, priced at INR 499."
11321,"FabSeasons unisex brown self design Cap and has a visor, priced at INR 349."
11322,"Twisha boys' yellow & white solid kurta with pyjamas & Nehru jacket, priced at INR 1049."
11323,"Campana Boys blue and white printed kurta with pyjamas, priced at INR 799."
11324,"SG YUVRAJ Boys white solid kurta with pyjamas, priced at INR 879."
11325,"Woodland Men tan brown solid leather belt, priced at INR 1195."
11326,"Pepe Jeans Boys orange printed hooded sweatshirt, priced at INR 749."
11327,"Puma Unisex navy blue & grey solid Vista sneakers, priced at INR 3249."
11328,"Eske Women silver-toned embellished leather T-strap flats, priced at INR 1749."
11329,"Pepe Jeans Boys black printed round neck T-shirt, priced at INR 449."
11330,"Moda Rapido Women olive green regular fit solid cropped joggers, priced at INR 1999."
11331,"DEYANN Men blue & white printed kurta with churidar, priced at INR 1377."
11332,"Saree mall purple solid saree, priced at INR 1079."
11333,"Carlton London silver-toned rhodium-plated CZ stone-studded link bracelet, priced at INR 464."
11334,"Lapis O Lupo turquoise blue solid handheld bag, priced at INR 1223."
11335,"SHINGORA off-white woven design antimicrobial dupatta, priced at INR 2995."
11336,"Secret Temptation Women set of 2 mystery deodorants, features enigmatic scents of Violet, Tuberose and Black Currant."
11337,"Lapis O Lupo Women blue textured handheld bag, priced at INR 1049."
11338,"Louis Philippe Jeans Men white & blue slim fit floral printed casual shirt, priced at INR 1236."
11339,"Alcis Women charcoal grey self design tights, priced at INR 599."
11340,"Wild stone Men set of 2 Code body perfumes, contains zero gas and safe to use on skin."
11341,"Puma Women purple IGNITE Contender Interest running shoes, priced at INR 4549."
11342,"Pepe Jeans Boys blue slim fit mid-rise clean look stretchable jeans, priced at INR 749."
11343,"Puma Women black Escaper Pro running shoes, priced at INR 2799."
11344,"Pepe Jeans Boys khaki solid chinos, priced at INR 849."
11345,"Lapis O Lupo tan brown solid sling bag, priced at INR 755."
11346,"Puma Unisex grey Future Runner leather sneakers, priced at INR 3899."
11347,"SG YUVRAJ Boys navy blue solid kurta with pyjamas, priced at INR 879."
11348,"Instacrush Women olive green self design high-low top, priced at INR 1049."
11349,"Genius18 Women navy blue solid classic regular fit joggers, priced at INR 704."
11350,"hummel Men blue solid bomber jacket, priced at INR 3299."
11351,"Pepe Jeans Boys grey slim fit mid-rise clean look jeans, priced at INR 849."
11352,"Flying Machine Men black slim fit printed casual shirt, priced at INR 799."
11353,"Pepe Jeans Boys navy blue & white striped pure cotton polo collar T-shirt, priced at INR 649."
11354,"Alcis Women orange & black printed round neck T-shirt, priced at INR 749."
11355,"Pepe Jeans Boys navy blue printed sweater, priced at INR 899."
11356,"U.S. Polo Assn. Men assorted printed mid-rise briefs, priced at INR 255."
11357,"U.S. Polo Assn. Men white pack of 3 innerwear vests, priced at INR 495."
11358,"Pepe Jeans Boys black printed hooded sweatshirt, priced at INR 899."
11359,"Pepe Jeans Boys blue slim fit mid-rise clean look stretchable jeans, priced at INR 749."
11360,"People Men green classic regular fit solid casual shirt, priced at INR 749."
11361,"U.S. Polo Assn. Men grey melange printed innerwear vests, priced at INR 429."
11362,"Puma Unisex black Escaper Pro Core running shoes, features comfort sockliner."
11363,"FURO by Red Chief Men blue mesh walking shoes, priced at INR 2045."
11364,"U.S. Polo Assn. Men assorted printed trunk, priced at INR 311."
11365,"Pepe Jeans Boys yellow printed sweater, priced at INR 999."
11366,"Mast & Harbour Men mustard yellow solid round neck T-shirt, priced at INR 239."
11367,"hummel Men black solid hooded sweatshirt, priced at INR 1399."
11368,"Louis Philippe Sport Men khaki slim fit self design regular trousers, priced at INR 1399."
11369,"FabSeasons Unisex navy blue solid beanie, priced at INR 349."
11370,"Puma Men black NRGY Neko Skim running shoes, priced at INR 2599."
11371,"Lapis O Lupo Women black textured handheld bag, priced at INR 1049."
11372,"Pepe Jeans Girls charcoal grey washed mid-rise denim shorts, priced at INR 599."
11373,"QUIERO Women black & golden solid sheen effect A-line top, priced at INR 717."
11374,"Alcis Women solid brown track pants, priced at INR 649."
11375,"STREET 9 Women white embroidered detail top, has a high neck and three-quarter sleeves."
11376,Saree mall yellow & green printed saree.
11377,Jompers Men navy blue woven design straight kurta.
11378,Pepe Jeans Boys navy blue printed round neck T-shirt.
11379,Pepe Jeans Boys black printed round neck T-shirt.
11380,Puma Men black & green Pacer Wave Idp running shoes.
11381,"Lino Perros Grey textured handheld bag, has a zip closure."
11382,Instacrush Women blue & white printed shirt style top.
11383,Lapis O Lupo Black solid handheld bag.
11384,STREET 9 Women green & grey floral print cold-shoulder sheath dress.
11385,Pepe Jeans Boys green solid padded jacket.
11386,Genius18 Men black & white colourblocked sweatshirt.
11387,Pepe Jeans Boys grey slim fit heavy fade jeans.
11388,Pepe Jeans Girls red embellished round neck T-shirt.
11389,Puma Men black & orange ONE 5.4 FG/AG football shoes.
11390,Alcis Men navy blue solid stand collar T-shirt.
11391,"Wild stone Men Set Of 2 Body Perfumes, Bronze and Stone."
11392,Pepe Jeans Boys blue slim fit mid-rise low distress stretchable jeans.
11393,QUIERO Women pink solid blouson top.
11394,Lapis O Lupo Black solid handheld bag.
11395,FabSeasons Unisex Grey solid beanie.
11395,A grey solid beanie for unisex from FabSeasons.
11396,A purple and gold-toned resin mermaid yoga figurine showpiece from OddCroft.
11397,A mustard and brown slim fit checked casual shirt for men from Louis Philippe Sport.
11398,Black Carson Pro Idp SoftFoam + running shoes for men from Puma.
11399,Rose gold solid open toe flats for women from DressBerry.
11400,Black solid three fold wallet for women from Lino Perros.
11401,Black and white printed round neck T-shirt for men from Genius18.
11402,Fluorescent green & white ONE 5.3 FG football shoes for men from Puma.
11403,Charcoal grey solid sports sweatshirt for men from Alcis.
11404,Blue and white printed kurta with churidar for men from DEYANN.
11405,Black solid sling bag for women from Lapis O Lupo.
11406,Black and white printed kurta with churidar for men from DEYANN.
11407,Green and Mustard Yellow colourblocked sweater for boys from Pepe Jeans.
11408,Brown solid single door curtain for unisex from Divine Casa.
11409,Navy Blue Trenzo Ii Idp Running Shoes for men from Puma.
11410,Navy Blue printed hooded sweatshirt for boys from Pepe Jeans.
11411,Rust red solid A-Line Top for women from QUIERO.
11412,Peach-coloured & Maroon Printed Maxi Dress for women from STREET 9.
11413,Silver-Toned Rhodium-Plated CZ Stone-Studded Link Bracelet for women from Carlton London.
11414,Multicoloured checked regular fit casual shirt for women from Instacrush.
11415,Black Rive Slipon Wn'S Mu Idp Running Shoes for women from Puma.
11416,Navy Blue Self Striped Slim Fit Formal Shirt for men from Peter England.
11417,Blue Mesh Walking Shoes for men from FURO by Red Chief.
11418,Brown Prego IDP Sports Sandals for men from Puma.
11419,Charcoal Grey & Black Outrager X IDP Sneakers for men from Puma.
11420,Black Printed A-Line Top for women from The Vanca.
11421,Black Hexa IDP Sports Sandals for men from Puma.
11422,Off-White Solid Leather Shoulder Bag for women from Eske.
11423,Blue Surface IDP Sneakers for men from Puma.
11424,Set Of Green Tea Face Mist & Kajal with Sharpener for women from Plum.
11425,Black Pacer X Graphicster Idp Running Shoes for men from Puma.
11426,Yellow Solid Sling Bag for women from Lapis O Lupo.
11427,Navy Blue Force IDP Sports Sandals for men from Puma.
11428,Black Printed Top for women from The Vanca.
11429,Navy blue solid briefs for men from U.S. Polo Assn.
11430,Sea Green solid Round Neck T-shirt for men from Mast & Harbour.
11431,Red printed Round Neck T-shirt for boys from Pepe Jeans.
11432,Black Acrux IDP Sneakers for men from Puma.
11433,Grey Sneakers for unisex from Puma.
11434,Khaki Slim Fit Self Design Regular Trousers for men from Louis Philippe Sport.
11435,Black printed Round Neck T-shirt for boys from Pepe Jeans.
11436,Navy Blue Solid Running Jacket for women from Alcis.
11437,Black Solid Sporty Jacket for women from Alcis.
11438,Navy blue printed boxers for men from U.S. Polo Assn.
11439,Green & Blue Solid Kurta with Pyjamas & Nehru Jacket for boys from Twisha.
11440,Black Replicat-X Pirelli V2 Sneakers for unisex from PUMA Motorsport.
11441,Black Textured Two Fold Wallet for men from Tommy Hilfiger.
11442,Navy Blue Solid Outdoor Joggers for men from Alcis.
11443,Blue Skinny Fit High-Rise Light Fade Stretchable Jeans for girls from Pepe Jeans.
11444,White Contemporary Regular Fit Self Design Formal Shirt for men from Raymond.
11445,White & Navy Blue Striped A-Line Dress for women from STREET 9.
11446,Maroon Solid Double-Breasted Casual Blazer for women from QUIERO.
11447,"Night Gel & Glow Restore Face Oil Set for women from Plum, suitable for all skin types, combats skin dryness, and restores natural health and glow to skin."
11448,Orange printed straight kurta for men from DEYANN.
11449,Navy blue solid trunks for men from U.S. Polo Assn.
11450,Blue Super Slim Fit Printed Casual Shirt for men from Louis Philippe Sport.
11451,Beige Regular Fit Solid Party Shirt with Waistcoat & Bow Tie for boys from Aj DEZInES.
11452,Grey Melange Solid Hooded Sporty Jacket for women from Alcis.
11453,Blue Solid Sling Bag for women from Lino Perros.
11454,Cream-Coloured STORM ORIGIN Sneakers for unisex from Puma.
11455,Blue Solid Handheld Bag for women from Lapis O Lupo.
11456,Off-White Printed Hooded Sweatshirt for boys from Pepe Jeans.
11456,Pepe Jeans Boys Off-White Printed Hooded Sweatshirt. It is made of cotton and has a hood and long sleeves. The primary color is white and the price is 749 INR.
11457,"Lapis O Lupo Women Beige Textured Handheld Bag. It features a zip closure, 4 main compartments, 1 inner pocket, two handles with a detachable sling strap. The primary color is red and the price is 1049 INR."
11458,Puma Unisex Black Procyon IDP Slip-on Sneakers. These are black slip-on sneakers with a canvas upper and cushioned footbed. The price is 2144 INR.
11459,"Pepe Jeans Boys Navy Blue Checked Casual Shirt with a spread collar, button placket and long sleeves. The primary color is blue and the price is 899 INR."
11460,Genius18 Women Navy Blue Solid Classic Regular Fit Track Pants with an elasticated waistband and two pockets. The primary color is blue and the price is 704 INR.
11461,DEYANN Men Black & Orange Printed Straight Kurta with a mandarin collar and three-quarter sleeves. The primary color is black and the price is 1197 INR.
11462,Pepe Jeans Boys Black Self Design Chinos with a mid rise and regular fit with 4 pockets. The primary color is black and the price is 999 INR.
11463,Pepe Jeans Boys Black Slim Fit Mid-Rise Clean Look Stretchable Jeans with 5 pockets. The primary color is black and the price is 749 INR.
11464,Wild stone Men Set of 2 Code Copper Body Perfumes with warm balsam and amber notes. The price is 400 INR.
11465,"Eske Women Gold-Toned Solid Leather Handheld Bag with a zip closure, 1 main compartment, 2 inner pockets and two handles. The primary color is gold and the price is 4749 INR."
11466,Raymond Men Blue Slim Fit Solid Formal Shirt with a spread collar and long sleeves. The primary color is blue and the price is 839 INR.
11467,Saree mall Sea Green & Pink Linen Blend Printed Saree with a woven design border. The primary color is green and the price is 699 INR.
11468,Puma Unisex Green Rigel IDP Sneakers with lace-up detail and a canvas upper. The primary color is green and the price is 1959 INR.
11469,Wild stone Men Set of 2 Body Perfume. It includes Wild stone Code Steel and Gold body perfumes. The price is 410 INR.
11470,Pepe Jeans Boys Red & Navy Blue FORD LS Regular Fit Checked Casual Shirt with a spread collar and long sleeves. The primary color is blue and the price is 799 INR.
11471,Puma Unisex Grey Cappela IDP Slip-On Sneakers with a synthetic upper and cushioned footbed. The primary color is grey and the price is 1979 INR.
11472,Alcis Men Neon Orange Solid Round Neck T-shirt with short sleeves. The primary color is orange and the price is 449 INR.
11473,FabSeasons Unisex Blue Self Design Beanie. The primary color is blue and the price is 399 INR.
11474,Puma Women Pink Cilia Lux Leather Sneakers with SoftFoam+ sockliner and lace-up detail. The primary color is pink and the price is 3574 INR.
11475,Pepe Jeans Boys Blue Slim Fit Mid-Rise Low Distress Stretchable Jeans with 5 pockets. The primary color is blue and the price is 849 INR.
11476,Pepe Jeans Girls Grey Solid ESFIR IP Peplum Top with a round neck and short sleeves. The primary color is grey and the price is 749 INR.
11477,Alcis Men Green & Black Self Design Polo Collar T-shirt with short sleeves. The primary color is green and the price is 599 INR.
11478,Pepe Jeans Boys Navy Blue & Red Reversible Colourblocked Jacket with a stand collar and zip closure. The primary color is blue and the price is 1499 INR.
11479,QUIERO Women Mustard Yellow Solid Blouson Top with a round neck and three-quarter sleeves. The primary color is yellow and the price is 654 INR.
11480,Puma Men White & Yellow ONE 5.4 FG/AG Football Shoes with lace-up detail. The primary color is yellow and the price is 3749 INR.
11481,"DEYANN Men Black & White Printed Kurta with Churidar, featuring a mandarin collar and long sleeves. The primary color is black and the price is 1377 INR."
11482,Pepe Jeans Boys Blue Solid Polo Collar T-shirt with short sleeves. The primary color is blue and the price is 399 INR.
11483,"SG YUVRAJ Boys White Solid Kurta with Pyjamas, featuring a shirt collar and long sleeves. The primary color is white and the price is 879 INR."
11484,Woodland Men Brown Textured Leather Belt secured with a tang closure. The primary color is red and the price is 895 INR.
11485,Puma Men Navy Blue Stride Evo IDP Running Shoes with lace-up detail and a mesh upper. The primary color is blue and the price is 2274 INR.
11486,U.S. Polo Assn. Men Assorted Pack of 2 Briefs with an outer elasticated waistband. The price is 313 INR.
11487,Puma Women Grey & White Carson Pro Running Shoes with SoftFoam + and lace-up detail. The primary color is white and the price is 2599 INR.
11488,U.S. Polo Assn. Men Pack Of 2 Assorted Briefs with an outer elasticated waistband. The price is 350 INR.
11489,Plum Women Green Tea Skin Clarifying Concentrate & Kajal with Sharpener. It includes NaturStudio All-Day-Wear Kohl Kajal and Plum Green Tea Skin Clarifying Concentrate. The primary color is green and the price is 1336 INR.
11490,Puma Men Black Cell Regulate Camo SoftFoam+ Running Shoes with lace-up detail and a mesh upper. The primary color is black and the price is 6999 INR.
11491,Puma Men Navy Blue Cell Regulate Camo SoftFoam+ Running Shoes with lace-up detail and a mesh upper. The primary color is blue and the price is 4899 INR.
11492,Pepe Jeans Boys Olive Green Regular Fit Solid Corduroy Trousers with a button closure and 5 pockets. The primary color is green and the price is 1099 INR.
11493,Louis Philippe Jeans Men Maroon Slim Fit Solid Casual Shirt with a spread collar and long sleeves. The primary color is maroon and the price is 1224 INR.
11494,Wish Karo Girls Pink Polka Dot Print Fit and Flare Dress with a round neck and sleeveless design. The primary color is pink and the price is 924 INR.
11495,Puma Women Black Vikky v2 SoftFoam + Suede Sneakers with lace-up detail and a suede upper. The primary color is black and the price is 3999 INR.
11496,Louis Philippe Sport Men Blue Slim Fit Self Design Smart Casual Trousers with a button closure and 4 pockets. The primary color is blue and the price is 1371 INR.
11497,Louis Philippe Jeans Men Black Printed Round Neck T-shirt with short sleeves. The primary color is black and the price is 649 INR.
11498,Puma Unisex Navy Blue Auxius V2 IDP Printed Slip-On Sneakers with a canvas upper and cushioned footbed. The primary color is blue and the price is 1819 INR.
11499,Pepe Jeans Boys Black Printed Round Neck T-shirt with long sleeves. The primary color is black and the price is 599 INR.
11500,Peter England Men White Slim Fit Solid Formal Shirt with a mandarin collar and long sleeves. The primary color is white and the price is 799 INR.
11501,Puma Men Navy Blue & Black Prego IDP Sports Sandals secured with a Velcro closure and a synthetic upper. The primary color is blue and the price is 1379 INR.
11502,Puma Men Black One 5.4 Football Shoes with a soft synthetic upper and lace-up detail. The primary color is black and the price is 3499 INR.
11503,Lapis O Lupo Blue Solid Quilted Sling Bag with a button closure and 1 main compartment. The primary color is blue and the price is 721 INR.
11504,FabSeasons Unisex Multicoloured Printed Beanie with a visor. The primary color is red and the price is 349 INR.
11505,Instacrush Women Navy Blue Solid Wrap Dress with a V-neck and three-quarter sleeves. The primary color is blue and the price is 2099 INR.
11506,Puma Men Grey Crystal IDP Sports Sandals secured with a Velcro closure and a synthetic upper. The primary color is grey and the price is 2299 INR.
11507,Alcis Women Black & Off-White Striped Round Neck T-shirt with short sleeves. The primary color is black and the price is 499 INR.
11508,Pepe Jeans Boys Grey & Coral Orange Regular Fit Checked Hooded Casual Shirt with a detachable hood and spread collar. The primary color is grey and the price is 899 INR.
11509,Raymond Men Beige Slim Fit Self Design Formal Trousers with a button closure and 4 pockets. The primary color is beige and the price is 959 INR.
11510,Alcis Men White Printed Round Neck T-shirt with short sleeves. The primary color is white and the price is 599 INR.
11511,Rain & Rainbow Women Navy Blue & Beige Printed Maxi Dress with beaded and sequins detail and a notched round neck. The primary color is blue and the price is 1889 INR.
11512,Pepe Jeans Boys Olive Slim Fit Stretchable Jeans with 5 pockets. 
11513,Pepe Jeans Boys Coral Solid Polo Collar T-shirt with short sleeves.
11514,"ULRIC DE VARENS Women In The Sky Eau de Parfum 100 ml with notes of Blackcurrant, Bergamot, Pineapple, Gardenia, Rose, Orange blossom, Night jasmine, Patchouli, Salted butter caramel, Tonka bean, Vanilla, Musk."
11515,Alcis Men Charcoal Grey Slim Fit Solid Round Neck T-shirt with short sleeves. The primary color is grey and the price is 449 INR.
11516,Pepe Jeans Boys Red & Blue Regular Fit Checked Casual Shirt with a spread collar and long sleeves. The primary color is blue and the price is 699 INR.
11517,Pepe Jeans Boys Red Printed Sweatshirt with a mock collar and long sleeves. The primary color is red and the price is 799 INR.
11518,STREET 9 Women Peach-Coloured & White Regular Fit Printed Casual Crop Shirt with waist tie-ups detail and a spread collar. The primary color is red and the price is 419 INR.
11519,Pepe Jeans Boys Blue Faded Checked Casual shirt with a hooded and long regular sleeves. The primary color is blue and the price is 899 INR.
11520,QUIERO Women Navy Blue Regular Fit Solid Parallel Trousers with a zip closure and 2 pockets. The primary color is blue and the price is 1682 INR.
11521,Pepe Jeans Boys Red Solid Polo Collar T-shirt with short sleeves. The primary color is red and the price is 524 INR.
11522,Pepe Jeans Boys Red & Blue Regular Fit Checked Casual Shirt with a spread collar and long sleeves. The primary color is blue and the price is 749 INR.
11523,DressBerry Women Brown & Rose Gold Colourblocked Open Toe Flats with ankle loop detail and a synthetic upper. The primary color is brown.
11523,DressBerry women's brown and rose gold colorblocked open toe flats with synthetic upper and ankle loop detail.
11524,Instacrush women's multicoloured checked casual shirt with a spread collar and long sleeves.
11525,"Indo Era women's blue and off-white printed kurta with dhoti pants, featuring a notched round neck and three-quarter sleeves."
11526,Pepe Jeans boys' yellow printed polo collar T-shirt with short sleeves.
11527,"Puma unisex black Nrgy Comet SoftFoam+ running shoes with lace-up detail, SoftFoam+ sockliner and NRGY technology."
11528,Puma women's peach-colored Carina Suede SoftFoam+ sneakers with lace-up detail and a perforated vamp.
11529,Pure Home and Living white printed porcelain bowl with a glossy finish.
11530,Pepe Jeans boys' yellow & blue MAGNUS LS IP regular fit checked casual shirt with a spread collar and long sleeves.
11531,Divine Casa brown set of 2 window curtains with a solid pattern and eyelet fitting.
11532,Pepe Jeans boys' white & blue regular fit striped casual shirt with a spread collar and long sleeves.
11533,Jompers men's orange woven design straight kurta with a mandarin collar and long sleeves.
11534,SHINGORA women's peach-colored woven design antimicrobial dupatta with a fringed border.
11535,Pepe Jeans boys' red printed PARKER SS IP round neck T-shirt with short sleeves.
11536,"Plum Women Bright Years Restorative Overnight Creme & Kajal with Sharpener. The Kajal is black and smudge-free. The creme contains hydrating olive, argan, betaine and Vit E."
11537,Flying Machine men's navy blue super slim fit solid regular trousers with a button closure and 4 pockets.
11538,Carlton London silver-toned rhodium-plated CZ studded bracelet with a lobster closure.
11539,Puma unisex navy blue Deco IDP sneakers with lace-up detail and a textile & leather upper.
11540,Flying Machine men's rust & navy blue regular fit checked casual shirt with a slim collar and long sleeves.
11541,Pepe Jeans boys' blue washed DAVIN LS IP regular fit casual chambray shirt with a spread collar and long sleeves.
11542,Flying Machine men's red & navy blue regular fit checked casual shirt with a button-down collar and long sleeves.
11543,Pepe Jeans girls' grey skinny fit high-rise light fade stretchable jeans with 5 pockets.
11544,MASPAR pink & white floral 400 TC cotton 1 king bedsheet with 2 pillow covers.
11545,Puma men's red textured 19.1 bowling shoes with lace-up detail and a synthetic upper.
11546,"Plum Bestseller Kit includes green tea pore cleansing face wash, NaturStudio All-Day-Wear Kohl Kajal, and green tea renewed clarity night gel."
11547,Pepe Jeans boys' navy blue pure cotton solid chambray casual shirt with a spread collar and long sleeves.
11548,Pepe Jeans boys' navy blue & red brand logo print polo collar T-shirt with button closures and short sleeves.
11549,Pepe Jeans boys' white & blue regular fit colourblocked casual shirt with a spread collar and long sleeves.
11550,Wish Karo girls' burgundy fit and flare silk dress with a round neck and sleeveless design.
11551,Pepe Jeans boys' blue camouflage printed slim fit light fade stretchable jeans with a button fly closure.
11552,"DEYANN men's navy blue & white printed kurta with churidar, featuring a mandarin collar and long sleeves."
11553,"ULRIC DE VARENS women's Cotton Musk Original Eau de Parfum 100 ml with notes of white musks, bitter orange, honeysuckle, jasmine, freesia, sandalwood, vanilla and tonka bean."
11554,Pepe Jeans boys' olive green mid-rise cargo shorts with 6 pockets and a drawstring closure.
11555,Pepe Jeans boys' blue William Cashed jogger mid-rise clean look stretchable jeans with a drawstring closure.
11556,Plum Green Tea Mattifying Moisturiser & All-Day-Wear Kohl Kajal with Sharpner. The Kajal is black. The moisturiser gives a matte finish and controls hydration.
11557,"Puma Women White & Pink Colourblocked Smash BFF P Sneakers with velcro detail, patent synthetic leather and heart-shaped suede overlays."
11558,Puma Unisex White Rebound LayUp SoftFoam +Sneakers with lace-up detail and perforations on the vamp.
11559,Pepe Jeans boys' red printed round neck T-shirt with short sleeves.
11560,Peter England men's blue checked slim fit formal shirt with a spread collar and long sleeves.
11561,Alcis men's blue printed round neck training T-shirt with sleeveless design.
11562,U.S. Polo Assn. men's assorted striped innerwear vest with a round neck and sleeveless design.
11563,Avira Home black solid cotton 550GSM bath towel.
11564,Genius18 men's white & black printed round neck T-shirt with short sleeves.
11565,Flying Machine men's burgundy & beige regular fit checked casual shirt with a button-down collar and long sleeves.
11566,Alcis men's navy blue solid sweatshirt with a round neck and long raglan sleeves.
11567,Pepe Jeans Girls Blue Skinny Fit Light Fade Stretchable Jeans With Side Stripes
11568,Pepe Jeans Boys Black Slim Fit Mildly Distressed Heavy Fade Stretchable Jeans
11569,Lino Perros Beige Solid Handheld Bag with a zip closure and two handles.
11570,Lapis O Lupo Black Solid Sling Bag with a button closure and a non-detachable sling strap.
11571,Pepe Jeans Girls Red Embellished Printed Round Neck T-shirt
11572,SG YUVRAJ Boys Black Solid Kurta with Pyjamas featuring a shirt collar and drawstring closure.
11573,Pepe Jeans Boys Off White Solid Slim Fit Mid-Rise Cotton Denim Shorts with Printed Detail
11574,OddCroft Black & Gold-Toned Bulldog-Shaped Book Ends made of resin.
11575,Puma Men Black Concave V2 Idp Running Shoes with SoftFoam+ sockliner and lace-up detail.
11576,Pepe Jeans Boys Red Tartan Checks Checked Casual Shirt
11577,The Dry State Women Green Striped Round Neck Slim Fit T-shirt
11578,DressBerry Women Gold-Toned & Purple Colourblocked Open Toe Flats with backstrap detail and synthetic upper.
11579,Pepe Jeans Boys Navy Blue Typography Printed Polo Collar T-shirt
11580,Alcis Men Navy Blue Printed Round Neck T-shirt
11581,Alcis Women Blue Printed Round Neck T-shirt
11582,U.S. Polo Assn. Men Pack Of 2 Assorted Briefs
11583,Alcis Women Sea Green Solid Round Neck T-shirt
11584,U.S. Polo Assn. Men White Solid Innerwear Vests
11585,Louis Philippe Jeans Men White & Teal Blue Slim Fit Printed Casual Shirt
11585,"Louis Philippe Jeans Men's white and teal blue slim-fit printed casual shirt with a spread collar, long sleeves, and one pocket. Primary color is Blue."
11586,Pepe Jeans Boys' grey printed sweatshirt with a round neck and long sleeves. Primary color is Grey.
11587,Pepe Jeans Girls' pink printed round neck T-shirt with short sleeves. Primary color is Pink.
11588,"DEYANN Men's grey and white printed kurta with white churidar, featuring a mandarin collar and three-quarter sleeves. Primary color is White."
11589,"Puma Men's black sneakers with SoftFoam+ sockliner, mesh upper, and textured outsole. Primary color is Black."
11590,Carlton London gold-plated contemporary studs with cubic zirconia stones. Primary color is Gold.
11591,"Plum Unisex pack of face moisturizer and hair mask, including Olive & Macadamia Mega Moisturizing Hair Mask and Green Tea Renewed Clarity Night Gel."
11592,OddCroft Black Acrylic Magazine Organiser. Primary color is Black.
11593,Alcis Women's olive green solid joggers with an elasticated waistband and Antimicrobial technology. Primary color is Green.
11594,Louis Philippe Men's black textured leather belt with a tang closure and 1-year warranty. Primary color is Red.
11595,Pepe Jeans Boys' red solid padded jacket with a stand collar and zip closure. Primary color is Red.
11596,Pepe Jeans Boys' black & white printed sweatshirt with a round neck and long sleeves. Primary color is Black.
11597,Pepe Jeans Boys' blue striped light fade stretchable jeans in a regular fit with five pockets. Primary color is Blue.
11598,Pepe Jeans Boys' orange & white checked casual shirt with a spread collar and long sleeves. Primary color is White.
11599,Pepe Jeans Boys' white printed round neck T-shirt with short sleeves. Primary color is White.
11600,PUMA Motorsport Unisex maroon & black sneakers with Ignite midsole and suede/textile upper. Primary color is Black.
11601,hummel Men's navy blue solid hooded sweatshirt with two pockets and a zip closure. Primary color is Blue.
11602,Pepe Jeans Boys' orange solid bomber jacket with a stand collar and zip closure. Primary color is Orange.
11603,Pepe Jeans Boys' grey & black biker print T-shirt with a round neck and long sleeves. Primary color is Black.
11604,STREET 9 Women's black & mustard yellow colourblocked layered basic jumpsuit with shoulder straps and short sleeves. Primary color is Red.
11605,Wild Stone Men's set of 2 body perfumes with earthy notes of basil and artemisia. Contains zero gas and lasts for a long time.
11606,FabSeasons Unisex navy blue self-design beanie. Primary color is Blue.
11607,Genius18 Men's grey & black printed sweatshirt with a round neck and long sleeves. Primary color is Black.
11608,Pepe Jeans Girls' blue skinny fit stretchable jeans with a side stripe and five pockets. Primary color is Blue.
11609,Pepe Jeans Girls' blue skinny fit heavy fade stretchable jeans with five pockets. Primary color is Blue.
11610,"Wild Stone Men's set of 2 body perfumes: Code Platinum (apple, muguet, cedar wood) and Code Titanium (citrus, dry amber, musk)."
11611,Puma Unisex black football shoes with leather upper and lace-up detail. Primary color is Black.
11612,Pepe Jeans Boys' blue slim fit mid-rise clean look jeans with a button and zip closure. Primary color is Blue.
11613,Pepe Jeans Boys' yellow printed sweatshirt with a round neck and long sleeves. Primary color is Yellow.
11614,Cation Women's black knitted top with a round neck and sleeveless design. Primary color is Black.
11615,Pepe Jeans Boys' blue slim fit mildly distressed stretchable jeans with a button and zip closure. Primary color is Blue.
11616,Pepe Jeans Boys' navy blue printed regular trousers with a button closure and zip fly. Primary color is Blue.
11617,Pepe Jeans Boys' green printed pullover sweater with a round neck and long sleeves. Primary color is Green.
11618,Puma Unisex black leather sneakers with mid-top styling and lace-up detail. Primary color is Black.
11619,Pepe Jeans Boys' olive green & black camouflage printed bomber jacket with a stand collar and zip closure. Primary color is Green.
11620,Genius18 Men's white & black printed T-shirt with a polo collar and short sleeves. Primary color is Black.
11621,OddCroft Grey & White Self Design Bedside Table Lamp with Shade. Primary color is White.
11622,Puma Men's black running shoes with SoftFoam+ sockliner and knitted upper. Primary color is Black.
11623,Raymond Men's white solid formal shirt with a spread collar and long sleeves. Primary color is White.
11624,Puma Men's red running shoes with SoftFoam insole and mesh upper. Primary color is Red.
11625,Pepe Jeans Girls' yellow printed round neck T-shirt with short sleeves. Primary color is Yellow.
11626,U.S. Polo Assn. Men's khaki solid pure cotton boxers with an elasticated waistband and button fly. Primary color is Khaki.
11627,Puma Unisex white walking shoes with mesh upper and lace-up detail. Primary color is White.
11628,Pepe Jeans Boys' blue straight fit clean look jeans with a button and zip closure. Primary color is Blue.
11629,"Wild Stone Men's set of 2 Code Chrome Body Perfumes with lavender, bergamot, musk, and vetiver notes."
11630,"Lino Perros Blue solid shoulder bag with a zip closure, multiple pockets and two handles. Primary color is Blue."
11631,Tommy Hilfiger Men's black textured genuine leather two-fold wallet with multiple card holders and a detachable flap. Primary color is Red.
11632,Pepe Jeans Boys' red printed round neck T-shirt with short sleeves. Primary color is Red.
11633,Louis Philippe Sport Men's blue & grey slim fit printed casual shirt with a spread collar and long sleeves. Primary color is Blue.
11634,Trend Arrest Women's burgundy & white striped basic layered jumpsuit with a halter neck and tie-up. Primary color is Red.
11635,Pepe Jeans Boys' blue & yellow checked casual shirt with a spread collar and long sleeves. Primary color is Blue.
11636,Pepe Jeans Boys' blue slim fit mid-rise clean look jeans with a button and zip closure. Primary color is Blue.
11637,Puma Unisex black walking shoes with slip-on detail and SoftFoam+ sockliner. Primary color is Black.
11638,Louis Philippe Sport Men's blue & white slim fit checked casual shirt with a spread collar and short sleeves. Primary color is Blue.
11639,Puma Men's black perforated sneakers with leather upper and lace-up closure. Primary color is Black.
11640,Puma Men's blue sneakers with visible technology heel plug-in and Softfoam+ sockliner. Primary color is Blue.
11641,Pepe Jeans Boys' green & navy blue colourblocked T-shirt with a round neck and long sleeves. Primary color is Blue.
11642,Lapis O Lupo Turquoise Blue solid sling bag with a zip closure and one inner pocket. Primary color is Blue.
11643,"DEYANN Men Green Printed Made to Measure Kurta with Churidar. The kurta is green and white printed, has a mandarin collar, three-quarter sleeves, and a straight hem. The churidar is white and solid with a drawstring closure."
11644,"Puma Men Blue Printed Croatia IDP Sports Sandals with dual Velcro closures, synthetic upper, cushioned footbed and textured outsole"
11645,Pepe Jeans Boys Red & White Printed Round Neck T-shirt with long sleeves.
11646,"Genius18 Men Charcoal Grey Solid Slim Fit Joggers with an elasticated waistband, drawstring fastening, three pockets and side stripes."
11647,"BUKKUM Men Olive Green Solid Bomber with a mock collar, 4 pockets, zip closure, long sleeves, straight hem, and polyester lining."
11648,"SG YUVRAJ Boys Beige Solid Kurta with Pyjamas. The kurta has a shirt collar, long sleeves, and curved hem. The pyjamas have a drawstring closure."
11649,Pepe Jeans Girls Blue & White Striped Skinny Fit Low Distress Applique Stretchable Jeans with a printed design and five pockets.
11650,"Lino Perros Women Brown Textured Three Fold Wallet with 4 card holders, 3 slip pockets, and a zip coin pocket."
11651,"Pepe Jeans Boys Navy Blue Printed Sweater with a round neck, long sleeves, and ribbed hem."
11652,Saree mall Sea Green & Pink Printed Saree with a woven design border and comes with an unstitched blouse piece.
11653,U.S. Polo Assn. Men Pack of 2 White Solid Innerwear Vests with a round neck and sleeveless design.
11654,"MISH Women Green Solid Woven Shift Dress with shoulder straps, concealed zip closure, an attached lining, straight hem, and side slit."
11655,The Vanca Women Multicoloured Printed A-Line Top with a tie-up neck and long sleeves.
11656,"Puma Men Grey Jordy IDP Sports Sandals with a Velcro closure, synthetic upper, cushioned footbed and textured outsole."
11657,"Puma Unisex Navy Blue Vista Sneakers with mesh upper with suede and synthetic leather overlays, EVA midsole and rubber outsole."
11658,"Lino Perros Pink Textured Handheld Bag with a zip closure, 1 main compartment and 3 inner pockets."
11659,"Lapis O Lupo Black Solid Leatherette Handheld Bag with a zip closure, 2 main compartments and 1 inner pocket."
11660,"Indo Era Women Mustard Yellow & Maroon Yoke Design Kurta with Palazzos. The kurta has threadwork detail, a round neck, three-quarter sleeves, and a curved hem. The palazzos have a partially elasticated waistband with slip-on closure."
11661,Puma Unisex Navy Blue Drive Essential Mu Idp Slip-On Walking Shoes with SoftFoam+ insole and mesh upper.
11662,Woodland Men Tan Brown Leather Solid Belt secured with a tang closure.
11663,Carlton London Women Pink Rose Gold-Plated Textured Layered Necklace with Artificial Beads and Lobster Closure
11664,"DEYANN Men Blue & Black Printed Straight Kurta with a mandarin collar, long sleeves, straight hem, and side slits."
11665,Plum Green Tea Renewed Clarity Night Gel & Face Care Kit suitable for oily skin.
11666,Twisha Girls Off-White Printed Top with short sleeves and hook and eye closure and Comes with a white camisole
11667,Moda Rapido Women Black Loose Fit Solid Cargos with button closure and 4 pockets.
11668,SHINGORA Women Sea Green Woven Design Antimicrobial Dupatta with zari and a fringed border.
11669,"Pepe Jeans Boys Navy Blue Cashed Slim Fit Faded Denim Trousers with a drawstring closure, 3 pockets and 2 mock pockets on the back."
11670,Pepe Jeans Boys Off White & Blue Printed T-shirt with a round neck and short sleeves.
11671,Pepe Jeans Boys Blue Slim Fit Light Fade Stretchable Jeans with five pockets.
11672,Pepe Jeans Girls Grey Skinny Fit Light Fade Stretchable Jeans with five pockets.
11673,Alcis Men Green Printed Round Neck Sports T-shirt with short sleeves.
11674,Alcis Women Blue Printed V-Neck T-shirt with short sleeves.
11675,"Lapis O Lupo Mustard Brown Self Design Handheld Bag with a zip closure, 4 main compartments, 1 inner pocket and a detachable sling strap."
11676,Alcis Women Solid Charcoal Grey Solid Hooded Tracksuit with two pockets.
11677,Saree mall Pink & Green Printed Bhagalpuri Saree with a solid border and tasselled detail and comes with an unstitched blouse piece.
11678,"Puma Men Black Monarch FG Football Shoes with synthetic leather,Lightweight TPU outsole with conical studs and PUMA Cat Logo."
11679,Louis Philippe Sport Men Charcoal Grey Slim Fit Solid Regular Smart Casual Trousers with button closure and 4 pockets.
11680,"Pepe Jeans Girls Navy Skinny Fit Mid-Rise Sequinned Clean Look Stretchable Jeans with a button and zip closure, and waistband with belt loops"
11681,"DressBerry Women Silver-Toned Solid Open Toe Flats with Synthetic upper, Cushioned footbed and Textured and patterned outsole"
11682,"Louis Philippe Jeans Men Green Slim Fit Solid Casual Shirt with a spread collar, long sleeves, button placket, curved hem, and 1 patch pocket."
11683,Carlton London Gold-Plated CZ Stone-Studded Contemporary Drop Earrings with cubic zirconia stones.
11684,"Pepe Jeans Girls Black Skinny Fit Mid-Rise Clean Look Stretchable Jeans with a button and zip closure, and waistband with belt loops."
11685,Nauti Nati Boys Navy Blue & White Striped T-shirt with Solid Shorts. The t-shirt has a polo collar and short sleeves. The shorts have a slip-on closure and mock pockets.
11686,"Twisha Boys Yellow & White Solid Kurta with Pyjamas & Nehru Jacket. The kurta has a round neck, long sleeves, and side slits. The pyjamas have an elasticated waistband and drawstring closure. The Nehru Jacket has a mandarin collar and button closures."
11687,"hummel Men Blue Solid Hooded Sweatshirt with two pockets, long sleeves, zip closure."
11688,"Louis Philippe Sport Men Brown Slim Fit Self-design Casual Shirt with a spread collar, short sleeves, button placket, curved hem, and 1 patch pocket."
11689,"Instacrush Women Multicoloured Striped Shirt Style Top with a V-neck, three-quarter sleeves, and button closure."
11690,Plum Green Tea Pore Cleansing Face Wash & Kajal with Sharpener suitable for all skin types.
11691,Pepe Jeans Girls Navy Blue Bootcut Light Fade Stretchable Jeans with five pockets.
11692,Pepe Jeans Girls Blue Skinny Fit Mildly Distressed Light Fade Stretchable Jeans with five pockets.
11693,"Indo Era Women Cream-Coloured & Orange Printed A-Line Dress with a round neck, short sleeves, hook-and-eye closure, flared hem, two pockets."
11694,Saree mall Off-White & Red Printed Kasavu Saree with a printed border and comes with an unstitched blouse piece.
11695,Puma Men Cream-Coloured Vertex Pro Nu Idp Running Shoes with SoftFoam + insole and mesh upper.
11696,Pepe Jeans Boys Black Printed WILL SS IP Round Neck T-shirt with short sleeves.
11697,Maybelline New York Fit Me Matte + Poreless Liquid Foundation - Natural Tan 320
11698,Puma Unisex Blue Future Runner Premium SoftFoam+ Sneakers with mesh base and leather overlays and PUMA formstripe branding.
11699,"Plum Green Tea Alcohol-Free Toner & Kajal with Sharpener is suitable for dry, normal and combination skin."
11700,Pepe Jeans Boys Blue Printed Round Neck T-shirt with short sleeves.
11701,Puma Men Purple Pacer Wave Idp Running Shoes with mesh upper and rubber sole .
11702,"Louis Philippe Sport Men Blue & Yellow Slim Fit Checked Casual Shirt with a spread collar, short sleeves, button placket, curved hem, and 1 patch pocket."
11703,Pepe Jeans Girls Navy Blue Flip Sequinned Round Neck T-shirt with short sleeves.
11703,Pepe Jeans girls' navy blue flip sequinned round neck T-shirt. Price: INR 649
11704,Genius18 men's white & black printed round neck T-shirt. Price: INR 499
11705,Puma men's black & yellow Spirit II FG football shoes. Price: INR 2274
11706,Pepe Jeans boys' navy blue & yellow checked casual shirt. Price: INR 749
11707,SG YUVRAJ boys' blue solid kurta with pyjamas. Price: INR 879
11708,Lino Perros women's blue solid three fold wallet. Price: INR 694
11709,Puma unisex grey & white St Runner V2 sneakers. Price: INR 2249
11710,Flying Machine men's khaki slim fit checked casual shirt. Price: INR 759
11711,Pepe Jeans boys' white & navy blue printed sweatshirt. Price: INR 699
11712,Pepe Jeans girls' blue bootcut mid-rise low distress stretchable jeans. Price: INR 749
11713,Pepe Jeans boys' white & blue regular fit printed casual shirt. Price: INR 649
11714,Puma women's black Urban Graphicster sneakers. Price: INR 1949
11715,Wild stone men set of 2 Code body perfumes. Price: INR 400
11716,Lapis O Lupo brown & pink colourblocked satchel. Price: INR 944
11717,Mast & Harbour men's navy blue & white printed round neck T-shirt. Price: INR 699
11718,Alcis men's black printed detail V-neck training T-shirt. Price: INR 499
11719,Flying Machine men's burgundy printed round neck T-shirt. Price: INR 549
11720,Alcis men's white solid slim fit round neck T-shirt. Price: INR 449
11721,MISH women's grey accordian pleated wide leg cropped palazzos. Price: INR 1499
11722,Puma unisex navy blue St Runner V2 sneakers. Price: INR 2924
11723,Tommy Hilfiger men's brown textured leather two fold wallet. Price: INR 1439
11724,Pepe Jeans girls' black self design sweatshirt. Price: INR 899
11725,Puma men's yellow & black FUTURE 4.4 football shoes. Price: INR 3749
11726,Pepe Jeans boys' blue solid hooded padded jacket. Price: INR 1999
11727,Pepe Jeans boys' navy blue faded casual chambray shirt. Price: INR 949
11728,ToniQ silver-toned star shaped drop earrings. Price: INR 411
11729,Puma men's black Force IDP sports sandals. Price: INR 1754
11730,FabSeasons unisex grey self design ascot cap. Price: INR 349
11731,Nauti Nati girls' off-white embroidered top. Price: INR 466
11732,SG YUVRAJ boys' black solid kurta with pyjamas. Price: INR 879
11733,Pepe Jeans boys' charcoal grey pure cotton mid-rise cargo shorts. Price: INR 749
11734,PUMA Motorsport unisex black Mapm Smash V2 sneakers. Price: INR 3599
11735,Puma unisex navy blue Caracal SD suede sneakers. Price: INR 3249
11736,Puma men's grey Progression Duo Idp running shoes. Price: INR 2599
11737,Alcis women's solid blue track pants. Price: INR 649
11738,Pepe Jeans boys' blue & white regular fit checked & acid washed casual shirt. Price: INR 749
11739,Lino Perros women's black solid three fold wallet. Price: INR 694
11740,Carlton London silver-toned rhodium-plated CZ studded link bracelet. Price: INR 464
11741,Raymond men's navy blue contemporary regular fit self design formal shirt. Price: INR 949
11742,Puma men's black Meteor Nu Idp running shoes. Price: INR 2274
11743,Pepe Jeans boys' white printed polo collar T-shirt. Price: INR 524
11744,Puma men's grey Carson Pro Idp  running shoes. Price: INR 2599
11745,Alcis women's navy blue solid slim fit running shorts. Price: INR 499
11746,Pepe Jeans boys' red printed ARSENE SS IP round neck T-shirt. Price: INR 499
11747,Alcis men's maroon printed round neck T-shirt. Price: INR 599
11748,Rain & Rainbow women's blue printed A-line kurta. Price: INR 1679
11749,Flying Machine men's blue slim fit checked casual shirt. Price: INR 919
11750,Puma men's maroon Max IDP running shoes. Price: INR 2274
11751,Pepe Jeans boys' black printed round neck T-shirt. Price: INR 499
11752,KID1 girls' & green pink embroidered kurta with dhoti pants & dupatta. Price: INR 1402
11753,hummel men's grey printed hooded sweatshirt. Price: INR 1199
11754,Pepe Jeans boys' blue washed mid-rise denim shorts. Price: INR 1189
11755,U.S. Polo Assn. men assorted printed trunk. Price: INR 295
11756,Puma men's white synthetic 19.1 bowling cricket shoes. Price: INR 8999
11757,Pepe Jeans girls' blue skinny fit mid-rise clean look jeans. Price: INR 949
11758,Puma women's Urban Graphicster sneakers. Price: INR 1949
11759,Pepe Jeans girls' navy blue heavy fade stretchable jeans. Price: INR 1999
11760,Pepe Jeans boys' red printed round neck T-shirt. Price: INR 499
11761,Pepe Jeans boys' yellow printed round neck T-shirt. Price: INR 349
11762,SG YUVRAJ boys' white solid kurta with pyjamas. Price: INR 879
11763,Pepe Jeans boys' navy blue & white faded & striped cotton T-shirt. Price: INR 699
11764,PUMA Motorsport unisex blue printed Red Bull Racing Evo Cat II sneakers. Price: INR 3999
11765,Pepe Jeans boys' red printed round neck T-shirt. Price: INR 349
11766,Alcis women's black & charcoal grey printed detail hooded sweatshirt. Price: INR 1359
11767,Wild stone men set of 2 Code body perfumes. Price: INR 410
11768,Twisha boys' coral red & beige self design brocade weave kurta with dhoti pants. Price: INR 1529
11769,Twisha girls' orange shibori printed cinched waist top. Price: INR 699
11771,"Alcis Men's black solid running sweatshirt with a mock collar, long sleeves, and zip closure, made with Antistatix and Drytech+ technologies, priced at INR 1039."
11772,"DressBerry Women's tan brown solid pointed toe pumps with synthetic upper, cushioned footbed and slim heel, priced at INR 2199."
11773,"Louis Philippe Sport Men's mustard yellow and green self-checked smart casual shirt with a spread collar and one patch pocket, priced at INR 1592."
11774,"Puma Women's black Aeon Play sneakers with lace-up detail, synthetic upper, and cushioned footbed, priced at INR 5249."
11775,"Puma Unisex black Rigel IDP sneakers with lace-up detail and canvas upper, priced at INR 1539."
11776,"Lapis O Lupo tan brown solid sling bag with a zip closure and a non-detachable sling strap, priced at INR 655."
11777,"Pepe Jeans Boys' navy blue regular fit printed casual shirt with a spread collar, priced at INR 699."
11778,"Pepe Jeans Boys' multicoloured striped casual shirt with a spread collar and one patch pocket, priced at INR 649."
11779,"SG YUVRAJ Boys' blue solid kurta with pyjamas, featuring a shirt collar and drawstring closure, priced at INR 879."
11780,"Pepe Jeans Boys' green & blue checked casual shirt with a spread collar and one patch pocket, priced at INR 749."
11781,"Raymond Men's brown & black slim fit printed formal shirt with a spread collar and one patch pocket, priced at INR 1034."
11782,"Pepe Jeans Boys' blue regular fit printed casual shirt with a spread collar and one patch pocket, priced at INR 699."
11783,"QUIERO Women's off-white & navy blue printed basic jumpsuit with a V-neck and concealed zip closure, priced at INR 963."
11784,"MISH Women's navy blue solid woven maxi dress with embellished and tie-up detail and a V-neck, priced at INR 2999."
11785,"Genius18 Men's black & grey melange colourblocked hooded sweatshirt with two pockets and a zip closure, priced at INR 874."
11786,"SG YUVRAJ Boys' coffee brown solid kurta with pyjamas, featuring a shirt collar and drawstring closure, priced at INR 879."
11787,"Indo Era Women's off-white & blue printed A-Line kurta with palazzos, featuring a round neck and partially elasticated waistband, priced at INR 1165."
11788,"Alcis Women's charcoal grey & black printed detail hooded sweatshirt with fleece lining, made with antimicrobial technology, priced at INR 1359."
11789,SEIKO Unisex white & brown round solid analogue wall clock QXD214B made of Plastic.
11790,"Lino Perros Blue solid handheld bag with a zip closure and a detachable sling strap, priced at INR 1478."
11791,Louis Philippe Red solid bow tie.
11792,"Pepe Jeans Boys' green printed sweatshirt with a mock collar and zip closure, priced at INR 799."
11793,"Pepe Jeans Girls' dark light fade navy blue skinny fit low distress stretchable jeans with 5 pockets, priced at INR 1099."
11794,"Pepe Jeans Boys' off-white, blue and red printed T-shirt with a round neck, priced at INR 699."
11795,"STREET 9 Women's red & white striped basic jumpsuit with ruffled and pleated detail and a square neck, priced at INR 569."
11796,"Lapis O Lupo tan brown solid handheld bag with a zip closure and two main compartments, priced at INR 815."
11797,"Flying Machine Men's black & off-white printed casual shirt with a spread collar and one patch pocket, priced at INR 719."
11798,"QUIERO Women's rust red striped semi-sheer boxy top with a square neck, priced at INR 861."
11799,"Hidesign Men's black textured leather belt with a tang closure and 6 months warranty, priced at INR 1746."
11800,"Louis Philippe Sport Men's blue & green checked semiformal shirt with a spread collar and one patch pocket, priced at INR 1474."
11801,"Alcis Men's navy blue printed T-shirt with a round neck, made with Dry tech technology, priced at INR 499."
11802,"Pepe Jeans Boys' blue printed T-shirt with a round neck, priced at INR 699."
11803,"Puma Men's navy blue solid Progression Pro Idp SoftFoam + running shoes with lace-up detail and mesh upper, priced at INR 1399."
11804,"Puma Men's black Hybrid Fuego running shoes with HYBRID FOAM cushioning and lace-up detail, priced at INR 4199."
11805,"Pepe Jeans Boys' dark light fade blue slim fit mid-rise stretchable jeans with 5 pockets, priced at INR 949."
11806,"Pepe Jeans Boys' blue medium wash straight fit mid-rise clean look stretchable jeans with 5 pockets, priced at INR 749."
11807,"Indo Era Women's maroon and beige printed Anghrakha kurta with palazzos and dupatta, featuring a V-neck and partially elasticated waistband, priced at INR 1259."
11808,U.S. Polo Assn. Men Pack of 2 Assorted Briefs.
11809,"Pepe Jeans Boys' blue medium wash 5-pocket mid-rise clean look stretchable jeans, priced at INR 849."
11810,"Pepe Jeans Boys' brown solid mid-rise corduroy trousers with 5 pockets, priced at INR 1099."
11811,"Puma Men's grey Concave Pro Idp running shoes with SoftFoam+ sockliner and lace-up detail, priced at INR 2149."
11812,"Puma Unisex black Caracal Suede SoftFoam+ sneakers with lace-up detail and suede upper, priced at INR 2749."
11813,"Pepe Jeans Girls' medium light fade blue regular fit mid-rise stretchable jeans with 5 pockets, priced at INR 1299."
11814,"Alcis Men's white self design sports sweatshirt with a mock collar and half zip closure, made with Rapid Dry, Antistatix, and Drytech+ technologies, priced at INR 1039."
11815,"Pepe Jeans Boys' white printed T-shirt with a round neck, priced at INR 449."
11816,"Lino Perros Pink solid handheld bag with a zip closure, priced at INR 1677."
11817,"Puma Men's navy blue solid Pollux mid-top sneakers with lace-up detail and synthetic upper, priced at INR 3249."
11818,"Pepe Jeans Boys' blue and red printed T-shirt with a polo collar, priced at INR 524."
11819,"Pepe Jeans Boys' yellow solid padded jacket with a hood and concealed zip closure, priced at INR 1499."
11820,Lapis O Lupo Women Tan Solid Backpack with zip closure
11821,"Pepe Jeans Girls' white self-design T-shirt with a round neck, priced at INR 524."
11822,Aj DEZInES Boys' white solid party shirt with a waistcoat & bow tie
11823,"SG YUVRAJ Boys' coffee brown solid kurta with pyjamas, featuring a shirt collar and drawstring closure, priced at INR 879."
11824,Wild stone Men Set Of 2 Code Platinum Body Perfumes.
11825,"Pepe Jeans Girls' green self-design T-shirt with a round neck, priced at INR 399."
11826,"Moda Rapido Women's rust brown solid high-rise cargos with 4 pockets, priced at INR 1999."
11827,"Peter England Men's black self-design tailored fit single-breasted formal suit, priced at INR 3199."
11828,"Pepe Jeans Boys' blue solid hooded padded jacket with 2 pockets and zip closure, priced at INR 1749."
11829,"Puma Unisex black Rebound LayUp sneakers with SoftFoam+sockliner and lace-up detail, priced at INR 2999."
11830,"Jompers Men's blue woven design straight kurta with a mandarin collar, priced at INR 884."
11831,Saree mall Cream-Coloured & Red Foil Printed Kasavu Saree.
11832,Wild stone Men Set of 2 Code Bronze Perfumes.
11833,"Raymond Men's purple & blue checked formal shirt with a spread collar and one patch pocket, priced at INR 759."
11834,Pepe Jeans Boys' Blue & Black Striped Polo Collar T-shirt.
11835,"Pepe Jeans Boys' black printed pullover with a round neck, priced at INR 799."
11836,U.S. Polo Assn. Men Khaki Solid Pure Cotton Boxers.
11837,Saree mall Cream-Coloured & Maroon Printed Kasavu Saree
11838,Saree mall Cream-Coloured & Grey Floral Print Saree
11839,Puma Men Grey Pacer Wave Idp Running Shoes
11840,Lapis O Lupo Grey Self Design Handheld Bag
11841,Maniac Men Black Solid Slim Fit Knitted Sports Shorts
11841,Maniac Men's black slim fit knitted sports shorts.
11842,Pepe Jeans Boys' blue colourblocked sweater.
11843,Levis Men's navy blue sneakers.
11844,Levis Men's blue sneakers.
11845,Tommy Hilfiger Men's tan textured two fold wallet.
11846,Jack & Jones Men's yellow Lion King printed round neck T-shirt.
11847,Calvin Klein Jeans Men's blue slim fit mid-rise stretchable jeans.
11848,Fancy Mart Off-White & Green Artificial Tree Peony With Pot for Unisex.
11849,Calvin Klein Jeans Men's white solid round neck T-shirt.
11850,Sonari Pack of 2 full coverage bras in black and pink.
11851,Calvin Klein Jeans Men's white printed round neck T-shirt.
11852,Pepe Jeans Men's blue regular fit solid chambray casual shirt.
11853,Jompers Women's green woven design straight kurta.
11854,Sonari Pack of 2 full-coverage bras in maroon and pink.
11855,Levis Men's black sneakers.
11856,Calvin Klein Jeans Men's green solid round neck T-shirt.
11857,Parx Men's navy blue sneakers.
11858,FAUSTO Men's grey colourblocked leather mid-top flat boots.
11859,Calvin Klein Jeans Men's black solid joggers.
11860,Calvin Klein Jeans Men's teal blue & grey striped polo collar T-shirt.
11861,Tommy Hilfiger Men's Black solid convertible zip-off joggers.
11862,Belle Fille Women's white solid sheer shirt style top.
11863,612 league Girls' blue mid-rise low distress jeans.
11864,Belle Fille Women's navy blue & white striped A-line dress.
11865,Calvin Klein Jeans Men's navy blue printed slim fit round neck T-shirt.
11866,Aigner Women Too Feminine Eau de Parfum 30 ml.
11867,GUESS Women 1981 Indigo Eau de Toilette 100 ml
11868,ONLY Women's burgundy self design top.
11869,Calvin Klein Jeans Men's black printed round neck T-shirt.
11870,Belle Fille Women's mustard brown solid layered top.
11871,Pepe Jeans Men's navy blue slim fit stretchable jeans.
11872,Jompers Women's navy blue & beige woven design khadi straight kurta.
11873,DOROTHY PERKINS Women's black solid cropped trousers.
11874,Pepe Jeans Men's navy blue solid polo collar T-shirt.
11875,Sonari Pack of 2 full-coverage bras in maroon and purple.
11876,Vero Moda Women's black printed top.
11877,Levis Men's white sneakers.
11878,Levis Men's black synthetic leather mid-top sneakers.
11879,Calvin Klein Jeans Men's black solid polo collar T-shirt.
11880,Sonari Pack of 2 full-coverage bras in mauve and coral pink.
11881,Sonari Pack of 2 full-coverage bras in nude-colour and white.
11882,Pepe Jeans Men's off-white & grey printed round neck T-shirt.
11883,Deyann Men's blue self design Nehru jacket.
11884,Levis Men's white sneakers.
11885,Calvin Klein Jeans Men's navy blue solid track pants.
11886,Flying Machine Women's charcoal grey skinny fit high-rise cropped stretchable jeans.
11887,Wrangler Men's olive green solid hooded sweatshirt.
11888,Sonari Pack of 2 full-coverage bras in purple.
11889,Puma Men's black mesh metal knit running shoes.
11890,Levis Men's white solid mid-top sneakers.
11891,Belle Fille Women's off-white & pink printed sheath dress.
11892,Levis Men's white & red lace-up sneakers.
11893,Sonari Pack of 2 full-coverage bras in black and white.
11894,Vero Moda Women's blue solid denim casual shirt.
11895,Pepe Jeans Men's navy blue & mustard yellow checked hooded casual shirt.
11896,Calvin Klein Jeans Men's navy blue self-striped casual shirt.
11897,Puma Men's grey textile NRGY Neko Turbo CASTLEROCK running shoes.
11898,Calvin Klein Jeans Men's olive green solid polo collar T-shirt.
11899,Mochi Women's grey solid one toe flats.
11900,Sonari Pack of 2 full-coverage bras in pink and purple.
11901,American Crew Men's grey solid Henley neck T-shirt.
11902,Jompers Women's olive green & black striped straight palazzos.
11903,Ives Women's navy blue & white colourblocked shirt style top.
11904,Belle Fille Women's pink & green printed A-line top.
11905,Belle Fille Women's maroon solid A-line dress.
11906,Calvin Klein Jeans Men's black and white printed round neck T-shirt.
11907,ONLY Women's grey & black solid regular trousers.
11908,Pepe Jeans Men's green printed round neck T-shirt.
11909,ONLY Women's yellow & white printed round neck boxy Goofy T-shirt.
11910,Levis Men's navy blue suede sneakers.
11911,Calvin Klein Jeans Men's blue solid casual shirt.
11912,Pepe Jeans Men's olive green & blue checked reversible casual shirt.
11913,Calvin Klein Jeans Men's white printed round neck T-shirt.
11914,Fancy Mart Red Artificial Rosemarry With Pot for Unisex.
11915,AIGNER Man 2 Evolution Eau de Toilette - 30ml
11916,Calvin Klein Jeans Men's grey and blue printed round neck T-shirt.
11917,Jompers Women's sea green solid wide leg palazzos.
11918,Fos Lighting Gold-Toned & Transparent Textured Wall Lamp for Unisex.
11919,Calvin Klein Jeans Men's black placement brand logo printed T-shirt.
11920,Caprese Navy Blue & Brown Colourblocked Shoulder Bag
11921,Ahalyaa Women's brown & navy blue printed straight kurta.
11922,Sonari Pack of 2 full-coverage bras in pink and purple.
11923,"Studio Voylla Women Gold-Toned Brass-Plated Handcrafted Contemporary Drop Earrings for Women, priced at INR 1124 with 4 images, is made of Gold."
11924,"Belle Fille Women Green & White Polka Dots Print Shirt Style Top for Women, priced at INR 559 with 5 images, is Green in color."
11925,"Pepe Jeans Men Grey & Blue Printed Round Neck T-shirt for Men, priced at INR 649 with 5 images, is Blue in color."
11926,"Pepe Jeans Men Rust Printed Round Neck T-shirt for Men, priced at INR 599 with 5 images."
11927,"Pepe Jeans Men Off-White Printed Round Neck T-shirt for Men, priced at INR 499 with 5 images, is White in color."
11928,"Noble Faith Blue Washed Casual Shirt for Women, priced at INR 1699 with 6 images, is Blue in color."
11929,"Miss Chase Women Solid Pink Maxi Dress for Women, priced at INR 857 with 5 images, is Pink in color."
11930,"Calvin Klein Jeans Men White Printed Round Neck T-shirt for Men, priced at INR 1979 with 5 images, is White in color."
11931,"Sonari Pack of 2 Full-Coverage Bras celina for Women, priced at INR 920 with 4 images."
11932,"Tulsattva Women Navy Blue & Golden Solid Kurta with Sharara & Dupatta for Women, priced at INR 1192 with 6 images, is Blue in color."
11933,"Calvin Klein Jeans Men Red Printed Slim Fit Round Neck T-shirt for Men, priced at INR 2199 with 5 images, is Red in color."
11934,"Mochi Women Gold-Toned Solid Heels for Women, priced at INR 1990 with 5 images, is made of Gold."
11935,"PURYS Women Olive Green Solid Playsuit for Women, priced at INR 599 with 5 images, is Green in color."
11936,"Sonari Pack of 2 Full-Coverage T-shirt Bras cristina for Women, priced at INR 940 with 4 images."
11937,"BownBee Girls Navy Blue & Red Jacquard Woven Design Kurti with Dhoti Pants for Girls, priced at INR 1299 with 5 images, is Blue in color."
11938,"MISH Women Navy Blue A-Line Dress with Beaded Detail for Women, priced at INR 2339 with 5 images, is Blue in color."
11939,"Pepe Jeans Men Blue Heavy Fade Stretchable Jeans for Men, priced at INR 1649 with 5 images, is Blue in color."
11940,"Sonari Pack of 2 Bras afreen for Women, priced at INR 750 with 4 images."
11941,"Pepe Jeans Men Blue Declan Vapour Slim Fit Low-Rise Clean Look Stretchable Jeans for Men, priced at INR 1899 with 5 images, is Blue in color."
11942,"Belle Fille Women Pink Striped Detail Top for Women, priced at INR 499 with 5 images, is Pink in color."
11943,"Puma Unisex White Roma 68 OG Sneakers for Unisex, priced at INR 5599 with 5 images, is White in color."
11944,"Calvin Klein Jeans Men Navy Blue Printed Round Neck T-shirt for Men, priced at INR 3299 with 6 images, is Blue in color."
11945,"Metro Men Tan Brown Leather Shoe-Style Sandals for Men, priced at INR 2990 with 5 images, is Brown in color."
11946,"Levis Men Brown Sneakers for Men, priced at INR 3999 with 7 images, is Brown in color."
11947,"Levis Men White Solid Sneakers for Men, priced at INR 2799 with 7 images, is White in color."
11948,"Mochi Women Brown Solid Heels for Women, priced at INR 1030 with 5 images, is Brown in color."
11949,"Pepe Jeans Men Red & White Striped Slim Fit Round Neck T-shirt for Men, priced at INR 699 with 5 images, is Red in color."
11950,"Sonari Pack of 2 Full-Coverage Bras afreen for Women, priced at INR 750 with 4 images."
11951,"SEIKO White Round Solid Analogue Octogonal Wall Clock for Unisex, priced at INR 4800 with 4 images, is White in color."
11952,"Levis Men Navy Blue Lace-Up Sneakers for Men, priced at INR 5999 with 7 images, is Blue in color."
11953,"BEAT LONDON by PEPE JEANS Men Red Printed Slim Fit Round Neck T-shirt for Men, priced at INR 699 with 5 images, is Red in color."
11954,"Pepe Jeans Men Black Slim Fit Wrinkle Free Chinos Trousers for Men, priced at INR 1399 with 6 images, is Black in color."
11955,"Levis Men Brown Solid Sneakers for Men, priced at INR 2799 with 7 images, is Brown in color."
11956,"Levis Men White Slip-On Sneakers for Men, priced at INR 1399 with 7 images, is White in color."
11957,"Sonari Pack of 2 Full-Coverage Bras for Women, priced at INR 780 with 2 images."
11958,"Pepe Jeans Men Blue Slim Fit Low-Rise Clean Look Stretchable Jeans for Men, priced at INR 1899 with 7 images, is Blue in color."
11959,"Calvin Klein Jeans Men Grey Printed Round Neck T-shirt for Men, priced at INR 2089 with 5 images, is Grey in color."
11960,"Jompers Women Red Solid Wide Leg Palazzos for Women, priced at INR 699 with 6 images, is Red in color."
11961,"Chopard Women Brilliant Wish W Eau de Perfume 30ml for Women, priced at INR 2205 with 2 images."
11962,"Levis Men Navy Blue Sneakers for Men, priced at INR 3499 with 7 images, is Blue in color."
11963,"hummel Women Black Hooded Sweatshirt for Women, priced at INR 919 with 5 images, is Black in color."
11964,"Belle Fille Women White & Red Floral Print Regular Shorts for Women, priced at INR 499 with 5 images, is Red in color."
11965,"Puma Unisex White Pacer Next Excel VariKnit Sneakers for Unisex, priced at INR 3574 with 5 images, is White in color."
11966,"Pepe Jeans Men Burgundy & White Slim Fit Printed Round Neck T-shirt for Men, priced at INR 649 with 5 images, is White in color."
11967,"Calvin Klein Jeans Men Black Solid Round Neck T-shirt for Men, priced at INR 2999 with 5 images, is Black in color."
11968,"Ives Women Taupe Solid Shirt Style Top for Women, priced at INR 494 with 5 images."
11969,"Levis Men White Sneakers for Men, priced at INR 2999 with 7 images, is White in color."
11970,"Pepe Jeans Men Red Solid Polo Collar T-shirt for Men, priced at INR 749 with 5 images, is Red in color."
11971,"Pepe Jeans Men Navy Blue & White Regular Fit Checked Reversible Casual Shirt for Men, priced at INR 1299 with 5 images, is Blue in color."
11972,"Fos Lighting Gold-Toned Mini Torchiere Wall Lamp for Unisex, priced at INR 2775 with 4 images, is made of Gold."
11973,"Mochi Women Green Solid Kitten Heels for Women, priced at INR 1014 with 5 images, is Green in color."
11974,"Calvin Klein Jeans Men Grey Tapered Fit Mid-Rise Clean Look Stretchable Jeans for Men, priced at INR 7199 with 7 images, is Red in color."
11975,"Parx Men Blue Sneakers for Men, priced at INR 2499 with 5 images, is Blue in color."
11976,"Pepe Jeans Men Navy Blue Regular Fit Printed Casual Shirt for Men, priced at INR 1099 with 5 images, is Blue in color."
11977,"Calvin Klein Jeans Men Off-White Slim Fit Mid-Rise Clean Look Jeans for Men, priced at INR 4799 with 7 images, is White in color."
11978,"Calvin Klein Jeans Men Blue Printed Round Neck T-shirt for Men, priced at INR 1979 with 5 images, is Blue in color."
11979,"Calvin Klein Jeans Men Blue Slim Fit Mid-Rise Clean Look Stretchable Jeans for Men, priced at INR 7799 with 5 images, is Blue in color."
11980,"Parx Men White Sneakers for Men, priced at INR 1374 with 5 images, is White in color."
11981,"Puma Unisex Black Mesh Mid-Top Escaper Core Sneakers for Unisex, priced at INR 2974 with 5 images, is Black in color."
11982,"Levis Men White Colourblocked Synthetic Leather Mid-Top Sneakers for Men, priced at INR 6999 with 7 images, is White in color."
11983,"Jompers Women Turquoise Blue Solid Straight Kurta for Women, priced at INR 584 with 5 images, is Blue in color."
11984,"House of Pataudi Women Maroon Embroidered A-Line Kurta for Women, priced at INR 1499 with 4 images, is Red in color."
11985,"Calvin Klein Jeans Men Blue Slim Fit Mid-Rise Clean Look Stretchable Jeans for Men, priced at INR 7799 with 7 images, is Blue in color."
11986,"Levis Men Navy Blue Lace-Up Sneakers for Men, priced at INR 3999 with 7 images, is Blue in color."
11987,"612 league Boys Blue Solid Track Pants for Boys, priced at INR 574 with 4 images, is Blue in color."
11988,"ONLY Women Yellow & Pink Regular Fit Printed Parallel Trousers for Women, priced at INR 1199 with 5 images, is Yellow in color."
11989,"Pepe Jeans Men Black Self-Striped Sweatshirt for Men, priced at INR 1559 with 5 images, is Black in color."
11990,"Calvin Klein Jeans Men Black Slim Fit Light Fade Stretchable Jeans for Men, priced at INR 5999 with 7 images, is Black in color."
11991,"ether Men Navy Blue Slim Fit Anti Microbial Cotton Linen Shirt for Men, priced at INR 1299 with 7 images, is Blue in color."
11992,"Jompers Women Peach-Coloured Solid Straight Kurta for Women, priced at INR 1199 with 5 images, is Red in color."
11993,"Jompers Women Black Solid Straight Palazzos for Women, priced at INR 699 with 6 images, is Black in color."
11994,"Fancy Mart Green Artificial Coco Bonsai With Pot for Unisex, priced at INR 480 with 3 images, is Green in color."
11995,"Calvin Klein Jeans Men Grey Solid Straight Fit Joggers for Men, priced at INR 2749 with 5 images, is Grey in color."
11996,"Calvin Klein Jeans Men White & Black Striped Polo T-shirt for Men, priced at INR 2759 with 5 images, is Black in color."
11997,"Parx Men White Sneakers for Men, priced at INR 1999 with 5 images, is White in color."
11997,"Parx Men's white sneakers with lace-up detail, synthetic upper and patterned outsole."
11998,"Studio Voylla silver-toned and black contemporary jhumkas, silver-plated with a post and back closure."
11999,Vero Moda Women's coral pink self-design sleeveless top with a round neck and button closure.
12000,"Michael Kors Midnight Shimmer Eau de Parfum 100 ml, a rich, woody fragrance with notes of musk, jasmine, and vanilla."
12001,Studio voylla Women's Silver-Plated Oxidised Choker made of Brass with Drawstring closure.
12002,Sonari Pack of two full-coverage bras in pink and purple with non-padded and non-wired cups.
12003,Puma Men's grey mesh running shoes with lace-up detail and a textured outsole.
12004,Levis Men's brown sneakers with synthetic leather upper and high shock absorption.
12005,Pepe Jeans Men's blue solid polo collar t-shirt with short sleeves and a logo print.
12006,612 league Girls peach-coloured & black striped T-shirt with applique detail and short sleeves.
12007,Studio Voylla Silver-Toned Silver-Plated Contemporary Drop Earrings with a post and back closure.
12008,Studio Voylla Silver-Toned Silver-Plated Contemporary Drop Earrings with a post and back closure.
12009,Pepe Jeans Men's grey skinny fit low-rise jeans with a clean look and stretchable fabric.
12010,Sonari Pack of two full-coverage bras in magenta and khaki with non-padded and non-wired cups.
12011,Belle Fille Women's navy blue & white printed blouson top with a choker neck and short extended sleeves.
12012,Mochi Women's beige solid heels with a wedge heel and backstrap detail.
12013,Miss Chase Women's navy blue solid basic jumpsuit with a V-neck and sleeveless design.
12014,Sonari Pack of two full-coverage bras in maroon and purple with non-padded and non-wired cups.
12015,"Sonari Pack of two full-coverage T-shirt bras in maroon and white with non-wired, non-padded and seamless cups."
12016,Sonari Pack of two full-coverage bras in pink and magenta with non-padded and non-wired cups.
12017,Calvin Klein Jeans Men's black slim fit low-rise jeans with a clean look and stretchable fabric.
12018,Pepe Jeans Men's white & navy blue regular fit printed casual shirt with a spread collar and long sleeves.
12019,Levis Men's black sneakers with a leather upper and cushioned footbed.
12020,Ira Soleil Women's pink solid cropped bardot top with lace detail and long slit bell sleeves.
12021,Ira Soleil Women's white floral printed fit and flare dress with a round neck and short sleeves.
12022,Ives Women's taupe solid layered top with a V-neck and short sleeves with cut-out detail.
12023,DOROTHY PERKINS Women's black solid knitted treggings with an elasticated waistband.
12024,Sonari Pack of two bras in lavender and pink with non-padded and non-wired cups.
12025,Calvin Klein Jeans Men's white printed T-shirt with a round neck and short sleeves.
12026,Saadgi Women's white chikankari embroidered handloom straight kurta with sequinned and crochet detail.
12027,"Parx Men's white solid sneakers with lace-up detail, synthetic upper and patterned outsole."
12028,Sonari Pack of two bras in black and nude-colour with non-padded and non-wired cups.
12029,"Sonari Pack of two full-coverage T-shirt bras in black and maroon with non-wired, non-padded and seamless cups."
12030,INVU Women's black square sunglasses with UV protected blue lenses.
12031,Flying Machine Women's blue straight fit mid-rise jeans with a clean look and stretchable fabric.
12032,ONLY Women's navy blue & mustard brown striped casual shirt with a spread collar and long sleeves.
12033,Belle Fille Women's black & white printed T-shirt with a round neck and short sleeves.
12034,Saree mall Grey & Green Floral Print Saree with a solid border and an unstitched blouse piece
12035,Calvin Klein Jeans Men's blue athletic taper fit mid-rise jeans with a clean look and stretchable fabric.
12036,Jompers Women's mustard yellow solid wide leg palazzos with a slip-on closure.
12037,CAT Grey Iris 20'' Cabin Trolley Suitcase with silent spinner wheels and a TSA lock.
12038,Ishin Women's Off-White & Pink Block Print Kurta with Palazzos & Dupatta.
12039,Levis Men's brown solid sneakers with synthetic leather upper and cushioned footbed.
12040,Mochi Women's gold-toned solid kitten heels with an open back detail.
12041,Calvin Klein Jeans Men's white solid T-shirt with a round neck and short sleeves.
12042,"Puma Unisex blue sneakers with lace-up detail, textile upper and patterned outsole."
12043,Pepe Jeans Men's blue tapered fit low-rise jeans with a clean look and stretchable fabric.
12044,ONLY Multicoloured Striped Playsuit with V-neck and a fabric belt.
12045,Levis Men's brown sneakers with synthetic leather upper and cushioned footbed.
12046,Jompers Women's charcoal grey solid wide leg palazzos with a slip-on closure.
12047,Sonari Pack of two full-coverage bras in purple with non-padded and non-wired cups.
12048,Calvin Klein Jeans Men's blue solid polo collar T-shirt with short sleeves.
12049,Pepe Jeans Men's blue slim fit low-rise jeans with a clean look and stretchable fabric.
12050,Belle Fille Women's white & navy blue printed maxi dress with a round neck and sleeveless design.
12051,Calvin Klein Jeans Men's white printed T-shirt with a round neck and short sleeves.
12052,Chopard Blue Wish W Eau de Parfum 30ml.
12053,Ishin Women's Coral Red Embellished Kurta with Palazzos & Dupatta.
12054,Pepe Jeans Men's blue & black checked casual shirt with a spread collar and long sleeves.
12055,Calvin Klein Jeans Men's grey printed T-shirt with a round neck and short sleeves.
12056,Mochi Women's gold-toned solid sandals with an open back detail.
12057,Saree mall Grey & Pink Printed Saree with a woven design border and an unstitched blouse piece.
12058,Chopard Women Wish Eau de Parfum 75 ml.
12059,Saadgi Women's Red & White Chikankari Embroidered Handloom Sheer Straight Kurta.
12060,Calvin Klein Jeans Men's White & Green Solid Round Neck T-shirt with long sleeves.
12061,Calvin Klein Jeans Men's White & Black Colourblocked Monochrome T-shirt.
12062,"Sonari Pack 2 full-coverage bras in purple and white, non-padded cups."
12063,Calvin Klein Jeans Men's Black Solid Polo T-shirt with short sleeves.
12064,Calvin Klein Jeans Men's Grey & Black Colourblocked Polo Collar T-shirt with short sleeves.
12065,American Crew Men's Grey Solid Polo Collar T-shirt with short sleeves.
12066,Calvin Klein Jeans Men's Black Printed Round Neck T-shirt with short sleeves.
12067,Pepe Jeans Men's Blue Slim Fit Low-Rise Clean Look Stretchable Jeans.
12068,Sonari Women's pack of 2 full-coverage T-shirt bras in black and white.
12069,Mochi Women White Solid Heels with synthetic upper and wedge heel.
12070,Calvin Klein Jeans Men White Printed Round Neck T-shirt with long sleeves.
12071,Nike Men Black French Terry NSW CLUB Solid Joggers with elasticated waistband and 3 pockets.
12072,Ives Women Navy Blue & Golden Printed A-Line Kurta with V-neck and long bell sleeves.
12073,Sonari Women's pack of 2 full-coverage bras in white with adjustable shoulder straps and embroidered detail.
12074,Sonari Women's pack of 2 full-coverage bras in pink with non-padded and non-wired cups.
12075,Levis Men White Lace-Up Sneakers with leather upper and cushioned footbed.
12076,Studio Voylla Women Gold-Toned Brass-Plated Handcrafted Crescent Shaped Chandbalis secured with a post and back.
12077,Fancy Mart Unisex Yellow & Green Artificial Grass Bells With Pot.
12078,Puma Men Blue Textile Carson 2 Nature Knit Mid-Top Running Shoes with textile upper and cushioned footbed.
12079,Pepe Jeans Men Blue Seamus Soho Skinny Fit Low-Rise Clean Look Stretchable Jeans with button and zip closure.
12080,Studio Voylla Silver-Toned Drop Earrings and silver-plated Secured with a post and back.
12081,Calvin Klein Jeans Men Grey Printed Round Neck T-shirt with short sleeves.
12082,Pepe Jeans Men Maroon Printed Round Neck T-shirt with short sleeves.
12083,Calvin Klein Jeans Men Black Slim Fit Self Design Casual Shirt with a spread collar and long sleeves.
12084,Mochi Women Gold-Toned Solid Open Toe Flats with synthetic upper and cushioned footbed.
12085,Calvin Klein Jeans Men Blue Slim Fit Casual Shirt with a spread collar and long sleeves.
12086,ONLY Women Navy Blue & White Checked Cinched Waist Top with a round neck and long sleeves.
12087,Ishin Women Peach-Coloured Solid Kurta with Palazzos & Dupatta.
12088,Calvin Klein Jeans Men Grey & Rust Red Pure Cotton Slim Fit Checked Casual Shirt with a spread collar and long sleeves.
12089,Puma Men Grey Gamble XT IDP Mesh Sneakers with mesh upper and cushioned footbed.
12090,Calvin Klein Jeans Men Black Solid Round Neck T-shirt with short sleeves.
12091,Metro Men Tan Brown Leather Comfort Sandals with slip-on closure and cushioned footbed.
12092,Saadgi Women Maroon Chikankari Embroidered Sheer Straight Kurta with three-quarter sleeves.
12093,Pepe Jeans Men Grey Slim Fit Vapour Low-Rise Clean Look Stretchable Jeans with button and zip closure.
12094,INVU Men Rectangle Sunglasses T1902B with UV protected grey lens and metal full rim frame.
12095,Jompers Women Beige & Red Printed A-Line Kurta with three-quarter sleeves.
12096,Chopard Women Pink Wish Eau de Parfum 75ml with floral fruity fragrance notes.
12097,Moda Rapido Men Black & Teal Blue Colourblocked Round Neck T-shirt with short sleeves.
12098,ONLY Women Red & White Regular Fit Printed Casual Shirt with a spread collar and long sleeves.
12099,Sonari Women's pack of 2 full-coverage T-shirt bras in black and white.
12100,Levis Men Navy Blue Slip-On Sneakers with synthetic leather upper and cushioned footbed.
12101,Saadgi Women White Chikankari Embroidered Gota Patti Work Handloom Flared Palazzos with elasticated waistband.
12102,ONLY Women Brown & Burgundy Colourblocked Pullover Sweater with a round neck and three-quarter sleeves.
12103,Ahalyaa Women Green & Black Printed Straight Kurta with a boat neck and three-quarter sleeves.
12104,Sonari Women's pack of 2 white bras with adjustable shoulder straps and non-padded non-wired cups.
12105,Sonari Women's pack of 2 full-coverage T-shirt bras in pink and beige with non-padded and non-wired cups.
12106,Ira Soleil Women Red Solid Bardot Top with an off-shoulder neck and long sleeves.
12107,Puma Unisex Navy Blue Nucleus Run Peacoat-Silver Sneakers with mesh upper and cushioned footbed.
12108,ONLY Women Green Self Design Cinched Waist Top with a scoop neck and short sleeves.
12109,Belle Fille Women Navy Blue & Pink Striped Top with a round neck and short sleeves.
12110,Puma Unisex Black Flexracer SL Sneakers with synthetic upper and cushioned footbed.
12111,Pepe Jeans Men Navy Blue & Yellow Regular Fit Checked Hooded Casual Shirt with long sleeves and a button placket.
12112,Fancy Mart Unisex Pink & Green Artificial Tree Peony With Pot.
12113,Calvin Klein Jeans Men White Solid Polo Collar T-shirt with contrast short sleeves.
12114,Levis Men Olive Green Sneakers with synthetic upper and cushioned footbed.
12115,Calvin Klein Jeans Men White Solid Polo Collar T-shirt with short sleeves.
12116,612 league Boys Blue Regular Fit Mid-Rise Clean Look Jeans with button and zip closure.
12117,ONLY Women Navy Blue & White Printed Off-Shoulder Basic Jumpsuit with short sleeves.
12118,Sonari Women's pack of 2 nude-colour bras with non-wired and non-padded cups.
12119,Sonari Women's pack of 2 full-coverage bras in black with non-padded and non-wired cups.
12120,Sonari Women's pack of 2 full-coverage bras in black with adjustable shoulder straps and embroidered detail.
12121,Flying Machine Women Blue Straight Fit Mid-Rise Clean Look Stretchable Cropped Jeans with button and zip closure.
12122,United Colors of Benetton Girls Black Knitted Blazer with a notched lapel and button closure.
12123,Sonari Women's pack of 2 full-coverage bras in cream-coloured and white with non-padded and non-wired cups.
12124,INVU Men Green Rectangle Sunglasses B2911B with UV protected green lens and plastic half rim frame.
12125,Calvin Klein Jeans Men Blue Slim Fit Mid-Rise Clean Look Stretchable Jeans with button and zip closure.
12126,Pepe Jeans Men Blue Printed Slim Cotton Round Neck T-shirt with short sleeves.
12127,Belle Fille Women Maroon Solid Top with a V-neck and three-quarter sleeves.
12128,ONLY Women Red & Black Colourblocked Sweater with a round neck and short sleeves.
12129,Levis Men Navy Blue & Beige Colourblocked Slip-On Sneakers with canvas upper and cushioned footbed.
12130,Calvin Klein Jeans Men Green Self Design Round Neck T-shirt with short sleeves.
12131,Belle Fille Women Sea Green Solid A-Line Dress with a shirt collar and three-quarter sleeves.
12132,Pepe Jeans Men Beige Slim Fit Chinos Trousers with a flat-front design and 5 pockets.
12133,Pepe Jeans Men Black Solid Round Neck T-shirt with short sleeves.
12134,"Calvin Klein Jeans Men Khaki Regular Fit Solid Regular Trouders with button closure, zip fly and five pockets."
12135,ONLY Women Burgundy Solid Regular Top with a V-neck and short sleeves.
12136,SEIKO White Round Solid Analogue Wall Clock made of plastic.
12137,American Crew Men Charcoal Grey Solid Tailored Jacket with a hooded and zip closure.
12138,Kraus Jeans Women Blue Solid High Rise Paper Bag Trousers with Belt.
12139,Mochi Women Black Solid Heels with synthetic upper and block heel.
12140,Sonari Women's pack of 2 full-coverage T-shirt bras in white.
12141,"Sonari pack of 2 full-coverage bras for women, available in black and beige color"
12142,Calvin Klein Jeans white printed round neck T-shirt for men.
12143,Calvin Klein Jeans black solid round neck T-shirt for men with long sleeves.
12144,Miss Chase black solid basic jumpsuit for women with V-neck and sleeveless design.
12145,ONLY pink floral print A-line top for women with tie-up neck and long sleeves.
12146,AIGNER Women Pour Femme Eau de Parfum 30 ml
12147,Pepe Jeans blue vapor slim fit low-rise clean look stretchable jeans for men.
12148,Vero Moda blue skinny fit mid-rise clean look jeans for women.
12149,612 league white & red regular fit printed casual shirt for boys with mandarin collar and long sleeves.
12150,Sonari pack of 2 full-coverage bras for women in nude color.
12151,ONLY beige solid boxy top for women with tie-up neck and short sleeves.
12152,Calvin Klein Jeans red & white pure cotton checked casual shirt for men.
12153,Belle Fille peach-colored accordian pleats top for women with shoulder straps and button closure.
12154,Belle Fille burgundy one-shoulder solid playsuit for women with ruffle detail and long sleeves.
12155,Ahalyaa cream-colored printed straight kurta for women with a boat neck and three-quarter sleeves.
12156,Sonari pack of 2 full coverage bras in purple color with non-padded cups and adjustable shoulder straps for women.
12157,Saadgi peach-colored mukaish work handloom dupatta for women with an embellished border.
12158,Marvel by Wear Your Mind white and red printed T-shirt for women with a round neck and short sleeves.
12159,ESPRIT blue self-design slim fit casual shirt for men with a mandarin collar and long sleeves.
12160,Puma black mesh mid-top Brisk FR IDP sneakers for men.
12161,Miss Chase white solid basic jumpsuit for women with a round neck and sleeveless design.
12162,Jompers beige solid straight palazzos for women with a slip-on closure.
12163,Pepe Jeans beige solid mid-rise regular trousers for men with a button closure and 5 pockets.
12164,Pepe Jeans red & blue checked regular fit casual shirt for men.
12165,Calvin Klein Jeans white solid T-shirt for men with a round neck and long sleeves.
12166,Levis brown solid leather mid-top flat boots for men.
12167,Ishin grey foil print kurta with palazzos for women.
12168,Levis black sneakers for men.
12169,Calvin Klein Jeans blue colorblocked chambray casual shirt for men.
12170,Sonari pack of 2 full-coverage bras in black and maroon for women.
12171,Pepe Jeans blue regular fit chambray solid casual shirt for men.
12172,Pepe Jeans olive green & navy blue printed casual shirt for men.
12173,Calvin Klein Jeans white & blue checked casual shirt for men.
12174,Calvin Klein Jeans white solid round neck T-shirt for men.
12175,Puma grey sports sandals for men.
12176,Calvin Klein Jeans black & red checked casual shirt for men.
12177,Pepe Jeans black solid slim fit denim shorts for men.
12178,Puma navy blue mesh mid-top Dash IDP sneakers for men.
12179,Twisha girls teal blue & pink printed brocade weave basic jumpsuit.
12180,ONLY red & black checked woven shirt dress for women.
12181,American Crew black solid hooded sweatshirt for men.
12182,Sonari pack of 2 full-coverage T-shirt bras in maroon for women.
12183,Puma navy blue metal knit mesh running shoes for men.
12184,ONLY grey & black self-design knitted A-line dress for women.
12185,Ira Soleil grey solid sheer bardot top for women with an off-shoulder neck and long sleeves.
12186,Fancy Mart orange & green artificial fruit bonsai with pot.
12187,Calvin Klein Jeans blue printed polo T-shirt for men.
12188,Sonari pack of 2 full-coverage bras in nude and white for women.
12189,Mochi black solid sandals for women.
12190,Belle Fille blue solid layered bardot top for women with an off-shoulder neck and long sleeves.
12191,ESPRIT black regular fit solid cropped trousers for women.
12192,Jompers green & blue printed A-line kurta for women.
12193,Levis brown sneakers for men.
12194,Calvin Klein Jeans white printed round neck T-shirt for men with long sleeves.
12195,Sonari pack of 2 white bras for women.
12196,ONLY maroon solid biker jacket for women.
12197,MISH green & white comfort loose fit striped culottes for women.
12198,Levis yellow solid leather mid-top flat boots for men.
12199,Sonari pack of 2 bras in khaki for women.
12200,Levis silver-toned sneakers for women.
12201,Belle Fille blue & white striped cinched waist top for women.
12202,Ives navy blue solid shirt style top for women.
12203,Calvin Klein Jeans blue slim fit solid casual shirt for men.
12204,Calvin Klein Jeans black solid round neck T-shirt for men.
12205,Calvin Klein Jeans blue slim fit mid-rise clean look stretchable jeans for men.
12206,Pepe Jeans red printed round neck T-shirt for men.
12207,Belle Fille mustard yellow solid top for women.
12208,Pepe Jeans red solid polo collar T-shirt for men.
12209,Kraus Jeans beige & green printed casual shirt for women.
12210,Saree mall grey printed saree for women.
12211,Calvin Klein Jeans navy blue & purple slim fit checked formal shirt for men.
12212,Pepe Jeans navy blue & off-white regular fit printed casual shirt for men.
12213,Vero Moda black solid boxy top with lace detail for women.
12214,CAT grey Armis 20'' cabin trolley suitcase.
12215,Levis navy blue sneakers for men.
12216,Calvin Klein Jeans navy blue slim fit mid-rise clean look stretchable jeans for men.
12217,Calvin Klein Jeans black & white checked casual shirt for men.
12218,Pepe Jeans rust red regular fit solid casual linen shirt for men.
12218,"Pepe Jeans Men's rust red regular fit solid casual linen shirt with a spread collar, long sleeves, and one pocket, priced at INR 1499."
12219,"Levis Men's white round-toe sneakers with lace-up detail, priced at INR 2799."
12220,"Puma Men's black synthetic football shoes with lace-up detail, priced at INR 3399."
12221,"Calvin Klein Jeans Men's blue solid casual shirt with a spread collar and two flap pockets, priced at INR 4799."
12222,"Calvin Klein Jeans Men's blue solid regular fit casual denim shirt with a spread collar and two patch pockets, priced at INR 4199."
12223,"Fancy Mart unisex artificial milkweed plant with a white and green pot, priced at INR 471."
12224,"ONLY Women's blue daisy push-up skinny fit mid-rise cropped jeans, priced at INR 799."
12225,"Fancy Mart unisex artificial water plant with a brown and green pot, priced at INR 503."
12226,"Calvin Klein Jeans Men's pink and white striped polo collar T-shirt, priced at INR 2759."
12227,"BownBee Girls' green and yellow jacquard woven design Kurti with dhoti pants, priced at INR 1299."
12228,"Pepe Jeans Men's off-white printed round neck T-shirt, priced at INR 599."
12229,"Calvin Klein Jeans Men's black printed round neck T-shirt with long sleeves, priced at INR 4599."
12230,"Levis Men's brown solid Declan 2.0 sneakers with lace-up detail, priced at INR 3499."
12231,"612 league Boys' orange and navy blue checked casual shirt with a navy blue printed T-shirt, priced at INR 739."
12232,"Levis Men's navy blue sneakers with lace-up detail, priced at INR 2799."
12233,"Sonari Pack of 2 full-coverage bras in black and white, priced at INR 920."
12234,"Sonari Pack of 2 full-coverage bras in white with a bow detail, priced at INR 900."
12235,"Flying Machine Women's black Twiggy super skinny fit mildly distressed stretchable jeans, priced at INR 999."
12236,"Pepe Jeans Men's olive green and navy blue regular fit printed casual shirt, priced at INR 1099."
12237,"Calvin Klein Jeans Men's black solid round neck T-shirt, priced at INR 1979."
12238,"Indian Terrain Men's khaki urban slim tapered fit self-design regular trousers, priced at INR 1559."
12239,"Wrangler Men's grey melange solid hooded sweatshirt with two pockets, priced at INR 1757."
12240,"Flying Machine Women's blue skinny fit high-rise clean look stretchable jeans, priced at INR 1299."
12241,"Calvin Klein Jeans Men's black printed sweatshirt, priced at INR 6999."
12242,"Levis Men's black sneakers with lace-up detail, priced at INR 2999."
12243,"Calvin Klein Jeans Men's green printed round neck T-shirt, priced at INR 1979."
12244,"ONLY Women's yellow floral printed maxi dress, priced at INR 1119."
12245,"Calvin Klein Jeans Men's blue slim fit mid-rise clean look stretchable jeans, priced at INR 5399."
12246,"Belle Fille Women's black lace detail sheath dress, priced at INR 639."
12247,"SEIKO white round solid analogue wall clock made of wood, priced at INR 9100."
12248,"Levis Men's navy blue lace-up sneakers, priced at INR 2799."
12249,"Sonari Pack of 2 full-coverage bras in black with embroidered cups, priced at INR 920."
12250,"Flying Machine Women's blue Veronica skinny fit mid-rise clean look stretchable jeans, priced at INR 854."
12251,"Levis Men's navy blue sneakers with lace-up detail, priced at INR 2799."
12252,"ONLY Women's rose solid round neck T-shirt, priced at INR 599."
12253,"Puma Unisex black Flexracer sneakers with lace-up detail, priced at INR 2024."
12254,"Pepe Jeans Men's charcoal grey solid polo T-shirt, priced at INR 749."
12255,"Park Avenue Men's blue textured loafers, priced at INR 2999."
12256,"Pepe Jeans Men's white printed round neck T-shirt, priced at INR 449."
12257,"Fusion Beats Women's red and gold-coloured printed straight fit Palazzos, priced at INR 1033."
12258,"Puma Men's black textile mid-top running shoes, priced at INR 3299."
12259,"Sonari Pack of 2 bras in pink and white with a bow detail, priced at INR 780."
12260,"Sonari Pack of 2 bras in maroon and red with a bow detail, priced at INR 780."
12261,"Vero Moda Women's white and black striped shirt dress with a belt, priced at INR 1049."
12262,"Calvin Klein Jeans Men's white and black printed T-shirt, priced at INR 1559."
12263,"Miss Chase Women's solid mustard yellow sheath dress, priced at INR 849."
12264,"Ishin Women's mustard yellow embroidered straight Kurta, priced at INR 1349."
12265,"Pepe Jeans Men's grey printed pure cotton slim round neck T-shirt, priced at INR 599."
12266,"Calvin Klein Jeans Men's black printed round neck T-shirt, priced at INR 1979."
12267,"Belle Fille Women's black solid high-low semi-sheer top, priced at INR 499."
12268,"612 League Boys' grey solid joggers, priced at INR 629."
12269,"Vero Moda Women's black & white striped Bardot Top, priced at INR 874."
12270,"ONLY Women's white solid regular crushed effect top, priced at INR 919."
12271,"ONLY Women's burgundy slim fit solid peg trousers with a fabric belt, priced at INR 979."
12272,"ONLY Women's white and red checked top, priced at INR 919."
12273,"ONLY Women's green solid sweater, priced at INR 699."
12274,"Puma Unisex black Smash v2 Mid L sneakers, priced at INR 3149."
12275,"Belle Fille Women's white and blue striped blouson top, priced at INR 599."
12276,"Sonari Pack of 2 full-coverage bras in white with embroidered detail, priced at INR 900."
12277,"DOROTHY PERKINS Women Black Regular Fit Textured Cropped Trousers, priced at INR 871."
12278,"Vero Moda Women's white striped A-line top, priced at INR 874."
12279,"Belle Fille Women's navy blue solid maxi dress with crochet inserts, priced at INR 959."
12280,"Sonari Pack of 2 full-coverage bras in white with embroidered detail, priced at INR 920."
12281,"Sonari Pack of 2 full coverage bras in black and purple, priced at INR 750."
12282,"ONLY Women's white and navy blue striped casual shirt, priced at INR 719."
12283,"Calvin Klein Jeans Men's black printed round neck T-shirt with one pocket, priced at INR 1799."
12284,"Calvin Klein Jeans Men's black and beige checked casual shirt, priced at INR 3599."
12285,"Calvin Klein Jeans Men's black solid joggers, priced at INR 4949."
12286,"Sonari Pack of 2 full-coverage T-shirt bras in black and maroon, priced at INR 940."
12287,"Calvin Klein Jeans Men's blue & white slim fit printed casual shirt, priced at INR 3359."
12288,"Sonari Pack of 2 full-coverage bras in white and beige, priced at INR 920."
12289,"612 league Girls navy regular fit mid-rise clean look stretchable jeans, priced at INR 822."
12290,"Levis Men's white & navy blue solid sneakers, priced at INR 2999."
12291,"Pepe Jeans Men's white & charcoal grey regular fit checked casual shirt, priced at INR 1199."
12292,"Flying Machine Women's navy skinny fit mid-rise mildly distressed stretchable cropped jeans, priced at INR 1299."
12293,"Calvin Klein Jeans Men's blue regular fit solid casual denim shirt, priced at INR 4949."
12294,"Calvin Klein Jeans Men's blue solid polo T-shirt, priced at INR 2399."
12295,"Michael Kors Men Extreme Rush Eau de Toilette 120 ml, priced at INR 5715."
12296,"Pepe Jeans Men's blue printed slim fit V-neck T-shirt, priced at INR 649."
12297,"Puma Unisex Black Mesh Escaper Core Running Shoes, Price: INR 2974"
12298,"Jompers Women Mustard Yellow & Navy Blue Solid Kurta with Palazzos, Price: INR 1999"
12299,"Saadgi Women Red & White Handloom Chikankari Embroidered Straight Kurta, Price: INR 1470"
12300,"PRITA White & Navy Blue Beaded Handcrafted Multistranded Necklace, Price: INR 590"
12301,"Calvin Klein Jeans Men Black Printed Round Neck T-shirt, Price: INR 1679"
12302,"Studio Voylla Silver-Toned Drop Earrings, Price: INR 449"
12303,"Pepe Jeans Men White & Blue Printed Polo Collar T-shirt, Price: INR 899"
12304,"ONLY Women Navy Blue & White Regular Fit Striped Parallel Trousers, Price: INR 629"
12305,"Miss Chase Women Mustard Yellow Printed Top, Price: INR 815"
12306,"Calvin Klein Jeans Men White Solid V-Neck T-shirt, Price: INR 2299"
12307,"Calvin Klein Jeans Men Black & White Brand Logo Print Cotton Round Neck T-shirt, Price: INR 2999"
12308,"Flying Machine Women Navy Blue Regular Fit Mid-Rise Clean Look Stretchable Jeans, Price: INR 719"
12309,"Ether Men Blue Anti Slim Fit Microbial Filafil Shirt with Super Slim Collar, Price: INR 1099"
12310,"Calvin Klein Jeans Men Purple Solid Polo Collar T-shirt, Price: INR 2999"
12311,"Fos Lighting Brown Wicker Cane Dome Wall Lamp, Price: INR 3375"
12312,"Levis Men Black Sneakers, Price: INR 2799"
12313,"Pepe Jeans Men Black Printed Round Neck T-shirt, Price: INR 1199"
12314,"Sonari Pack of 2 Full-Coverage Bras celina, Price: INR 900"
12315,"Saree mall Pink Floral Print Saree, Price: INR 1044"
12316,"Calvin Klein Jeans Men Blue Body Skinny Fit Mid-Rise Clean Look Jeans, Price: INR 7199"
12317,"Calvin Klein Jeans Men Blue 027 Slim Fit Mid-Rise Clean Look Stretchable Jeans, Price: INR 7149"
12318,"Sonari Pack of 2 Full-Coverage Bras afreen, Price: INR 750"
12319,"Sonari Pack of 2 Full-Coverage Bras, Price: INR 780"
12320,"Calvin Klein Jeans Men Blue Regular Fit Mid-Rise Low Distress Stretchable Jeans, Price: INR 7799"
12321,"DKNY Women Nectar Love Eau de Parfum 100 ml, Price: INR 4410"
12322,"Flying Machine Women Charcoal Grey Skinny Fit Mid-Rise Clean Look Stretchable Jeans, Price: INR 764"
12323,"Levis Men Olive Green Solid Canvas Mid-Top Sneakers, Price: INR 2999"
12324,"Pepe Jeans Men White Solid Round Neck T-shirt, Price: INR 649"
12325,"Calvin Klein Jeans Men White Slim Fit Self-Striped Casual Shirt, Price: INR 3599"
12326,"ONLY Women Pink Self Design Fit and Flare Dress, Price: INR 979"
12327,"Fancy Mart Red & Green Artificial Fruit Bonsai With Pot, Price: INR 482"
12328,"Calvin Klein Jeans Men White Slim Fit Printed Round Neck T-shirt, Price: INR 2529"
12329,"Pepe Jeans Men Black Solid Cotton Hooded Sweatshirt, Price: INR 1559"
12330,"Ives Women Black & Purple Floral Printed A-Line Top, Price: INR 539"
12331,"Priyaasi Maroon Beaded & Handcrafted Necklace, Price: INR 615"
12332,"WESTCLO Women Green & Gold-Toned Printed Fit and Flare Dress, Price: INR 519"
12333,"Puma Men Black Mesh Supernal NU 2 IDP Asphalt Running Shoes, Price: INR 1949"
12334,"Calvin Klein Jeans Men Blue Solid Polo T-shirt, Price: INR 2579"
12335,"Levis Men White Sneakers, Price: INR 1539"
12336,"Puma Men Grey Solid Thong Flip-Flops, Price: INR 1624"
12337,"Saadgi Women Orange & White Chikankari Embroidered Straight Kurta, Price: INR 1470"
12338,"Puma Unisex Navy Blue Smash v2 Peacoat Sneakers, Price: INR 2399"
12339,"Sonari Pack of 2 Bras cristina, Price: INR 940"
12340,"Belle Fille Women Blue & Red Printed Layered Wrap Dress, Price: INR 759"
12341,"Caprese Peach-Coloured Solid Sling Bag, Price: INR 1169"
12342,"Sonari Pack of 2 Full-Coverage Bras afreen, Price: INR 750"
12343,"Calvin Klein Jeans Men Off-White & Grey Regular Fit Striped Pure Cotton Casual Shirt, Price: INR 3359"
12344,"Puma Unisex Black Nucleus Run-High Risk Red, Price: INR 2749"
12345,"Calvin Klein Jeans Men Black Slim Fit Solid Regular Trousers, Price: INR 4799"
12346,"Sonari Pack of 2 Full-Coverage Bras afreen, Price: INR 750"
12347,"Puma Men Black Textile Mid-Top Running Shoes, Price: INR 3249"
12348,"Pepe Jeans Men Grey Zoran Vapour Slim Fit Low-Rise Clean Look Stretchable Jeans, Price: INR 1899"
12349,"Calvin Klein Jeans Men Grey Slim Fit Mid-Rise Clean Look Stretchable Jeans, Price: INR 4799"
12350,"Satrani Purple Ready to Wear Lehenga with Blouse, Price: INR 866"
12351,"Pepe Jeans Men Navy Blue & White Regular Fit Striped Casual Shirt, Price: INR 1199"
12352,"Ishin Women Pink & White Foil Print Kurta with Skirt, Price: INR 1715"
12353,"FableStreet Women Mustard Checked Top, Price: INR 1516"
12354,"Pepe Jeans Men Black Solid Polo Collar T-shirt, Price: INR 749"
12355,"Levis Men Black Solid Basic 2.0 Sneakers, Price: INR 2999"
12356,"Saadgi Women Coral Pink & White Embroidered Handloom Sheer Straight Kurta, Price: INR 1350"
12357,"Studio Voylla Gold-Toned & Red Brass-Plated Contemporary Drop Earrings, Price: INR 1874"
12358,"Flying Machine Women Blue Veronica Skinny Fit Mid-Rise Clean Look Stretchable Crop Jeans, Price: INR 799"
12359,"Calvin Klein Jeans Men Blue Body Tapered Fit Mid-Rise Clean Look Stretchable Jeans CKJ 059, Price: INR 7799"
12360,"Calvin Klein Jeans Men Blue & White Printed Slim Fit Casual Shirt, Price: INR 3599"
12361,"ONLY Women Brown & Black Checked Top, Price: INR 804"
12362,"Nike Men Black Solid Standard Fit NSW CE PK BASIC DRI-FIT Tracksuit, Price: INR 2921"
12363,"Studio Voylla Women Silver-Plated Oxidised Contemporary Drop Earrings, Price: INR 377"
12364,"Calvin Klein Jeans Men Black Skinny Fit Mid-Rise Clean Look Stretchable Jeans, Price: INR 7799"
12365,"Ishin Women Mauve & Silver Mirror Work Kurta with Skirt, Price: INR 1977"
12366,"SEIKO White Round Solid Analogue Wall Clock, Price: INR 9100"
12367,"Mochi Women Black Textured Open Toe Flats, Price: INR 894"
12368,"Flying Machine Women Navy Blue Skinny Fit Mid-Rise Clean Look Stretchable Jeans, Price: INR 1299"
12369,"Puma Men Navy Blue Textile Mid-Top Running Shoes, Price: INR 2999"
12370,"Sonari Pack of 2 Full Coverage Bras afreen, Price: INR 750"
12371,"Kraus Jeans Women Navy Blue & Yellow Floral Print Bardot Top, Price: INR 649"
12372,"Sonari Pack of 2 Full-Coverage Bras, Price: INR 750"
12373,"Wish Karo Girls Sea Green Solid Fit and Flare Dress, priced at INR 1169."
12374,"American Crew Men Charcoal Grey Solid Henley Neck T-shirt, priced at INR 659."
12375,"Wrangler Men Grey Melange Solid Sweatshirt, priced at INR 1757."
12376,"Calvin Klein Jeans Men Beige Slim Fit Solid Chinos, priced at INR 4799."
12377,"Aigner No. 1 Eau de Toilette 30 ml for Men, priced at INR 1830."
12378,"Calvin Klein Jeans Men Blue Body Fit Mid-Rise Clean Look Stretchable Jeans CKJ 027, priced at INR 5999."
12379,"Wrangler Men Navy Blue Solid Sweatshirt With Pockets Detailing, priced at INR 1917."
12380,"Puma Men Olive Green Mesh Mid-Top Sneakers, priced at INR 1799."
12381,"Puma Men Brown Solid Thong Flip-Flops, priced at INR 2299."
12382,"Flying Machine Women Navy Blue Regular Fit High-Rise Clean Look Stretchable Jeans, priced at INR 1599."
12383,"Calvin Klein Jeans Men Navy Blue & White Slim Fit Striped Casual Shirt, priced at INR 5999."
12384,"109F Women Blue Dyed Straight Maxi Skirt, priced at INR 1299."
12385,"Flying Machine Women Blue Skinny Fit Mid-Rise Mildly Distressed Stretchable Jeans, priced at INR 899."
12386,"Levis Men White Leather Sneakers, priced at INR 1999."
12387,"Belle Fille Women Green Solid Top, priced at INR 499."
12388,"Pepe Jeans Men Black Printed Round Neck T-shirt, priced at INR 599."
12389,"Louis Philippe Men Multicoloured Regular Fit Printed Casual Shirt, priced at INR 1224."
12390,"Belle Fille Women Black Solid Top, priced at INR 599."
12391,"SWISS MILITARY Unisex Black & Black Solid Backpack, priced at INR 1388."
12392,"Sonari Pack of 2 Full-Coverage Bras afreen for Women, priced at INR 750."
12393,"Saadgi Beige Gotta Patti Dupatta for Women, priced at INR 880."
12394,"Calvin Klein Jeans Men Black Skinny Fit Mid-Rise Clean Look Stretchable Jeans, priced at INR 7149."
12395,"Indian Terrain Men Beige Urban Tapered Fit Self-Design Trousers, priced at INR 1679."
12396,"Calvin Klein Jeans Men Navy Blue Slim Fit Low-Rise Clean Look Jeans, priced at INR 4799."
12397,"Sonari Pack of 2 Full-Coverage T-shirt Bras cristina for Women, priced at INR 920."
12398,"Pepe Jeans Men Blue Regular Fit Mid-Rise Clean Look Stretchable Jeans, priced at INR 1799."
12399,"Calvin Klein Jeans Men Lime Green Solid High Neck Sports T-shirt, priced at INR 2999."
12400,"Calvin Klein Jeans Men Blue Slim Fit Mid-Rise Clean Look Stretchable Jeans, priced at INR 5849."
12401,"Sonari Pack of 2 Full-Coverage Bras celina for Women, priced at INR 920."
12402,"Saadgi Women Red Yoke Design Straight Kurta, priced at INR 695."
12403,"612 league Boys Grey & Blue Camouflage Printed Joggers, priced at INR 1395."
12404,"Ira Soleil Women White Solid Crop Jacket, priced at INR 549."
12405,"Sonari Pack of 2 Full-Coverage Bras for Women, priced at INR 770."
12406,"Sonari Pack of 2 Bras afreen for Women, priced at INR 750."
12407,"ONLY Women Green & Black Shirt Dress, priced at INR 979."
12408,"Mochi Women Rose Gold Solid Open Toe Flats, priced at INR 1014."
12409,"naughty ninos Girls Maroon & White Floral Printed Fit and Flare Dress, priced at INR 1999."
12410,"Saree mall Charcoal Grey Embelished Detail Lace Saree for Women, priced at INR 797."
12411,"Sonari Pack of 2 Bras afreen for Women, priced at INR 750."
12412,"Belle Fille Women Orange Solid Cinched Waist Top, priced at INR 499."
12413,"Calvin Klein Jeans Men Black Slim Fit Solid Casual Shirt, priced at INR 2999."
12414,"Carven Men Fragrance Gift Set (Edt 50ml+Balm100ml), priced at INR 2000."
12415,"Calvin Klein Jeans Men Khaki Regular Fit Solid Casual Corduroy Shirt, priced at INR 6599."
12416,"Pepe Jeans Men White Printed Round Neck T-shirt, priced at INR 449."
12417,"Wild Stone Men Set of 2 Ultra Sensual & Edge Deodorants, priced at INR 278."
12418,"Ishin Women Navy Blue Solid Kurta with Palazzos & Dupatta, priced at INR 2924."
12419,"beevee Men Khaki Regular Fit Solid Regular Trousers, priced at INR 759."
12420,"Belle Fille Women Burgundy Solid Layered Culotte Jumpsuit, has a square neck, sleeveless, two pockets, concealed zip closure, priced at INR 799."
12421,"Sonari Pack of 2 Full-Coverage Bras for Women, priced at INR 750."
12422,"Russell Athletic Green Hooded Sweatshirt for Men, priced at INR 1999."
12423,"Calvin Klein Jeans Men Navy Blue Solid Round Neck Mesh Panel Detailing T-shirt, priced at INR 1924."
12424,"Stupid Cupid Girls Purple Printed Round Neck T-shirt, priced at INR 374."
12425,"ONLY Women Black Self Design Cardigan, priced at INR 699."
12426,"Jompers Women Black & Red Floral Print A-Line Kurta, priced at INR 799."
12427,"Calvin Klein Jeans Men Maroon Slim Fit Solid Casual Shirt, priced at INR 3359."
12428,"612 league Girls Blue Solid Shirt Style Top, priced at INR 657."
12429,"Pepe Jeans Men Navy Blue & Off-White Regular Fit Checked Casual Shirt, priced at INR 1099."
12430,"Calvin Klein Jeans Men Cream-Coloured Solid Polo Collar T-shirt, priced at INR 3499."
12431,"Sonari Pack of 2 Full-Coverage T-shirt Bras cristina for Women, priced at INR 940."
12432,"Aigner Women Starlight Gold Eau de Parfum 100ml, priced at INR 3480."
12433,"Pepe Jeans Men Black & Grey Printed Slim Fit Round Neck T-shirt, priced at INR 749."
12434,"Pepe Jeans Men Navy Blue Printed Round Neck T-shirt, priced at INR 999."
12435,"Calvin Klein Jeans Men Black Solid Round Neck T-shirt, priced at INR 2499."
12436,"Levis Men Brown Sneakers, priced at INR 2799."
12437,"Levis Women Silver-Toned Solid Leather Mid-Top WESTERN FOLSOM Heeled Boots, priced at INR 5999."
12438,"Pepe Jeans Men Yellow Printed Round Neck T-shirt, priced at INR 449."
12439,"Sonari Pack of 2 Full Coverage Bras afreen for Women, priced at INR 750."
12440,"Pepe Jeans Men Blue Solid Kenzy Chinox Slim Fit Denim Shorts, priced at INR 1299."
12441,"Levis Women Black Printed Sneakers, priced at INR 3499."
12442,"Calvin Klein Jeans Men Blue & White Colourblocked Polo T-shirt, priced at INR 2759."
12443,"Miss Chase Women Floral Print Purple Maxi Dress, priced at INR 949."
12444,"Belle Fille Women Black & White Printed Semi-Sheer Bardot Top, priced at INR 599."
12445,"Puma Unisex Black Textile Mid-Top Walking Shoes, Price: 6299 INR, Primary Color: Black"
12446,"Levis Men White Sneakers, Price: 2799 INR, Primary Color: White"
12447,"Sonari Pack of 2 Full Coverage Bras afreen, Price: 750 INR"
12448,"Sonari Pack of 2 Full-Coverage T-shirt Bras cristina, Price: 920 INR"
12449,"Pepe Jeans Men Navy Blue Slim Fit Chinos Trousers, Price: 1199 INR, Primary Color: Blue"
12450,"Pepe Jeans Men Grey Solid Slim Fit Denim Shorts, Price: 1299 INR, Primary Color: Grey"
12451,"Puma Men Navy Blue & Red Brisk FR IDP Mesh Sneakers, Price: 2199 INR, Primary Color: Blue"
12452,"Metro Men Black Leather Formal Derbys, Price: 1479 INR, Primary Color: Black"
12453,"Levis Men Black Sneakers, Price: 2799 INR, Primary Color: Black"
12454,"Fancy Mart Multicoloured Artificial Tree Peony With Pot, Price: 412 INR"
12455,"Calvin Klein Jeans Men White Solid Round Neck T-shirt, Price: 1814 INR, Primary Color: White"
12456,"Pepe Jeans Men Navy Blue & Yellow Colourblocked Sweatshirt, Price: 1679 INR, Primary Color: Blue"
12457,"Calvin Klein Jeans Men White Slim Fit Printed Round Neck T-shirt, Price: 1979 INR, Primary Color: White"
12458,"Calvin Klein Jeans Men Grey Solid Polo T-shirt, Price: 2399 INR, Primary Color: Grey"
12459,"ether Men Blue Regular Fit Anti Microbial Cotton Linen Casual Shirt, Price: 1299 INR, Primary Color: Blue"
12460,"Levis Men Navy Blue Sneakers, Price: 2799 INR, Primary Color: Blue"
12461,"Twisha Girls Yellow & Orange Printed Top with Dhoti Pants, Price: 1699 INR"
12462,"Sonari Pack of 2 Full Coverage Bras afreen, Price: 750 INR"
12463,"ONLY Women Brown Solid Front Open Sweater, Price: 1999 INR, Primary Color: Brown"
12464,"Sonari Pack of 2 Full-Coverage Bras, Price: 750 INR"
12465,"Sonari Pack of 2 Full-Coverage Bras afreen, Price: 750 INR"
12466,"American Crew Men Grey Melange Solid Polo Collar T-shirt, Price: 659 INR, Primary Color: Grey"
12467,"Parx Men Navy Blue Sneakers, Price: 1999 INR, Primary Color: Blue"
12468,"Wish Karo Girls White & Cream-Coloured Embellished Fit and Flare Dress, Price: 881 INR, Primary Color: Red"
12469,"Calvin Klein Jeans Men Black & White Printed Round Neck T-shirt, Price: 1649 INR, Primary Color: Black"
12470,"612 league Boys Orange Printed Round Neck T-shirt, Price: 327 INR, Primary Color: Orange"
12471,"Sonari Pack of 2 Full-Coverage Bras celina, Price: 920 INR"
12472,"Sonari Pack of 2 Bras catwalk, Price: 780 INR"
12473,"American Crew Men Black Solid Polo Collar T-Shirt, Price: 759 INR, Primary Color: Black"
12474,"Ishin Women's Poly Silk Red & Golden Printed Anarkali Kurta, Price: 1715 INR, Primary Color: Red"
12475,"Miss Chase Women Solid Black Sheath Dress, Price: 1299 INR, Primary Color: Black"
12476,"GUESS Men 1981 Indigo Eau De Toilette 100 ml, Price: 2314 INR"
12477,"Calvin Klein Jeans Men Blue Regular Fit Solid Casual Shirt, Price: 3599 INR, Primary Color: Blue"
12478,"Sonari Pack of 2 Bras cristina, Price: 940 INR"
12479,"Pepe Jeans Men Navy Blue Printed Round Neck T-shirt, Price: 999 INR, Primary Color: Blue"
12480,"Vero Moda Women Black & White Checked Top, Price: 2299 INR, Primary Color: Black"
12481,"INVU Men Blue Aviator Sunglasses B2945B, Price: 2016 INR, Primary Color: Blue"
12482,"Sonari Pack of 2 Bras afreen, Price: 750 INR"
12483,"Belle Fille Women Olive Green & White Polka Dot Print Basic Jumpsuit, Price: 799 INR, Primary Color: Green"
12484,"Sonari Pack of 2 Full-Coverage Bras celina, Price: 920 INR"
12485,"Pepe Jeans Men Blue Printed Slim Pure Cotton Round Neck T-shirt, Price: 649 INR, Primary Color: Blue"
12486,"Laceandme Black Lace Non-Wired Lightly Padded Bralette Bra 4760, Price: 569 INR, Primary Color: Red"
12487,"Pepe Jeans Men Black Hammock Slim Fit Low-Rise Clean Look Stretchable Jeans, Price: 1299 INR, Primary Color: Black"
12488,"Mochi Women Gold-Toned Solid Heels, Price: 1990 INR, Primary Color: Gold"
12489,"612 league Girls Navy Blue & White Printed Regular Fit Denim Shorts, Price: 602 INR, Primary Color: Blue"
12490,"Bvlgari Men Aqva Pour Homme Marine Eau de Toilette 150ml, Price: 8950 INR"
